{"UCRXpbHnHElCpgjgopi_KP2g": "Gaming With Jegster", "UCSSBAFudl2W4yh74NBGyMaA": "Glennys Castillo", "UCURmLrl16UNWHkNpVxliqnw": "Giles Cheng", "UCBVD8HCzuxhcDDgLSZIN2Vw": "Gerrard Jones", "UCKXEsGdbDga-ZBzpYARw8PA": "Gizmo", "UC1CPvpoEgkSGmBuj-ox9PJQ": "Goodwill's Story_Roblox", "UCwF1vDcMaxvgO3vk-2j01Pg": "Game Clips", "UCgu5L39KiDKisIjakiUPTWg": "Gracie Bolin", "UCept41KQunPPrOV_qRU19mg": "Gregory T", "UCozX9-yXzGFHVueMZp4IwDw": "Greg Ayo", "UCYLYXkQTLbwBEINYLZj5Y1A": "GetMossed_Yt", "UCtqWRgA8ikU8N-OHCZGDBNg": "Ghz Asad", "UCqmTY9_7e-Ea6VJtFXcIuLQ": "Gisselle Flores", "UCddsiYb_NuCqKBOtFdLksVQ": "Gonzalo LoPez", "UCd0VmxgEGX8a8nw_Y30Bw6w": "Gajah Sakti", "UCdRrG_cuwB8ORWX-uVsIinw": "Greta Posavec", "UCk0XqdLsLaaIi2F1aGwq0zg": "Greer Dellinger", "UCyFGa5o-YmikScYVYP7_bAw": "Gleamey Gabionza", "UCEupbm5eENsgW_We8isOK-A": "Gill FF", "UC5gESnJ_eaenhgBlLqDfplA": "Glitchy Boy", "UCiINOOhLXazHtOX-vKy-MgA": "GearedForMusic", "UCjaoO17QW3UfUdXlqzNxC3A": "George_at_it", "UCcn8Rlp9EPhwYS_EfZ-SqqA": "Gavilancito Hern\u00e1ndez Arias", "UCiq0KAgEWctbQ_Q9CJSMQpA": "Golden State Inspections, Inc", "UCWPvgUlKeNYBvCDCfIV9Hsg": "Grim Reaper", "UCAHKDG_E4qdZWFZFIlCoX5g": "GeneAnkleHurtHisFrankel", "UCzslolIvXMgFzwNHax_rghA": "God is real", "UCKC6m2_pxuialh9uWx5p9Lg": "Grom8P", "UCpwrYfc24XPN1IF_reLEH8w": "Garrett Deuser", "UCG2ClSJkla-Ig8wOC4NqYPg": "GabiGulost", "UCHMyfvb1Mo4rxFjzJrnzG2Q": "Greg N", "UCW1HsTDnW6-472YvcXzhxvQ": "Gabriel Halliwell", "UCD1h7ii4z0p1WliAJpyo6fg": "Gatteka", "UCUFdGUIvjqSChLolnYdnUjA": "Georgiamay Lucic", "UCVUlpGKXWjdEBT6e2qVxlNg": "Glamour_ WigProdigy", "UCJh5Aw2xSu_nqOlT4IMy2jQ": "Gorvar Hadgarson", "UC1PnzlGhDPwQ1VwKzm2LblQ": "Grace Miller", "UCQWpqHCotuecbNVThs0sfyA": "GADGET GUARDIAN THE GAMER", "UC5uDEOfH7tED-rDkeLBXslA": "Gaming with Ralf", "UCVIZhUSMKeKKcddBpYO-aww": "George Korodimos", "UCoB_zmCK3_nK03L-aKdoMbA": "Guillaume Thevenot", "UCmnCP9DpjlMjTQxzkeZ6SHw": "Gordon McGregor", "UCyETkKW-RVzh0yGC5Kbb-Cw": "Gitanarosa", "UCHTJiZnqE2mzNRqXbUBSCsQ": "Geethanjali K", "UC4J8ycBjcF4h8ZnfbTOkFNQ": "Ginny Coleman-Saucier", "UCJzhb5IKjlN6xpGFyhcfGKA": "Golf Junkie", "UCtwM6m6taOfn9bYvfNV7-LA": "Gay Plastic", "UCsfgOyqFlYRS4KaT4uF2jxA": "Gabriel Eriksson", "UCUnt0JzkbMIyRz4Yngvy4xA": "Griffithe", "UCfNWuZ1BwfDJtp_a_a6FROQ": "G L U G", "UCPA3ZoWSOK7m2Wx-j1qoSow": "Gagan Nandeesha", "UCg3jSz48SsNADr7QAphK1dw": "Gria", "UCqGghRXYXvNDozVYaiKAWpw": "Gabe as GX", "UCV909gB05zydRj4OB8da0iQ": "Gul Bahar", "UCLzMpMKTNM7B-_5rlo-Wu5Q": "Gauri Singh", "UCvusTPMVnO7OSVrFJro4nZw": "Gareth Foulkes", "UC7oRwzkVlC0tIXTicZkrKcQ": "Gem", "UCrLiY77D8w8i1P51OBemLNQ": "Gambler", "UCLuieMqm-HwizsgSns3_G6A": "G Valentin", "UCjC1AyC4CG8FWiqE5I3sqNw": "Girl in the red scarf", "UCXFEgx8lPuKpxW4GHAU09IA": "General Dre GasGod", "UCIoLv_5mZn9MKKHe1Ws7nPQ": "Gaminboss2021", "UChd5dgDixh5ddcN3E4n-w9g": "Gemini Edwards", "UCoq51r1MUeO1bjGZ0L3uC_g": "Glenn keifer Vargas", "UC4g29WtYU_vn2EVcFSecBhw": "G0thic\u2022Sxm", "UCpqleGAmmGrIoFJCeoM1U4w": "Glumchum 11", "UCnK8sThNr0qymEPt99GKkIg": "GT Gaming", "UCbcNcHyKtKEtwVtYC2ZbMNw": "Gojo plays", "UCgoT7oRWoLcd0oYGlskYC7Q": "Georgia Heynderickx", "UCLC4Z3RaWDI9U_bYY2KvaJA": "Gen 4678", "UC-sLFfXiGiFjLTr_cnV3uOw": "GM64", "UCD8OxlQqqXWCyFp6aZtDdcg": "GrabsYou", "UCY27hIYpuMJA-yPg0Ef4qYQ": "Genghis Khan Wei", "UCmqZXobqgM6Sy2lJSY9DhCQ": "GP Chrisdest", "UCk3_fdqgi8ObXHnNMaG-UBw": "Ghosty\u2122", "UC0NMZHIzC8pilhG66z1GB4w": "Greenpixel", "UCrXDy0LilZVYBcnz17rlWCw": "Grace Ignacio", "UCG0vdG6Cq0_-Gz71dASlPpg": "Gamer 123", "UCOBKBms3rBR9tTIKNj7DWaw": "General Alien", "UCrDbalPaAC_KrDV7mPO2ozg": "George Hernandez", "UCcmgNjlfcWFZ00E6-e0NSFQ": "Glenn Elmer", "UCX-XMBdKXyzl7oZl1WVUr5g": "Gulnar", "UCqI42FcBlleXVxsyDDnNLBQ": "Gustavo Galindo", "UCZX7lu1iIQ8sEf_0ukyRvng": "Gio Bolt", "UC_OYY7V1e-f6PycWVR6IbtQ": "Gianmarco", "UCXBA2xM9IIcDtPR7n50cQmg": "General Skywalker", "UCrt2-AjJZnvbD-9adc9e-Ew": "Goo", "UCV2lvm94-Dzr4e2RmD7yJXA": "Green Playz", "UCWOgbI2t81jYT3P6OZuJu9Q": "George Titsworth", "UCYrl0MVZnG3y4mF3EMM_u_Q": "GARY ESTRADA", "UCjy4f3bK0G9y66MezYuLmNA": "Gaming PDP", "UC5ftZk_PWTvWXAHxppwQflg": "GalaxyDroidX", "UCRGQ517NG232Hw5fA7c8y7A": "Gabriel-KunYT", "UCUMeaSgY6qxeeMB70-Wmfww": "Grenville Phillips", "UCgQLng7A_HW4oH-dTMd275A": "Gracie and Caitlin Gl", "UCZfyGz3m0UasX2cICTgV7wA": "Gary Wilmoth", "UCX0UDu4NkO6GWwDw3pd_cXQ": "Gunnar Dragenson", "UC7R2gX0thw0EamVtkT_yYWg": "Generally Sweet", "UCldBwtvqXmTFLB5rw7F_Yrw": "Grace Official", "UCrk3id5sAYXa2FKRfeGl4Ug": "Giannetti Gregoria", "UC0nvo6FF5g8nlO74fJHBOLw": "Green Beluga", "UCHwhTgDgxNK__CqsB0h5XcA": "Griffin Tubridy", "UCTfO44O2rdpCCLOEiXljVcA": "Godzilla Gamer", "UCYv24b4ma3u57MVXB1qArBA": "GamingNubs", "UCmAHRTABTDJ3k67bMKvqOhw": "Gary Pues", "UC1r4k1ypA4xgU-yVlyiKWNw": "Gian Arradaza", "UC0WiqULJthsvjuPL5TeUA-A": "GFR AlokWPlays", "UCg_nAJPfOmCDe802S-GRLpA": "Glittergasmic TJ", "UCIOZ-LSGcdRjRJYuXR4LHDA": "Geric John M. Olivar", "UCIXp-wVZRl4MY0IhSbH8V7w": "Glu", "UCgwPp8mn5ObMwh4EOqd3rDg": "GeneralPet", "UCdHNHzGwnppGLIOuSvGNRhw": "Gerrardito Nyanda", "UCpwJ_abCyr6IRDosk2laT0A": "Galaxy_Space", "UCE-7XLVJbjHpEyeLSr9nTCA": "Ghost Gannon Art", "UCyPKw_OJSYJXXU1az4pcIiw": "GameR Playz YT", "UCIKrPvo75FC7w-KKLnKs31A": "Groovy", "UC8uXj-wTm67WqXgOc660qSw": "Garrett Shuman", "UCzze39H0Z0i6lEaRKV4sQVA": "George Harrison", "UCZ1DW-IDxhlC-_lzu0HDOYQ": "Gomi Kela", "UC6jP7zNDvfFhpFyGSwgEKYQ": "GODrei", "UC0q0_WyO13DiP_P3MeHb40Q": "Georgehotfound", "UCfOabHpZ9UCqb_X7DlNbFrQ": "GamingManiac", "UCUK5lL9FgnW3DsmXHJWHm-Q": "Grat\u00fcito\u00fcs\u00dcml\u00e4ut", "UCDxt66ZxdPvw3IXq-1TIPfg": "Girish Nayak", "UCqFYXFTdJKcDHBu7hcF7R4g": "General Croft", "UCSnS_Yj1fzEO_fkOZS0VwbQ": "Glory_in The_3rd", "UCpalDt07beCmvhuHs1j7bOw": "Gaia Cacciatore", "UCjVaAKCNv_x3Ui4TpNrr85Q": "Goldy Jamwal", "UCFPqhw3DZXXh2LQsh-XlwYw": "Gromlek", "UCxAjEl5DvEK9B8TksaXC6aA": "GxldHxney", "UCqHDiWgyhvt8ZmGTSvOqvpQ": "George Fotis Dramesiotis", "UCnk-Mnn98_PN98cRzl4w7Dw": "Gianni Mercer", "UCkuooKuOI4gEGqtWTFfy56w": "GatCat", "UC7A1MVQ8FvUqk6UTOe3jSGQ": "Grayson B", "UC7xTTS-nbh1Vshz36ODT_EQ": "Garf", "UCtygxDIhIjDfyLdYxEofZGA": "Gracie Ekpo", "UC2aZm4nZ_X75DhTBuXn947A": "Gentlemen Ninja", "UCYYeCyo8b3YLPc0MEz3w3lw": "Gesundheit With Jolandi", "UCdLVeeCiDhcR7gz_NuyFcug": "Grandeh", "UCvvz-M6UzZFWA4a6X9FI5iA": "Ghedneil Dagalea", "UC5Qvdp_TjvmYSWHXPtl_zLQ": "George Williams III", "UCn58_7eibY8wZ6MKP5FtgWA": "Gabriel Rojas", "UCgO0LG09E4JNo9XDvjyeSYg": "GraffitiTurtle", "UCfrxvM6vkJ47kmOOIpiCsYQ": "Greg Nixon", "UCgsJkTwFVoqDv8c5MT_khWA": "GR EG", "UChpaimIo1B7vqhn7hAIgfgA": "Gaby Vargas", "UCfiSAqbKVBWibMz4I_o6jGQ": "Get Jesus Christ to 100k Subs", "UC9OVSNK6ks-Hh0J6ueItWtg": "Geezy", "UCjOA1MQqH-O2KfdQjZdPd3A": "Going_Galaxy", "UCVFoiEiZG0BmXNCnVyhFYGg": "Georgie Bracey", "UCAVIaDdU3sPNRmWJ2Q6CbYw": "Glenn Paddock", "UCJGTKeZbTlJlu1oBrpsvGbw": "G\u00f6rkem \u00c7anak", "UCoHBgIQgXDYiygbrB6ZnYNA": "Gaming Phone", "UCpDcA3M5-rMLUucmLHQWrxA": "Gilbi Jon", "UCGWmLGPURULFstXqEMhCctw": "GD ZeZth", "UCHyCx8s64Ijf0ft0VuxBR5g": "Gummie Hickerson", "UC28UIZlrhoOKv9-y9oksW_w": "Grim Reaper", "UCfgZF1gbiku-HixLEq4fpuA": "Gabbielle Johanne Tamidles", "UCacgLCmZPi1-_heJtOYVoqQ": "Gianni Canzurlo", "UCY1sG9hL0xv56UpkqzZyxmw": "GEROGEA JANIS MANQUEIN LARA", "UClMoWYA2yB5T1w3CdR1eRNQ": "Garrett Monk", "UCZoHhM9sUFVF3E4KQmQNSmw": "G Van Doorn", "UCvocJS6cvFToWaDXMzAQGhQ": "Geno\u3010\u3052\u306e\u3011", "UCNteelgzx7QfjasNr3Z29TQ": "Gurleen Toor", "UCPepvGe_nGu6U9Jxl52DG9g": "Gunnison 36", "UCvPZOMp7CbEWaVq7VSsgU-w": "Galacto bombs", "UCsIQnOPN0w0NRAcFRjbDE8Q": "Green Planet", "UCyFrqd6J5f8AR3qNGh4DWZA": "Gamer king", "UCvgb4mCuUFAC4iQtq3DXw3w": "Gage Jernigan", "UCGDFSb_06sU_z8PT0Nxj2NQ": "Ginna Gutierrez", "UCXktYjVZWTH-tsiUyc53a4g": "Gacha_ Audie", "UCMZ98VWG26J1cTu3E16KxmA": "Gaea Valzado", "UC4T2DfKYG-XjZJ4ndowQvgA": "Genko", "UCyKcQmztPfNEV9RxdmYzJkg": "Giio TM", "UCsbFWRoJHH5Vi7T0eOWqO8g": "G World", "UCx216VX0jejyjE_hU1XLalA": "Gacha Brixit Biscuits", "UC_vi5cH0SlNhBbGfB_FOqzA": "Genuine Angus Beef", "UCDyfqMywGNS516-DgNg20xA": "GrapeJello", "UCHJAvM2ZSUhykhg_cC3sQtg": "General Kenobi", "UCkFRqMbvIpTublqJXuACoOg": "Georgia Hillbilly", "UC7YqnYhzpDOUbFrnRTlxfsA": "Gamerleopard", "UCQv5Lk6sCmxzByXlgTinGpQ": "Garrison Gomez", "UCuqPTJUHzY_ty9z2xuZxgfQ": "Gurvinder Badyal", "UCMwIjQ4ify-qFf-AP9zo4Qw": "Gamer Sticks", "UCIaTaab07LwHAMRkkJuEuCw": "GODMOTO ", "UCooHXH5IQvkF0H6Tqw7R6nA": "Gabriel A.", "UC4gxUBFUHsT877D29eKiyJA": "George Tate", "UCGgj_W1dQaoAq2goEBVaZdQ": "GriffinheartGaming", "UCNRCcagNr0c5Fc2HQwI4Hbw": "Garrett Besancon", "UCqTv6540tgJTFMWEnytD1OA": "Grim Sister", "UCNtdDtqPZXBHbokJCXGBwOA": "Gacha Ruin Lifes", "UCI1d2drNZq8o5hh9jreCE1w": "Gabriel Litzau", "UCjeG7QJx6tWl0ZwlWoUjUFQ": "Gregory Moni", "UC_mKIKaPeia5ZOsoQEpIffQ": "G.I PEPO", "UCq8VxrjuNWpoouLM_x5GItA": "Get reckt m8", "UC-th8uufLTDMYci0rZnV2hQ": "GhostemGhetto", "UCB6L-Mpp651PPM_DlziIHKg": "Guri jattt\ud83e\udd18", "UC0HZZBopIq0K_MY9sEkJi-w": "Griselda Lemus", "UCeat_Njb3MLK6C6XLaOutkA": "Guillaume Bazard", "UChVlvCsv69iCTsh4BCtwkHw": "GABY THE LADYBLOG", "UCAmB6hYttZGpmDxc1-xupmA": "Greta Reyerson", "UCnJMnUx5fneI3J5gv0snNyw": "Guts", "UCQ7C3vznoPvdsryXs9DNopQ": "Gatex 33d", "UCZGfNezguJDv--C7OcKxryw": "Gunnar Thiessen", "UCbzr8WL0wLqClPVzcOEjDIg": "Georgi", "UCFsYJpMzlpkMssaPNxZ2ulw": "Gaming Rubik\u2019s Liam", "UC8LDKqfa00DEUp7brzLirTA": "Griffin Creek", "UCVYsX_LjdXRSseJECNfXkNA": "Grondorn", "UChPP3gEYI1P0tjMH40SAtzw": "Guy Person", "UCbrYZ2-RNXEt_2SqfGu1tUA": "Gabe Shryock", "UCUgE81YKG3uXvGL-HFD461w": "Grace Edrial", "UC3fDCwOij-TdLLhqHiJpN4Q": "Gullzhin 99", "UCMhPaBQgiUHh3ZlHEc55JiQ": "Gabriel Milohanich", "UCixRwCTNtx4ycyWuRKdxW4g": "Grace Ellie", "UCxtGCvzA-5Sj3zILsyczbSg": "GamerCae SantiagoYt", "UCpyt4U-Gdqdkb-MAwWLX_uw": "Groot", "UCAiB_XiUHNfcReqShRdEISQ": "Gabriella Robb", "UCP2nuesx_fBFcQHK7jahuFA": "Gwendolyn hill", "UCDxTBSw5f_xjP-ngb2tL6og": "Goofballhero", "UCQCGzF4zZ6uoetgedyuRxdQ": "Greg Gonzalez", "UCoHbaPLnbrXJc9zGR0CJlOw": "Gero Bonnet", "UCD1l6R9ySRlnlUDgGu3OkCw": "Georgina Hayworth", "UCpijx8WDQxiCbc3d21nE0GA": "Grimm Jo", "UClb9h6NLfdxSSk85tGHC4MA": "GaViN JaCoBs", "UCR6XhtJZ6A5rs4pcBrsFJWQ": "Gabrielle Valerio", "UCrC9W46XCm4eYHHeWnWik7Q": "Glauco Castilho", "UCuJwrT0KEAJRUez-hYI9EmA": "Great Returning", "UCgc4ajCTg0z4C12ItbO0DCQ": "GW aditya:-)", "UCusutlbjuLd7N8yfYZy4_qg": "Gl1tchmast3r", "UCjsN24hHRUtfZsIO1F2pVVw": "Genesis Blount", "UCQ-SbOg1ENpVUl4dc4GLT3A": "Grimm", "UCtrvCJT8vA2lC3DW6bTVhJg": "Gayle Jackson", "UCm4iwhpOAvVXnt5n-PmgrCA": "GIOVANA GARCIA", "UCkV5dRxZfNGPZtjscpacqNg": "Grace", "UC2C5oDr2rJ4nrJXcTUt7iMQ": "Glitch Alpha Girl", "UCNQRrvnFCwrCfRYdQG-iFbQ": "Gratia Zion", "UCj0TbtUTTwenTi1fCiR0eKA": "Gustav Yttesen", "UC_NbqDJv7xUOA_0thHzB8zg": "Gucci seatbelt", "UCmejVGOPp_f0ERzsc6Iwo_g": "Gustavo", "UC1TSeGg1AI7JDh0zc2b-oQA": "GoodOld76", "UC34lUjhfM65_o5vF8WjanmA": "Grace", "UCckY4zMJggWkPePD0ymZJ1A": "GunTheGoldMiner", "UCWJW2SJSvNj-4n7cPcy6OUw": "Guli Parpieva", "UCtyPrskJTbUPg0OkE-WEVSQ": "Grae Cabase", "UC_h92w48zOr9WLSL_VTG17g": "Gamer FF", "UCBC7P4Y7X70UOIdNbmcFYnw": "GoD Z GameR", "UC3u0PzO9hS8sQ4EkRl7a5RQ": "Gerson Figaro", "UCl2Nq0BWmIObZQTcGr6bt3g": "Ghost", "UCrzlDhLr9nf-BU5kGVPpxjw": "Goro King Rus Eng", "UCrZEl46HMnF5Fr1dl52DjFQ": "Gil Perea", "UC9lXuVuXbWS4ges6zXzXIRw": "Galaxyplayz", "UC74xoLUjYhE1lYQHFI-uM5A": "Gobewon T", "UCpqiPPpO2It2yzEVshm61kg": "GRASS GRASS", "UCM19f98EbpJwfpsUPmtYfdg": "George999", "UCkXIVM2NeTmvgrIWx-geYDw": "Graham Ojala-Barbour", "UCJG2ynMJCR0rJW0vd4PhEFQ": "Georgel Damian", "UCwDrZSsvJIKA9Uykxr8OySg": "Graham Jones", "UCncv9mWX-55i_s916qvwuTA": "Good Life", "UCazifqJPYvVh5SlzFtllLiw": "Gregory Mirabella", "UCWrH3ts6lHnkVhO4nwA53eQ": "Grape Flavored Antifreeze", "UCjGxXQGoYiiYL6yN0kJ_tzA": "Gerald Stonks", "UCddVHKg-qRVtzff_TlqoYXA": "GUTS\u2022.\u2022.", "UC3vWiuJNOYwMqCrBNGUKlrQ": "Gabbo Verde", "UCsasQLmfZVZpL62_rImie6A": "Greg Secore", "UCez6GULZwSBj_f719F5Nq7Q": "GR33NY PLAYZ", "UCDCCtP70Wv2O88y3CuoBhQA": "Gabriel TS Gardner", "UCgwwKHWG8NpmNxteBMn2Pug": "Gaming with jack", "UCk1n3DuanIwIvVlWzKeOdmA": "GreySouls", "UCvuc0nUkk8gr0uSpjOdWHNw": "Guardian Knight", "UC_ZuvxgMLcbmfWXPFZNgntw": "Georgia Thomas", "UC1r8wj8e8JK5ukhOsNCsJdg": "Guadalupe Bravo", "UCVsnTJr3yq5lQ-QOSiNQxrg": "Green Eyes007", "UC-Teqar_-iPAxuAJK-uVrXA": "Golem.", "UCs04sCb4GxhIUrZwtKpPKhw": "Gustavo Smith", "UCLi26KO-FTa7gM1aCd_VZbg": "G. C.", "UCVCVxPjQ5yqFpc2B_75SUow": "Gregory Ballestero", "UCjuMHrOou2JOT-HcucuTC8w": "Grntmchl1989", "UCFVf6m6kdfHm2guTdyVECNA": "GreenRocksDay", "UCV7akEBq5JJgFIa2wFXlDyA": "Gemini Kincaid", "UCp3a_KVE2ZsDe3bkfnAw96Q": "Galaxy", "UCTnToEBEkx-OHkPnPmaQBoQ": "Galactic Ninja", "UCILy7w-exT8_XTsWes7NhOQ": "Ginny Osborne", "UCa1nYRMSu_o7-Grs8vjysMA": "Genens Minecraft", "UC8UEIaZNAnJdxGyfexbx8CQ": "Gloria Hufnagel", "UCPt_QRU3AiHE9qQfg8T-3mA": "Gabriel the Uninterested", "UCyBclvmf7Ddfh6hYLe25xCQ": "General Antwan Manco mayor", "UC4oHw3FXtFLkjWY0Roy7XlQ": "Games For Cykits", "UCyKRtkzBIGvBPA2YgPKOQOg": "GAME TIME", "UCPgr_bBjYTHv0_wDFdzs5kA": "Gary Williams", "UCRwsZ1xiI3TlEM1dNVzYytg": "Grey B.", "UCEVEPEObYmD-DnEuvY2YyFA": "Gaming with mrbosstfr", "UCDdOQrfqQFW-DQ9a9WvMNxA": "GARRY HYSLOP", "UC9M4GS0bQCBGNpx7HoaAWcQ": "Gary Morell", "UCg_7NqL-Fe7GYeFpRey0uOg": "Grey Ant", "UCFM9-Q6qzfeMp0eoHeYzmmQ": "Gaming Sudip", "UCtiLECwOd7SreSnF2ZsVRkQ": "Googly Goose", "UCr3qcgNaN1aow8yvr74x9WA": "Gellert_TV", "UCeLMITtzauEwBYhNQ-Xfv_w": "Galactic Nebula2677", "UCq3ADxtP94KaoN7Zu-fMa8Q": "Gold", "UCL9s7jWQ6HGw0apOT60-i8g": "Ginaa", "UCMrnrFiaw7EMkoZnINkeO6A": "GamerheadMatt matt", "UCw_e6WZ1LtrMgUoq6RU-gUg": "GamerPog2021", "UCdwwdri-jaGrxP9rkpqvTLw": "Galli0", "UCW1kdZuaNFwfMU1KO3L153Q": "Game Tester", "UCBlJDmGuUIK4_aS92GuVQ1g": "Goat Goat", "UCE-5Rh6KWvfEOdde1Feb2qQ": "Game Time with Max!", "UC40SptVQu5VV0CZ0bMLctiQ": "Gawr Gura", "UCAYwl5ALDPMjDnu24MwsajA": "GO Krafty", "UCro2Piia0w8oTaQkUMBUt5w": "Gavin D", "UCaO5582W36EKEVhSkWLM2mg": "Greg DeSena", "UCXDQYIKY3c6XJ4yZHajkPSg": "Gwen Patron", "UCmBfbMSaPAuSUZAhvUkLvrw": "Giancarlo Arabejo", "UCP3cgN7WLa1VFacI3mI1TQA": "Gurleen Kaur", "UCdgMIHCCzbtnXo8Q_r6ijnA": "Gary Lucas", "UCzJHBgLIG9QS0bt_o0JHvUA": "Gellica's Playground", "UC_4-LjP9Z5BswFFp-USzCHg": "Gabrielle Rodriguez", "UCSRIZxEIHgtAAIci1zJudUQ": "Gray Gander", "UCXt9LgO33BElPobPRyBsK5Q": "Gaming galaxy", "UCK7AO_LkOHipsEKdEpt0wkA": "Gilberto Medina", "UCILE1XgUJ7Uc_zV4elpRf2A": "Grunkle G.", "UC0cPRF7-Fuo1bTlZs3DKseA": "Granola Raspberry", "UCsy960s79v3gpJ20PSnm_Zg": "Gaming with Jonah roblox", "UCssdy4cAx_0UxWBXInoz_Ug": "Gabe", "UCjbLvo9zK6CPP7jHo-CimUQ": "Gladis Chavez", "UCwDC0mEfR_qGJ9MH57obXYQ": "Gabriel", "UCRhUbQclFWHVClekxMZODDQ": "GoOdBoY ML", "UC9uvEoHhK0wHkVTMQCcYB0w": "Gaston A Texier", "UCu9qDT9Jo6rNmvTNi80zT6g": "Gta Emil", "UCl1M6vASD7HkxoK9CmhrIEg": "Gunner Handler", "UC0Z1EClepvrB7s-PLs5hoOg": "Gisel Benavides", "UCLnJ8CmvfA0csZEcFWs0jYQ": "GSP", "UC8EvOjG_LWNd_0CsBLbTM2A": "Gettinemgaming", "UCJXKZ8asQYoeVH4RU4TXXpg": "Garrett D", "UCxqF9rBQVRuiTqsuI3FyQaA": "GDgarou", "UClPQbJuNHQsuPd2Oi1p6VKg": "G J", "UCyC_LaiMNZKfsNw-7YT2C1Q": "Gachaboygrep", "UC5Rs-kNAxH8jbrbQLgbZDLw": "Glen Savage quagmire", "UCef61pYJoQFBvrTOWHgb5dQ": "Gab", "UC_vK0FZYarW_UAjiaz7Z-Fg": "Glideboy", "UClO-a_bHPRkaF9tA7puDpEA": "George Kush", "UCGtYVdBdVtH30ZqQzi5VW8A": "GHOSTGAMER Az", "UCio7qeYcKTXaZVMD135vY8A": "Gemma Harrison", "UCAd2yQWFT56XJDuHqXhqgLQ": "Gamerkid11", "UC-o055Yok88JscDvDQegCUA": "Glizzy \u2764\ufe0f\u200d\ud83d\udd25", "UCBkQvjEpjiH0uVdzjoV2nfQ": "Golden_ Noobi", "UCv-GSgze4Os-w65d2AOavSQ": "George Silvio", "UChB3OiAEYJ6x_N1nsGOxmoQ": "Greeny", "UCpOWPZHzeRrm9mzHPQyJanA": "Guido Guido", "UC6F0LXliVH_w7RXw-bmcpJQ": "Gaige Chambers", "UCteMlm9VqfoNnW5DPUY0Ymw": "Gray Griffon", "UCYfRpU1R8Q3AaP4cXMIUbRA": "Gray !!", "UC2VeOqx40XtHA-V6eK0vkoA": "G.T.M.B.P.H", "UCDkgu2FHAgoOtW9XOx5ypHQ": "Geoffrey Orbegoso", "UCMCvnBbB6clMAu6HjBQUv6Q": "Gus", "UCIbiARJEsKsvBlfc1aJIHLw": "Gama Iwan", "UCf8d8AdOe4-8NjpKKkxP04Q": "Garfield", "UCUL0KXWtJTTQjcujhIbOslg": "Gertrude Lanny", "UCKUIpluELd9yPTdNeuXbGRg": "Gavin Macaranas", "UCYlJ8wiOQOHRqvR0h5oMyRA": "Gabriel", "UCoofeZ6XwYvvS3n_3rsdB5Q": "Gregory Wesley", "UC8tpML60mmealWsyFymsiTQ": "Gladys Joseph", "UCauQML1kkOVBf0LFvibX_TA": "Giant green destruction", "UCiWFXZkclkAYz74cHuBl8Nw": "Gideon Mele", "UCbHYxB-iE0Dt37l6198DPeA": "GeekEater", "UC797MHsiBWV1p_2Wu2OWIHQ": "Giovanni Tajek", "UCDZjNMON4AL1WEmVMfstIoQ": "Gaming lab", "UCqjDVUg7Q9X7eilb3KFMiJw": "GameGirl85", "UCCVwhcfb2DvE4sOVG91Wv0A": "Green Cow", "UCsfJ4ROAq7BlxM8fcmhR1Rg": "Good fnf mobile player \ud83d\ude0e", "UC428ni4WlYHdpZc8sJaEJPA": "Glitched*Gamer", "UCuX1JM3mEmKRnxrortS2KBw": "Ggcourt playz!", "UCA6dLJHZOM1VD4_GvIZ67Mw": "Gollum de Maison", "UCx374UG0GEWsChfvuks3o4Q": "Granddaddy o.g Wayne", "UCE060uB_a84yuoOx3ufcNHA": "GLC Nornes", "UCEsudBfaRsoxkJ9cZJZ72WA": "Gabodee", "UCJRRH8l4HvU0ZVOyBbsS9nA": "Giffy Pop", "UC89aXJj-VC4s6Zhn78rg_cA": "Giant rat Williams", "UCuCdvWfSL54HeRpwyWm5lxg": "Gennaro Giordano", "UC2QoZNDyxBVSdxAbNGIXe7g": "GamerBoy69", "UCEfP8wcrayaTdBO7pMScTMg": "Giuseppe Sabatelli", "UCgTfXQ_g4rB0f6N-_vdOzyw": "Guivlda Yashcal", "UCajjRRpDgdXcI2WL-M58cmg": "GGon77", "UCH22rUWFSR1_9SsNTonl1_w": "Gaby 2414", "UCn95a32KNFUAIADBThEatLA": "Gamerz", "UCIKMLuVTPD6kbdNK5LnXZug": "Gaven Tovar", "UCJEfP3rA90KWd3J_eDZsr2g": "Ghost miko", "UCSaJ5MBdO6_DcKjp_uXP73g": "Glaze", "UCSPrVEZmC7FoA0rFCOiMdyA": "G", "UC4CQqlDLTy50NvA__ic9cyg": "Ginny Harley Potter", "UCnVRbcfXqxvyVOZQ8I8Jq6w": "GUITARIST HXC", "UCuvEIlmxAXqq8Jps8am2Xgg": "GuYZz", "UCcaCDJvIPheziXF1segXvjQ": "Green Cupcakes", "UCLfoZwl4DDvt6clJxyTZYtg": "Gee She Kwang", "UCEzizyaoo0aEMLZ9WzyDyDA": "Gavin Spencer", "UCUBgijRns8ckMJhP9dEjPmg": "GHETTOENTERTAINMENTZ", "UC54QgJ_6Ddr1rQ709UrVEzA": "Gradon Weaver", "UCPhfLYOKwiDRc59lZTg06PA": "Grayson Kalingag", "UCibDTWRClgO6jRd7zhYxBnA": "Genesis Pledger", "UCxoc3EYdU_x_q-rEldE5qYA": "Garrie Richards", "UC7COBFYhvLlymofzY3aKQrw": "Garcello playz", "UC0Ppa3gs7g5_nHaU7VFwWmg": "Gracie Miller", "UC2Se9Tnh1Kskhf8z-c5wbMA": "Golnaz Tahayori", "UCzGvnYn2gQyvcuiSPh8rMuw": "Gamerkid_5 YT", "UCXpX8Sd9TCfHZQ7d0-_neJQ": "Gary Mugford", "UC6-UDtD84PXNTyKIQY8B5GQ": "Gvnady", "UCwebT2F8O_eMbQtdG4vVknQ": "Gopal Pillai", "UCp8_F7zBpZYqKtwC65w7v-A": "Ganii", "UCn7u78SspJklnbBNkngsjOg": "George Washington", "UCJXaCkmW7Fu6MMEo4iCfMuQ": "GG GG", "UCsuWF4lEbTkWgV9-S7jxYOg": "Gabriel Shen", "UCH6d04d3Qi619oe3nOV30QA": "Geeta Komar", "UCMBe0tCgm474qwFHLV5dRcw": "Ginger Vettel", "UCRL3zeswxRAQtq1XFxA7OgQ": "Gavin Murphy", "UCX6u35H2XHcyP6S6zUPYelw": "Grzegorz Kozak", "UCw7C8PuIyIDbG3ERWiFbiww": "GOT2BTHASHOES", "UCddJBtN7w5xPVAGonJTtxuA": "Gene Burnett", "UC5Hw-rgzTijVaz09a-McWCw": "Galaxy1437", "UCH-ab20SuHPezu3Lmx8gwDA": "Ghostly", "UC_kM5gMma_cq5EYYXvR_z-w": "Giorno Giovanna", "UCdZMA1Ejt7TAceaCWE5CMTg": "Galactic Trislan \ud83c\udf0c", "UCsfdHTnMfu1FiRvMgIgAsFQ": "Green Grass Gaming", "UCo2v5vxIJKhdHF7fSyBTf5g": "Gina F", "UCbtUWMycEQtf_BE51mBcXbA": "Gaming Bros", "UCDjApkxmFYuZNEJsxI1YdNw": "GGP", "UCPr5nXFtAoRc6SwV5iAE6JQ": "Goat Man", "UCWoIbIzRYPZ_F2LOmKcaczg": "Grandpa Alien", "UC3Av_TwRlEWAUI3QIB8vjgQ": "Gigi K", "UCzLYxuz7zvrZjUPpgxbNHwg": "Giyu Tomioka", "UCySQ0Yl3AdPU-JD4XHNJKuA": "Greg Shenker", "UCpeIa19ctrYniVFogaVHpjQ": "Gray Entity", "UCFfGfp70tFVyTcFcdrXXzPw": "Gilbert Serrano", "UCwAvKC-PRI_qeFKkOz0-kAQ": "Garrett Edens", "UCWCtWEHUoOlKYuCK6ZpMfOg": "Gemstone_", "UCwJrMQhLTZ4GLvqz0lavEbw": "Gabriel", "UCYLD5C-qKlHUK6OyMnMgHZw": "Gabe Catalfo", "UC_0Pi9Gkd-F7nTl8hlREGPA": "General Grievous", "UCg56RgV4A_SW8lG1t9EAZuQ": "GreenSharder", "UCecL-2WcOsrDdT2n1oJ7gOA": "Goldenbollocks", "UCdnr_vliJZExWIg6FgHoNFg": "Grandion", "UCELcyruckQIRLrGjNUOhT5g": "Gemma 2021", "UCVlgkeKYDro9zPELbX9nCZA": "Goher Saeed", "UCOqYD4vUjjo3YwFHrsED1fQ": "Gracie Griffith", "UCfIsInP5PB1F-YzTmD8dUPQ": "Gagz", "UCZ1k5op-h717S9KmmswdJEw": "Gilameir-4", "UClAWTRYAm2evCWfrmYvfjEw": "Gavin Howell", "UCumP8gSM5k4xWWPGMqT5XtA": "Gabe fryy", "UCs59gXlrNRtmmWYvRN79IjQ": "GamingWithADHD", "UCa8XhUL8_9PnRMDHs7j84Yw": "Graziella Morais", "UCfBLvC46qMorj1Gm7R4izKw": "Greichen", "UCWeEARj1AHr5zqFNf4L96Dg": "GeoCalifornian Obregon", "UCrJhjktzOhU04Xv97SCQ2Cg": "Gio B Network", "UCedCmNhdg0h99my9AFLnb4g": "Gibson mayer Pabon medina", "UCjyaaDoGU4FfHSFtN7b8hbA": "Gary Numan", "UCxt6597XIJvv5Ib6Iiofmig": "Giona Cantarutti", "UCgkkTwdyY03mGWwjQl8tnTg": "Grape-imations", "UC6g_KUYSGa8ELLO6H-YNMKA": "Gabrielle", "UC7Mf3De7mllsH5w3pr2QQQQ": "GAMEPLAY 4 YA", "UCORUMDuTzQx0Xo2ud29wsBQ": "Gabriel Darin Doli Purba 1520046", "UCuA5px-CZd4EYSezr32A2hQ": "Gh\u00f8s\u271e\u00d7", "UCbxQp22yK34dVpBlg5_VRvA": "Greekdj Greekdj", "UCZVdklWuD2mn5o-hvAa6b5w": "Gary Hinton", "UCwaUrMR3JVlbDleL4F5nHiQ": "Gatcha Fire", "UCr48mgELETI2w_uAph-M7EQ": "Gregory Haines", "UCDK3Y4J8uFnZP1FEgTjecoA": "GGmeGG GGyouGG", "UClMXy9IAajnszzSv8eKRnrA": "GAMING ALOT", "UC5hCYZxZFFt91jpcNPk6KUg": "Glitch_7812", "UCOPBeumttSNNPvpoPIMTVqQ": "Goggle Hero Omega Maple", "UCEF_IgwiCIcfVVGTunz0xfA": "Gacha_667", "UCA31gw4GRgGz8IgTCmPupzQ": "Gregory King", "UC7VusiFC3hPWxKzROv-FDhw": "GamerGod", "UCTUp_Vy6FKDEVGmtlVT6aFA": "GadgetsNGear", "UCIGqznLyy0r5m9nmJSmB4LQ": "Gisela Cordoba", "UCzXA7taQ4L1r3JPC8xB3EQw": "Greg", "UCQZbPcp-BCB1NpL4WWZ8jnA": "Garrett Brunner", "UCgKYcVmJP4tajyMe36F-8Iw": "Green party of Wakanda", "UClvrhOnBkfcp7_kP2tQe53g": "Gurn Blanston", "UCZnFMD-BRMaOKMLj0kVUx6w": "Gacha Cute", "UCDxRFIsG67q-AwLSchvr16Q": "GAMERBRO HARSHU", "UCefFC0dgEPIhEwEsM3KhM5Q": "Harry Robbins", "UCSaVC2onmibPjm9Q9S7sSbQ": "Harley Jennings", "UCHl4yk_gz6uPsiBuIVUGu2Q": "Hratom 11", "UCIf3kgeEnvPX83TNv3C0_jA": "Hazan ul Banna", "UCqC3Rk-W-S_qL_wnKOum4LQ": "HazelBoTedAp Gonzalez", "UCTLrZCptpwAGJsKfDhSOsGw": "Haydn Smith", "UCkYlWDiVV3WuysvdYnvcp9w": "Hakumu Akari", "UC531RE8_4DDdK1XPsVuNGfg": "Handbag Diva", "UCDMR9hwPCxtuVTnW7K-eLyQ": "HoneyBuzz", "UC_d6fxUnbCBPzkje-px_tNQ": "Haley Lavrack", "UCEQP1B0xAvTkNUw5YHE3CnA": "Harry Ellarby", "UCK18rMEUt5D5VkennNkWj2g": "Heazie", "UCICeJvd14VTbuUUvsLFJp3g": "Hiragana Shan", "UC-D70AmukXn-SYyWS5fyk3g": "Hardcore Bunny", "UCWJjGRPu0OiUp7sGmQu8TQw": "Hodon Yassin", "UCLFlYvfmZ5q_OmvuYOC_8ag": "Hiru n", "UCJ_1qCrUq1zhOzUfbrZ2XFA": "Hunter Tuggle", "UCs1HaIsuGBCIKE1wI4c2MXg": "Hikaru Katayamma", "UCgOWHaFvkX34lhCkHueQiEw": "Hank THE Patriot", "UCo3xeH_lwcnpOcXFQ18qTjQ": "Howard Hill", "UC8hyaaUHGa7_jL8PeHVTFug": "Haleigh Souza", "UC6ZOc0RxIIXsnyU3UgkhwuA": "Helmer", "UCdExPRIkZR4ReIUbomJwfbA": "Hugh Colledge", "UCUoPU7kr55Cvtx8mcebimjg": "Hyperius HD", "UCXohbCjaERSDAttvvqB2ZDQ": "Haudrauf Der zweite", "UC12-M6rLma7nnEdwilFQI1g": "H R", "UCSy_sSUuGaStW13zpbVBDTw": "HonoriusGames", "UCyEf1kQDFDsA4zpiP0Ab0Bg": "Holly Lynne", "UCstDhJmSr3B-lSrlKywRPRQ": "Heinz Heinz", "UCnfvrY5IKZO8cwqlbZoK1Vg": "Huong Pham", "UCYtgwzPayLXFm9-me7HJBdQ": "Havoc", "UCQEZpH23i4G1mr52gfAUHeA": "H0ckeykid2", "UCAWeBhRCdqn6tXESmsIkWkQ": "Huncas Martins", "UCBXcotLobJEH6hU20urMHjw": "Head Crab", "UCHFFvAcYAD9uX7nOlSKC_-w": "HRS", "UC6K7zWulae36gM5e6UMD0XA": "HubbaBubbaD", "UC3Y1fDA7AsmkJ73Dnvz61WQ": "Hyperspeed", "UCOq0NW6ey6gKqPMWMEEiGbA": "Heston C", "UCCQQI8-90NVFT7gM9adredw": "How to change name?", "UCMWCIBxWSpGD9oZ0uQEke-A": "Hayden Freyy", "UC5-qNWT4fH3C7O0_D67l9vg": "Henry Nelson", "UCIZ0P2qeS-3OTzl8ZTsWQBA": "Hadi Ashfaq", "UCaFWYGc8Lr-qDh72aM_JUVw": "Heather Warner", "UCnNlCYN3KgkBrECCXjyL6KA": "HerndonHimself", "UCmn4BIM0BbvJ_7FdkgfoD7A": "Hexadel", "UCBrxTvGrOKQQhXSlAA3vTHQ": "Himanshu Raj", "UCHIkTPwNRqq4iDH-jcnwxGQ": "Heidi Yip", "UCUibcoR4VGZKbfcWZmVeXIA": "Heyoka", "UCEPE8uu3qHTF9cu5cuAEZfg": "Hi", "UC7M3WqYPt4BCFFUGdhXasSw": "Hazel Emilia", "UCldEB9wqy4EGBG90NUo_87w": "Hector Alfonso linarez", "UC0gtQQS56wV-r9Sep4MCV9A": "Humaid Merchant", "UCmwu6UdJixX8JsoIq-B7ZuA": "Hannah Roebuck", "UCDL482hjDXlnaR6cgWDkBeQ": "Harley Hakimson", "UCsO1gI90Wfzcwa_PBPmq95Q": "Heart Glazzy Jobli", "UCxc07UP5oteamkYdLqzyQUg": "Herald of Chaos", "UCLgWU_d7-110igBAk6Wd6NQ": "H\u00e9ctor D \u0301 la Cruz", "UC45JFN9PoUda-uddGQl2GfA": "Hannah Gibson", "UCPQEae_WxEeXPqaCm-vBkeQ": "Hannah Baker", "UCqWVECQHoOPte7h9EGN-biQ": "Hellif Iknow", "UCWGCwkEys4ZBEOWBUXsx4nA": "Halo", "UCXuA_VB-pIN99guKD-ZQDAQ": "Harry Kanyilmaz", "UCU4Den2i-ZlyvV8FC279bQw": "HayaLuvsBangtan", "UCbcFCt4VEeaOvkjw8mHM6aA": "Hao Gamez", "UCERBlAAgVgW-SgpQBlbxjyg": "Heather 22", "UCWhzHBu_h3mSvq5njlnF8rA": "Hridoy Hardy", "UCz4_zAOjfrERGWKO6ElWCnA": "Hellsing Ghrey", "UC1tj3idw9i8InlSd6dmwjKQ": "Hoolimusic", "UCNopqcQuq6oF70mUiaydhww": "HappyPlays", "UCZLBoCMotjBH2WtjeyDeLTg": "Hugo F. N\u00fa\u00f1ez", "UCM-9fokZIuK-43UjvXLs00Q": "Happy Shooting", "UCRh6CIV0o8qdl8Jry8LVZiQ": "Henwo", "UCX6YQKaz8bcG1gZLsZPR_dw": "Hnin Si", "UCdfNbvtK36LjXgjroGlA_XQ": "Hazard Pay 35", "UCSk3kpy0E5LOS78h6Nw4Z1A": "Hoodie Hooligan", "UC9P4nCvnJXbDWdXu8UYDKeA": "Hehehudhfh Buddha", "UCj_D5AVBlHKqEr-p9etKM8Q": "HuMaNoId PhEnOmNoN", "UCU5EP5I6WvoZTAQSvyXYErQ": "Hannah Velier", "UC2pwqjQ3axoMs2cMSpSOSHg": "Harusrl", "UCSkiu68hUXxYi0NvMsqZHaw": "Hopu\u015b", "UCqPHgAVWgCkpYnK5_pm9t5w": "Herrie Keetman", "UCsrePwOj2b6BSDiqvvhZDSg": "HIllowder", "UCCvJD4vZA4AKxYPx8W0tIOw": "Himabindu Gadige", "UCwFvK6ZtTRyRkEpm2ZoZ-zQ": "Hockey kid 61", "UC0YOvExer4TEHY3f7Tbo0-Q": "Hannah Howke", "UCOHvShjJG4v5Sm0IPlTAXug": "Hayley Tobbell-Gair", "UCjaJAjlv8Z0GV8589XCNRRw": "Helen Montague", "UCbL8YJbxb_lcro_TOO1BMsg": "Help Fool", "UCQX3g7GjTuStvE1TVEu_TwQ": "Hasnain Mavia", "UCGyEzqu4xCs_tUM4qsypQzg": "Hector Javier Acosta Ibarra", "UCK_ap1ZaUQWANDjcoRIAPrQ": "Hey Its Sam", "UCrcZHHqVUxz5rS-7dyKyWDA": "Hoodinis Lil Sub", "UCx-rYCRTUXszWY1OZAuRwWg": "Harroo", "UCMnqEb4LaznZ3PkTLr--tyw": "Hudeyfa Abdi", "UCrB16soqhcykL8QqSTNXtFw": "Holly Hammond", "UCo9ZoHO6Hs0CCDbMqbGWuSA": "HolsovanUltimate", "UCiSJkv_vaTjD4aRxiVyj8yg": "Helloewoks\ud83e\udd2d\ud83d\ude00", "UCHMLCaveylACDvNHCyvJlVA": "Hemkumary Paul", "UCWyYsOHeLfoDwBo_VQir6XQ": "Hyoko Koi", "UCfJDtgOfDcB_1lYAWb621Sg": "Hamzah Mohammad Ali", "UC35x7YGPpERV7RLNd1dZXAg": "Hyperzion", "UCZCnUxjkj2Vov4dzgfmRcdQ": "HyugaThaG", "UCbhNHuB62VUTOmhKWdF147A": "HenryLeaf", "UCXcp_N17txL55qGOSfFXMXw": "Home Studio Basics", "UC1De8FDdltunkM08xyIIHlQ": "Hisoka Lion kalijain", "UC3AY87I5_gr06v0K9t_u-7Q": "Hunter Wallace", "UCWpQMoqE8tbjEIxTLBqM0Ww": "Heidi Benning-Bell", "UCXWLfJ2B0x37QnowCI9sjtg": "Heyitsjacob19", "UC0P-368YShlsyo25rkD0exQ": "Hammers2006", "UCntNWsOQhZ2a1X5NyskqFcQ": "Hector Araya", "UCQLGCalFdYL99j5LnbmTPPQ": "Hellz Nomad", "UCBObzADm7kJ9DmrcriF8QkQ": "Hazmat Henry", "UCjLVOU2MYGK6I73bZDyPU-w": "HylianNative", "UCzGJXW5lr1uQtfie_hWNlKw": "Hope Marcum", "UCF1aEta-2sq4AzNrfbGcXAQ": "Hanjiao Guo", "UChe1ludfytnWQo7HNiHtPug": "Haggai 3.", "UCe0fBU-t0fje4ju09NtCcjQ": "Hassan Shah", "UCcxdbh0E2nlW0QI29SxgoKg": "Hill Banx", "UCNeCNdLZIEIBoUd2KXOTC5Q": "H S", "UCoPDd8joSffJTQMGgSyGhbg": "Hyomi player", "UCpDAnHAYmfMi8XXHzqZcM5Q": "Heather Hyson", "UCtH4M21WutIIrj1bE6Pht2w": "HAMMAD AND ZULAIKHA", "UCW81emcm-_ZKHOELfBx0j5Q": "Herr St.", "UCBumiNqVdnq92ZxLGD4ILkg": "Hey Jessie !!!", "UCxnhT0YGqFjr_GUHEtu1r3Q": "Helluva Hazbin", "UCFtTstF7FD3RJDs3_47dm_A": "Hamiii Ozturkk", "UCrYICFhocK7Gz6-D5THf6YA": "HS", "UCzBLnpPmWjUJMpbKfJLSdFA": "Halija Vahaj", "UCCSuj4RbaNWEyA5FfwhrmaQ": "Hosanna Tandi", "UCrNFw28W1xlz8-op54O6b4g": "Hesi Fam", "UCL6aBpw0X3xZpImBYDujiuQ": "HXNEYXKING", "UCewsko7BfZ1b7ssId1B9Ntg": "Heather Moore", "UCLVHXZo-j6n1jZMJtmqJ17g": "Hedrix", "UCgS0WPl4IV8wVW7Ks4Btgbw": "Helen Saunders", "UC1vRH2QW8JlK_Op-JjnUPGA": "HARVEY QUINN", "UCUwLIUW2HeIPBBDM9Lcf05g": "Hannah Bautista", "UCcxF5KkicB6cTYBMBzYnOdQ": "Hopathor", "UC7Ad0ydMsqPAv3Dj8SCmZQA": "Humus and oil", "UCkDNpaGpa7fyfAdbd9FsV_g": "Harry Schaefer", "UCXqTDyPewQOniIh1ME63GOA": "Healy Rose", "UCmDAF4YoNbzj4A-56j-tfHg": "Homo Demon", "UCwA8lcQr_MP44hNfBUuDcgQ": "HyperFleX", "UCsLrrLEe-_VI16fci0I0DLg": "HridayGaming37", "UCyNAD74iX1-jO2Wjtvrf0mw": "H\u1eb1ng Th\u00fayy", "UCMi2HXHZ24cdDQiFJfY3HEA": "HAM Univ Admin", "UCiFA50B3zBxwETLjgHj_sVA": "Henry Uden", "UCp4wpYVfvR9mmQ7SWq98_Lg": "Harriet Feth", "UCT6-mJttLXqWvv6_WlEm4HQ": "Hadzai roon_3", "UC-P4BDV-TnB9s9UY3uuNBfQ": "Hasta la vista", "UC_tC6hH2B4tjorGB7b6PNFw": "Happy GreenApple", "UCUr1ztD_KCzh3ioGv5FQwfg": "Hedgehog of Dojima", "UCzrug6j7IZ6h-l6thLa0rWA": "Hu\u00e2n Qu\u1ed1c M\u1ea1nh", "UCDOMHocZUZorRPDlIacSmRA": "Hshsggshs Shsggshsns", "UCF8oxxCNkKrN4xD7UFOE8rA": "Hole in Dans Sock", "UCBG4S8O0zEiW4IiGbMHqtkA": "Hunter Aikens", "UCDIWDwQzanoE03QpVXmB4fA": "Ho\u00e0ng Roger", "UCe-oCh-9RxfByXCWD5Jiymw": "Harlem Harris", "UCJhQwNgo37kLXSdfNGvM8MQ": "Homeless Samurai", "UCr4wkPAibu1pHh0_E5v4H8w": "Hannah and Ava gaming", "UCtlWsL8FkdkbV2sDivnbliA": "HAYDYNN_the llama", "UCQGvRl5ZpXg0f1aneFL4i9Q": "HLD", "UCFJqYcBJtBwyRfYGLN6Mc4Q": "Heretic Grim", "UCASIYbWr5GWPTZGIBJSYF4g": "Hello PEOPLE", "UCjcO1JdIiKTkUxtU315wIVA": "Hugo Fourie", "UCEMZRGbWwL2hATdcf64gsrw": "Harvey Umali", "UCqeY9ZJZwyF6UBPnZt1iiHg": "Hyperspace", "UCyzpFghjIc5nvvWqnpyTqMg": "Harry Bassett", "UC9tXJscJ-Ek-BNBMIhLkGcQ": "Hector Blanco", "UCyFJYASz_coTuRIUcBPrqsQ": "Holy Heretic", "UCcsULn4bzHlj5761T0P0ZZw": "Hellberd", "UCSNagQOK9Pjd2RKfnzTJEmg": "Hay Haystack", "UC-lh66Kh7IbdmMCXcAXfF6g": "Hanis Nasruddin", "UCyVuT7_y_FSDYKQHYqQ6o5A": "Horacio Louie Factura", "UCv7OxRoPr_2iImwfn6hi-bw": "Hamer51", "UC77Vtn51OXR2DLeeKAYJh1A": "HBX", "UC6Ad6iIjzVptzOyp20TbIOA": "Heather Melliot", "UCaMR-1Iq2SYFZwZ-IcE5-qg": "High Tails YT", "UCMIRdlRIEEwaCFAOBu-QV4A": "Henry games", "UCvooAwmA0t8APXiT0FjgUew": "Husky and Me", "UCuolImpqm4XYD5zShPSgU_g": "Hamza Kastih", "UCN1yZO9KJspV-7pLhi8nwOA": "Heinrich Leroux", "UCJAbtVObfD8iTwesaki61CQ": "Harshita Fairytale", "UCsiyCUGnZnMX5B1i-INtu6A": "HyperAlex7", "UCjzGDyrZXt1Az5326rqsqMA": "Hacktop 86", "UCVCxqnG2-U1ZeJz7BAJlyxw": "Huskyteers edit tv", "UCJZ0l5Ce57yU9Iko4tnUXog": "Haiasi", "UC5b8ZSChTHDGj0wZ5Xz93_g": "Hypnoto", "UCG15mzJqU6xHzXTEHB4Cj9w": "Henry Oussoren", "UC8MJSc_ZsiH_wRYAXt4lLaw": "Haz Hamster", "UCfBlFV69-QRNntRJt8qz6wQ": "Hannah Gwyn", "UCE_MFvAcxybcWSsBaoIVp7Q": "Hannahbelle", "UCllF8Ri3vBdN0zLEdGz0w9Q": "Huckleberry", "UC4kTq6Mc4P92ug14l2PnnUg": "Havya.M Gowda", "UC0xGfYKkQEBvvQ9AiOCVwmw": "Hades King Of The Underworld", "UCFGRH5q0wh36WaZeBnNPX7g": "Hugh Egg", "UCYLmO7iQOvU5iNi9DNrOk6A": "Hasi", "UCVIkEj8qrSRCaLq011n0CwQ": "Hyper chan", "UCdgl_dsu_SytCKTbH8Ovd7A": "Hailine valentijn", "UCTVEIVQc8DIiB4Wvl-7gEBw": "Hulk", "UCLrF194TCUWgk3XrprG8dSw": "Happy Loli", "UCiuRLq-LMPAdMRxltwAdYig": "HandMade_UwU", "UCUR4O2fqI0NQaE9n7jNCuSw": "Hans lawrence Sy", "UCZdZfq2x0cmiD-0_NsWUQaA": "HI", "UCvFsaroMrS2nMEJmJNBOLXg": "Harley Hamerton", "UCm3k9iTFv7mfYeR0wEGZDqw": "Harrisonian", "UClM-4P6LBoTJNBD7n_azX8Q": "HaZe SpRaYz", "UC_hmg2etfprSDp_gEe0lMcw": "Hamza Ibrahim", "UC0IC2T4Y8vm0qIfZGLl8gAg": "Halie N", "UCIW0MPbij3VDMb-OrvWzxBg": "H S", "UCGjYZRk3nCLPxdhkbqdrjyg": "HarlemGrown", "UCBqFLIJ2GS7Yg-rSE32K5wA": "Hillary", "UCcOI0sccqEo1dZNVK_JdNHw": "How to Basic", "UCWE3RyqmB8surBhBJ5zKkqw": "Harley Quinn", "UCjaKjKwsrCGHgaYzxutfC0w": "HulkVahkiin", "UCybh3pF-_WRZTLxzbIhoiMA": "Hugh Mann", "UC-L85dsjTZR4EdrBtYIBVTg": "Harvey Dodd", "UCYHN1t6cW_4-L4vFHLeinGw": "Here Comes That Boy", "UCvO-ONi01ATN6Xc33gzNdfw": "Hanah Fitzherbert", "UC0CZW3X6PyAhXSfGqKFuu5Q": "Harry Tyagi", "UCo-hVz9uGIn_rSH8aNO9oLg": "Hobbes Hobbiton", "UCpIG0vKFYyrdLwEmZprEEgA": "Heng Yu Ruo", "UCeC5x3p63G4Pk3xyi2g5Z8Q": "HallTheWall09", "UCNqyuliBbamY5zmTuf59Ajg": "Heather Friend", "UCHjafVTSe6Yz_15bJZmolug": "HB Happiness", "UCVlVPqWxjblkaml7oDBZCDg": "High Sparrow", "UCcu-kJPQARV_6flIZhjNIkw": "Hugo Guzman", "UCV1Ziz4u3mAJGjrkXeR9pEg": "H\u00f9ng Hoang", "UC-ODsCO2vTj28FBrGW8RIYA": "HOLLYWOOD BIG DADDY TRIPS", "UC2kDK9tWGXJIB2LWJpI8SAQ": "Hales", "UCzcgPLDVdzT68tcM7bqQcng": "Heckbent", "UCNqgiBUDDMpWKcETkFRG0nA": "Hiromi Koyama", "UCQcjpakpHC-_dGUwzUT-XhA": "Hugh Golez", "UC9UhojzZMO9WoqLxXJdEIcw": "Henry Betancourt", "UCsVK_X78kS0k6fUEY1L4-lw": "Hannah", "UCcyZxUpAodHGSjvoQbbihsQ": "Henrik Svensson", "UCK4QSWQpkeuocTWNZmTUm7g": "Holly Shaw - Ellie Mae & fosters", "UCzx6x8Mxj-enXhM2iqE9Uvw": "Hal Folwell", "UCpWpDURxCCGrzw4BWh2kQog": "HoodedChiliGhost", "UC5kArF5Re4_t9o4g_QJ_HPg": "Hei C", "UCYCJlqCPbhW0mk34kwiATSw": "HarryVlogs", "UCcCTZnf4mwqgQHIIuHyn5Hw": "Hajimebby Oj", "UC2tazH1qWtBdot6TCqlK9qQ": "Homeless to Greatness", "UCnzVCCzSgJ3tKTNlXQluYzA": "Hi", "UCSjHdRIjVoieuyTr9OrlLBA": "Hassam & mahnoor show!", "UCDNSAixuwBOfeyEvJ3oL0RQ": "Hurricane Rising", "UCA9LbLWnHZ1StYUrigQIbFg": "Hope Ware", "UC2N9cS0ZGkQWCc06fPS15bg": "Heimir Sigurp\u00e1ll", "UCGoWGtPTs4J6xJPE_zsW3ng": "Hunter Harmon", "UCnaSavI9tdpBwdpdML4Jl4g": "HydeMyJekyll", "UCmkq3KkTCLSXjDLiz0cRUVg": "Hannah Crowder", "UCqDRqpSP3E75ZanJ84xXS0Q": "Hunter_YT", "UCjsbqSkyj3uSzB_-GGOriCQ": "HollyAnn Jemison", "UCQO6RFq9xT3ipVluc8FlRCA": "Hani Sleiman", "UCyZ8vw-n1oucmWX6hIuHVow": "HenryDaGamer", "UC5ryUO1GghghkA19wQ_eD7A": "Heroesflorian", "UC17V2Irlwst8DZl-Kc0XQsg": "HBlirious", "UCsBEwFrC0dVe_t1jnty3DiQ": "Headsetmarknerd", "UCngEOESMlo_puGSlxHI_eiA": "Hal Weilbrenner", "UCIHcfMKCB6AmCNfhhdbXReA": "Harper Ruby", "UCD2ZTzpi4ylLNL0ZSVvv-CQ": "Hercules Samson", "UCGfeROHxwAdo-jHICQ6ciFg": "Helena.", "UCvCx-Lje5wBHLRiIXBFvsqw": "Hh Hhh", "UCFsr_T3OB2cXe_vflCzliqA": "Hunter Broswell", "UCGA6fwKzRYxwixK8TAC5F8w": "Harley Kay", "UCzgxI_-CAjZrylPSRn1h4kg": "Handy", "UC0Pt8qpMTmHkDOzU0VGhLEQ": "Hoop Geek", "UCF32TpLOzBGPr4yTbtYlSww": "Hll Lrhvn", "UCx1K2MLs8xL-JZkvbFXETAQ": "Harol RM", "UCBqyaN1ORUvc1xGcngCsCcw": "Howard Dearing", "UCUe6Fnz1lkW-JfFZjoOMy9w": "Henryk Reyman - szacunek na wieki", "UCA_SVnA1-kKaNaC4V2XYQVA": "Had Haki", "UCpcdsANCOX9wlZwBrd6b9pA": "Hidden Shadow", "UCKnGZkwcxUAFQPFcQaob8pA": "Hero181", "UCCltA4lR3kcSCujjUgM-3SQ": "Hanafi Muhamad", "UC3kWqWxjPME-32u8W9mi6KQ": "Hayden Sippel", "UCHVETy6OwcF2J-m00sczisQ": "Harry Vincent", "UCxRrMvJ7crWBfQF37srMyOA": "Hoo hoo\u2615\ufe0f\ud83d\uddff", "UC9El4XuVDCDQK_kjtErFRcg": "Hi Dude", "UCKaPR04hbEm-C9WOFCGuXjg": "Harley Robinson", "UCROCwLubJg7f-tHcOt0YaUQ": "Harper Victoria", "UCh5Dmud6xDXThnj2nj_lfMQ": "Help me get 1000 Subscribers", "UCdnuGmtf4xrAHN-alUyhyNA": "HitmonleeDeluxe", "UCc1wVY9JxrT4MGTL_vjXUbw": "Hayman airsoft", "UCJ_O6WOixAFulHmET2bWAeA": "Hectic Hive", "UCc3Vy33B2lbBqvCFQbCtP2w": "Hannah Scarlett", "UCZCCTbdTosl5Ea-19u2H7fA": "Harun Rashid", "UCezXmHZ5YW9RpwE4JFRhf9w": "HenryDubPlayz", "UCBSo5Sdav_KDIl7lBTqDxxw": "Harold Chavez", "UC60bF9o3emPcmSmPw175i9g": "H SK", "UCl0OhVaEiE-X2nhWhRsEZEg": "HMSportz", "UCyRX-MMQ3lK4LR_dLKjXXJQ": "HelmarGaming", "UCHfB1fw9O23umZmo9alBB8A": "Hakeem the gamer", "UCvMIgtiTL0CTvx9F_Bz5kZg": "Hannah Emily", "UC9wSSW7UA9aMQXahLUnC7XA": "Hi Yang", "UClSGdZPk2wFZSCQ_1Rj0b6Q": "HLR4th", "UCIRkNbN9GFEpBw4edmKxJ5w": "Haytem Ouadaa", "UCTpTWM2iYDyyZK9x0AxOEPA": "Hellsbells", "UCv7P3eclrA7kpujfSGFIC7g": "Hat Lock Productions", "UCwMdVCoFgml_3zVHnX5tj5g": "Hannah", "UCMfMsPnWND7nzOR1t3eOdbg": "Humyaaw hb", "UCAZy9jmQwQ0aTXBMjPopjUQ": "Hector Donoso", "UC8mDIhzweBuBDFGVuyxg7mQ": "Hunter", "UCcm_hGFgnMzeNz-d_jLfBCw": "Hybrid Wolf", "UC1oqOs050GSU1YR-pqXDATg": "Haley Buckholt", "UCVbiNoP7qpse8ULt6m1X5qg": "Hastyarboi", "UCRxsdaUsc5047mlaj6ershA": "Hannah Hungerford ", "UC7ofwW5IOP3mcwjvHoPHFrA": "Hailey Marie", "UCKt8wejZlINAWEZPB65Gygg": "Hazard King", "UCCWk4wx956b2HYjFHIKPnMA": "HeyItsIvo", "UCBDzqcZmpsuyyohqQ9g5pBw": "Hatsune Miku", "UCvqtNdMYP-IQZtwE1nje41A": "Hindustanigamer loggy", "UCsVhQ65eoQYYJv2anD9ywOQ": "Harvey Kavanagh", "UCDVjlDnGHusquW7sJh2zdUA": "Hugh Nicholas", "UCMtAnRcwhNnxGhTeJzZqEyQ": "HLmtb", "UCL8z2youAc5UIW1WowJdGEg": "Hi It's Jason", "UCe-xt4nOYcY0TVkWpMb1tMA": "Heather", "UCwjfgsT8HukkmjnNpozQRxw": "Hatebreeder 99", "UClLLUmOb01kK5bJ27LM1ekA": "Hong-Gyu Seong", "UCxPzVJDK6r10qE8IABdteDQ": "HoneyBun3123", "UCPXy3wFCKGj1r-0TsgALHXw": "Heather Carr", "UCvEa4C7LTzfOen6nXm4A1WA": "Harmony K", "UC7Cs9PWVzEqbddvkPDrZtPw": "Hzeal Strand", "UCrpH4Hnxc5nIs5kVwi4ZjiA": "Hanah Ahmad", "UCkq_nMmVbSRpgRwOYKongTg": "HiRo", "UCj-ro09vsrA6qCzoI0UeOkw": "Hailey Heckman", "UC0wrVlZj5u01A94dgb5nTEg": "Hinata", "UCMdttGBl9lbMIwtRNtcEC6Q": "HarryVPN", "UC0sD2nholpp3YXaKmHqMgvg": "HGTD2", "UCu5uoH-uENd2WGxaiYIVd1w": "Hate God", "UC7Npuu4nSU7dr5afxuxsG9A": "Hogger Mogger", "UCrWEAdWuhufXl2CMomE9Z2g": "Herobrinefan999", "UCE8_cmgNj6lP-1fN-r0iAVA": "Hannah Ginn", "UCQAZSihZZGWFhktOmjlQSZw": "Harry Bath", "UCz1HDMX-K9LtAJ5le63JZ7Q": "Hell Crow", "UCNHyv1aQCQARG0K1aicDRKg": "Hidir Rosdeen", "UCJhcibGWMbPrGQgf9Y9BSQg": "Hailey Traver", "UC4UE1S1tqvO1Wzg2JBh1WaA": "Hot Pizza", "UCN8ChLBpnPfkrUZ0mxZCKlQ": "Hike5", "UC-lxI1pUxw-z_BBox7dpTzg": "Hanley_users:]", "UCzOfVj3YE-gJu3x5SJ60YGQ": "Hasaan Cunningham", "UCASmSArOELsaGIkMOsji--A": "Habib Khan", "UCHSR28ZgFqebveUd3qMdHcA": "HDHDh Djhdhf", "UCNVN8g_5j200yuTUS9gtHiA": "H\u00e4herfeder", "UC2e1U8sdXXZCrQIPTvQDb5A": "HUMAN", "UCzmAgR3zjS9YFSS504D6jug": "Hexel", "UC3X-ywUb4LmOudZ8eJy_XYg": "Hate me please", "UCtGQ4J_hGgTbvzoasNJ0AWw": "Halter Veri Vonitria", "UCDx2DFKdvdspfnKj6GHuSdw": "Hot Rod", "UCiOrFtRrwM-BAgSuIgSW0ZA": "HOLLANDER", "UCSi4z_E30DgsByRrI_enHjQ": "Hugo Martinez", "UCJ0_7TTcXxp1vEVkadnVblA": "Hisham Khozendar", "UCHVR_sGJ77_1WWh-dAbw1PA": "Haylee Martinez", "UC5F8VhfwUkr2zUmF9LCjxaA": "HiiiPoWeR", "UC25CuJh_048V0Sn8oa40OJw": "Hamiisii M.", "UC_MKz4tG46oSaAcTG-nUXUQ": "HotBaconBap", "UC2mXyRc-9hkc_Msj_p0K4mQ": "H\u00ee p\u00ears\u00f8\u0144 XD", "UCrKFgDyINOB5XTlvg9vMOvQ": "Hoyeonnnnn", "UCV4O3uYmOIchH7wAWQb1gJw": "Harper Ellie", "UCews6NamruzMmGpTWt56uXw": "HALF Warrior 67", "UCPgs3uOKovcSvUTfZU6oaMA": "Helen Corrado", "UCR5shB5j4ODOgqc6GI3V-EA": "Hero Gamer", "UCqalKjYO9aCWpBtzn7Z0aYw": "Henry Hernandez", "UCAK6FZY9SUUxYbPtSXPIwNQ": "HeBeReNoS", "UCXV2sWthFk4rd5mQJIstciQ": "Harishankar PM", "UCvq8SZByEwwpQrKNjp3fsfw": "Honda Jazz", "UCGkSRJGPDb7_8lPaOX1SQeg": "Hank B", "UC0T-MVXyLLFWuBT4wrQLQ4w": "Hey I\u2019m Imagine", "UCqqywoQJZgfbrfNLgDMqP1A": "Holly Homayonfar", "UCH6441eSsu8Y6cq6E6-QKWg": "Huncho Davinci", "UCS8mPrBJ6r75Ol_6yUDaWYA": "Herobrine", "UC7_L1PQkz5fOQtrkLbRMgyA": "HpIsDaBest", "UCxqz43B4Se52wo9i_Wiq4aw": "Horobi", "UCePxS6KuRX9wQq9k5_W3dYA": "Hiya Aggarwal", "UCmWVgPBGY055Fq9-L3rYjpA": "Hayes There!", "UCvCFOFRpdPGYIDLDiL7MbqQ": "Heather Sibert", "UCIS-sAYY-HmGAs48TiN1vTA": "Harlod Shekelbond", "UCOnJTd7W8d2P2zgpOBwA0dg": "Hwi Goo Heo", "UC7KsZ0J5JJRbUAo0W4mQ57A": "Husbando", "UCm49GOnoLbeQSctgaTmUT8Q": "Hithaishi .p", "UCIM253yNy7ecNyeZNTDLhqA": "Han Dev", "UCM0uD8PMFL7ifOyxbNR_N6w": "HEMALATA AGARWAL", "UCvDFYpFUEuAZERd3slnRYvg": "Hakim Vlogs", "UCyH5dpJ4bZY3IVjgk7RkQPg": "Hugo Martinez", "UCwnDxoidunxZXvUsMggUP8Q": "Hunnie Bunn", "UCHIRjLt-LHDAzIFTugkn1jA": "HombreFel\u00edz", "UCnXCtf7YWftLVvz2znmftug": "Harold Kreye", "UCfhRj0Q2BoSqi7p3MjQsuTA": "Happy Clam", "UCogORQV0-PjNhsPuGe0-vDg": "HUNK", "UCKE_gMnS1UeSmVsCcdngtvg": "Horsey_PlayzYT", "UC2GV6whMZTqJ2L0Cys5qpQw": "Hounth", "UC6qKRSIGSSa2TM832jhxTlw": "H. Mtz.", "UC_Ae-QjDdcBT4vVOqyZgZaQ": "Holly Berry", "UCXBdqJm0hQvFI1Q4y4FdI8w": "Happy Ameoba", "UCWrQlyicio-Ar_PDpyOVQeg": "HappyRogue", "UCqtZms9mWjU2JuEhKyo9u3Q": "Hafiz zikri", "UCCQMS6hoFSC8KQhYlFOypaw": "Happy plays", "UCvoiQs5ufzZO-eBTVbRQDig": "Hydra", "UCqcKsr2D5HyBlbwpNwMwgNQ": "H M", "UCKayp0BUhC_tsgkJh5Tlitw": "Hanurag Reddy", "UCDUHHm3viqAvgkwpt3Gwfrg": "Har Ruca", "UCxm8epGor0Zq2vqM8yoeUrw": "Hanah Villapa\u00f1a", "UCmOZ4__zYLN5gCGAPe0Vxkg": "Hinch H", "UCL72x_IkOm6K6Y0JfctbcIQ": "Finished!!!!!!", "UCwuiXHOWTsUeTbsNsBquWfg": "Flame TheDragon", "UCaCytftosfxZujR86fEbL6Q": "Famished Paladin", "UCjG36q5xAYriIaBMLNVMadg": "Filip Estelle", "UCAQqRzFZMWq33lkMVzt6Shw": "FLASH", "UCT4GNMB-O7p37DS-TjlOX6Q": "Fnaf Ar", "UC2r2fIvujMWjuRdn0xr689A": "Frankie Chapman", "UCZ5NIO14tStRn_LISZUi-6A": "Frankenbeans", "UCKzn0v1keznrxDf0eAjlsCA": "Fudge Norris", "UCK8sNVwrqME3PbBFip0Mfaw": "Fernando Pena", "UC9Z4vw5Wb9aUS_0E-NFOIVw": "FakeBurguerCat", "UCq2AQ9EYbNsKee0zo21O68w": "Firecracker", "UC58HcykM2lndOG7PGllcelw": "FrankkyVegas", "UCFUv2-z7PSJuwDe-OKdzzlw": "Filthy Animals", "UCEyAwYhErwHpYuIvAZf_c_A": "Frau Steiner", "UCYYFSBt6IFQwk7WaaQRkVYg": "ForeverMe543", "UCEfOgtkeRrV4U-zgl0v3HHQ": "Flavia Linauer", "UCF3dHO9qQhAGWLzi8ueAdfA": "Felicia Eriksson", "UCu1VI3jjD420MqnbVNTGexA": "Flyte TvEnt", "UCrJlZ3x8w16VCNc8DlqSu3w": "Fedelisa sherron", "UC3xpS1nbiHt31jzlZMzVZdw": "FelixRosas10", "UCUc7FJs0So5luqkFXdGaWZQ": "Frank Eklund", "UCDDirl77NPH5OpVE_X8AQ3g": "Fresh Release", "UC0o6tsqkbpu7KPM-eySd1Hw": "Fanni Unnie", "UC-llMNtJ2W0UfYud6A7CUnw": "Feachy Gay Demecillo", "UCmChn9eWtRGSareyDRoNMbQ": "Fella Human", "UCIGNdfv5QJookHTdRZEDzbA": "F Dania", "UC_lm0z32mDm0-A6c15z7Z5g": "Facts Know??", "UCr4HNdgUHP6KC6vqLEOZrwQ": "Fari", "UCCLA7cDEfApYrch5jWlMc_g": "Frantz", "UCfjcLY7t5edFppCm5k_yO1w": "FabianWareInc", "UCTwZtJ73JcT6a6nKudxaE5Q": "Fatma Aulia", "UCUlkgn-u3xzgG91tHEKwWYA": "Francisco Sanchez", "UCy8cI5mXYtnlNFlp2gm9Wpg": "Faiz Amali", "UCjQtBzPruj7PcXAaIItTJpg": "FesteringDesire", "UC9-ZLx5srrYzjIgNMmv9OHg": "Felicia Brand", "UClFLoOUfHc4SMWiGn7o-ScQ": "FrostyCraftX", "UCe92SwYFMtSZ7GjEKqccqhA": "Fingerprint Gamer", "UCt9Bc7O35l-6iNQEYjFCNPw": "Fr\u00e9d\u00e9ric Desbiens", "UC0MlEllSLOWfwD8WChtIrOQ": "Filip Van Mieghem", "UC8uJzHwuRNp6zVIz94NRCsQ": "Feyd", "UCYzAC-vf1EgZV_GvFbcrBkA": "Frappe Sloth", "UC2PIB_aZDLJIaHgiPIovKZA": "Fede", "UCW80gR8Qd4DRIkSYz1L7H_A": "Farhat ul Islam Nafi", "UCxHD8qXP1WttUUdwzoBTTEg": "Fun With KLTV", "UCGVz1O6YZStl4vMa33AyjCA": "Flamfy\u30c4", "UCYq_sBbiFm9nJ5OWLiWgg2g": "Fr\ud835\ude98st\u2603\ufe0e", "UCg0YKvoh5ogLuA3OzNlJoGQ": "Fernando Penaloza", "UCzeJQlRJKt-Uj68fr1KMRzA": "Frank Lynne", "UC74hQO4jz4yQL2b5Zi2wX-A": "Fernanda", "UCWF2ob5KKtUg1FlofZuXH2g": "FeosYT", "UCwjdyJtx-96ZKpzJKrDzeGw": "Frans Sihombing", "UCL7WXXX7ziKR2EY3yBxq9gw": "Frank the Goblin", "UCllHszVb9ATyu-zx6GgC7Sg": "Fenn", "UC1C8U4qKDfxvMii-ebDHfiw": "FrOxDog Gaming", "UCd3SXHfKZK6VU3LO6BZEgKw": "F", "UCYE_BBiIk0d8mTuPQF0JjnQ": "Fridxian Villojan", "UCXCuhBphj_smN5B6YrEjhmg": "Fwp502_-_", "UCka3pYFQ8g3s-yYaGtcluLw": "FilmNation Studios", "UCS_uo2xBI2wO1i7VNiNzZug": "FazeRiser", "UCABp7PqSzCJyruuJhTZuJTQ": "Fishing with max", "UCcbpDg06iZx_B4hl7mIwZUg": "Fl\u00e1vio Lisb\u00f4a", "UCXbuZuNYhCbLk83_uJ3WI_g": "Finster", "UCMEDiOqCUd0RrXCPRu3V0NA": "Frisk Tella", "UCD1yExulpszuNTG4jArdCQQ": "FBI", "UCAG_fDHzZxl3vB199FjTovg": "FTW_DK", "UCezSyS_JlDHC2oGyZmogBAg": "Faereman", "UCiIiqFLPXIRKJgWLvggJVew": "Froggy boi", "UCLVbt8yoxZci99jMbafwXyg": "Fred Flange", "UCf5Mx7TRpfyUXbXHnTSx4Bw": "Fire king", "UCHsg3akA-1IeES_Da25Qf1w": "FunnyGoose", "UCj0Lc6QshYxh-nPEpB2aO1w": "Fate Perk", "UCF7g2h4ry2mSlkZOE121drg": "Fnf Gamer101", "UCIgAMXsQ6c8v6hGCNF3ojLA": "Fantom M", "UC7r8vvzp7YG86VJAjY8ORVA": "FHMI Random", "UCrqIahOBfqQ49qXdL6zFEFg": "Fair and Balanced", "UCC3lQJc12AI-kZixduvsKRg": "Fat Max", "UCatwUXbR-1x-oKzpeK8zD0Q": "Funtime with Anshula", "UCPjO0I2g7v5KeGOHI0Na0Fg": "Fervy", "UCzZsyJpOEXF0QVMnuKiPmhw": "Football Talk With Freddy", "UCqpY7DLRSfjtCvTEuQXQODQ": "Fun Hobbies", "UCKcYwqxhcM5hyO36fINIziw": "F0XT1", "UCRhsq9DpmjjkNVjLY-oaiRg": "FulyAutomatdLuxuryLGBTplusTranshumnistSpaceLeftCom", "UCDOGgT4G8QbeC5AlWP3SNlA": "FIRTEX", "UCAGquxc88l6aGCHWw2avjrg": "F1", "UC_dMsDXnTAHI81RgFu5LyNA": "Fnaf_Fan_Riley", "UCgPTgmafFvKGEa90TaESoCA": "Fong Ling Ho", "UCI0JIYXGtUCnFTFCq58oyvQ": "Franz", "UCgRDMssUyHkRst9od0A3YyA": "Floyd 972", "UCn4uhDqxS18nxRTslRIda8w": "Flee Gaming", "UCiOOZ1a1LqcAYTX9HP9cNCw": "FaiRy", "UCm9wut0WeeCF7vOjcIEtohA": "Finn Boyles", "UCqtHYcCmruJJAGsddnGwzvw": "Fariyan Ahmed", "UCOMQF5WG-UzX9hGs6Tjdy4Q": "Faisal Asahan", "UCo6b62OBAgRjaCHMc4Mjo4Q": "Francisco IV Gandarilla", "UC44v5FPoxh73mA5TPsJPVog": "Fred Brayan", "UCRIMisPbQHphYhHVJJg0kFQ": "Fernandina :v", "UCN5eL12ozc-F3xQPL3yQxNg": "Ferdaws Hamza", "UCnVl9iygq4F3KdWwmeEKkaA": "Falk", "UC4HjQENXBmmuy506zoJe_yA": "Farzana Shah", "UCHenwKTHssVOAXZbsAO3wGQ": "Fatima Abdul Sattar", "UCHeciEgakAIwRioak9LJ_LA": "Frogs Please", "UCrM6aeGk4DIPZg_nl0vR-Bg": "FrankMcFuzz1", "UCqeoqX-YNlBkCaN0KxFlPGA": "Fernando Obregon", "UCkOkhpmFH3boxmDOrlUL-Yw": "FANTA7", "UCKefcCutSgebMw5Wpj7h5vA": "Fox.", "UCC3AidlZxZe1dEiSdGryLhw": "Famous YouTuber Noah Salmon", "UC7wkpVmCnm_aY__bkM8du0A": "Francesca Lace", "UCKfaEuQaIa10uSENTNaq8xw": "Factual Videos- For Kids", "UCmewdrEO3-a0gzfflZ0XY_g": "Franklyn Boiling", "UCehOW8xvOUXnT2KGmX65nyQ": "Furious Wolfpack", "UCy9GWC-h1m-Ag0G2r1uuBew": "F. Miller", "UCGJMDJifRZW92paZZejlrOA": "Francis Arn Parre\u00f1as", "UCBiJn4P1A08Oi_IE-u7bnSg": "FireXD FireXD", "UCMDC-VRPhhPXevZm_cJmZwA": "Faith H", "UCcd-Y_xmiWIIvG4kdKEUsFA": "Francesco Galletta", "UCQbyTxvci6Iou4wDaMobT3g": "Francis Christopher", "UCfVV17vo1XLreUvC2u6zYNg": "Firaa\u2764\ufe0f", "UCErKfJubZNCFXXuF1jho1rw": "FamousxJI", "UCyTvWG6VDXtLRPDWoulfrHA": "FundyGirlHalo", "UCiWlCbrrnArIgrEoCVhytHA": "Fantisea", "UC93jbxu3sxzQ_IVdR5yXhxQ": "Frost", "UCQOPbs8Q5e5HoIRUL5nE0OQ": "Fee", "UCG1ZcZv1NTHjbKK92XyGTqA": "Ftown1415", "UCIT9wHovYhEVq9u0ucvKm1w": "FailedFirstGrade Gaming", "UCDByohg51eQrlVS_uRPR5jA": "Feliscity_rose", "UCfacioTFgFNM7n8EMFsEvGA": "FabulouslyDani", "UC8EZ59rnAyHxP7XO8PPQgGA": "FrostNuts", "UCe9AstHTOd-dy4sf62cceWQ": "FTWGaming", "UCJLcgNgEemeRcZJRTEG080g": "Fresh B0tol wOTer", "UC1LLBdm7pExjjXgiUifZVKg": "Faeez", "UCi082pDNjylQZ8LKzHCWhjA": "Fl\u00e1vio Romano", "UCpkEHhPh85hqX6yAEA9Hqsw": "Farhan 081", "UCIWJMWVUtLxZl4nMDGDD4dg": "Francesco Ideo", "UCUDi-xpLIZjow0yZFRwO4cg": "ForeverMorbid", "UCLdHBlOLeUAqIKrgQ62hvRQ": "Frater Agiel", "UCpSffOYyDrCKRnDhB2xcmSQ": "Fa Tee", "UC4Ufk__-ByI9uk1DRtFCoWA": "Fist of Dante Media", "UCuxaysk9EFuKkwClu6ET1mA": "FRITZ WORLD", "UCg34XIFuoTtklpy6XkDUrhQ": "FutureCube", "UCHmgm7ACzZ1s4M4mxyhqgEw": "Ferociously Malicious Rain", "UCwcGTMGfAQnlvAhaPrKz2rA": "Foxmore", "UCJWU9YCOkgY8YkimPFpv9tg": "F0xiee Squad", "UCnVWNgmjodL9SCE27nsBMwA": "FINNY", "UCQTN8py2Yw5vUHLh9jRYmyw": "Fidget DK", "UCmUgaY0DN_6n79hqS3HQy0w": "Fathpi ", "UC7nPAsZbRRgBXBH5cwB_-cw": "FoxehWolf", "UCoeTtFwle93fhZg7tOBvPTw": "FroggiePie", "UCJQRVX_tHc8AOIrsMStTyqQ": "FaZeKillSwitch", "UCOD0gqq0fkCyPqQiXkYgaoA": "Faith Diaz", "UCrAaX-4TItZFvEWRFPgT8Mw": "Fred the boxer", "UCjznYoLM4ipCXL4L5FxJ33w": "Fredo Atreides", "UCRdPCuHv7j87pWJDbi_jwkw": "Fanform Lanform", "UCHY_EPHBg3681knDA0K1ByA": "Feaw", "UC0RrBh-ygPivkVKW98JdF3g": "Faliq Attar", "UCKVh_GR_BgYEY9yPrkNB8ZQ": "Fonzi", "UCA-fxzkZI4Ms3SJF6Uc1VQw": "FREE GUY", "UCZe5wmMv4i7XsyVkwF3Jt5A": "Forest Erickson", "UCy4gGcjv0o5PgjlZ1CVdx_g": "Fazrul Fallah", "UCnkNY2tGAtVBI-VoSX5hmhg": "Francisco Liima", "UCWSrrWdS33E8j9Xpnr_5M_Q": "Funtime Jaden", "UCeHPlqJBZOUKd91L6K32svA": "Freak", "UCPK6izui4PJtIEjXNRsgsIA": "F8ER", "UCmCJxc5tAScr0iQH_810m-w": "FridiNaTor", "UCfHPtVmYJc4lqJ-fKKaYYPw": "FULANODETAL", "UC0T4jO9gTOkfwA4Zod1Q8eQ": "Fabian Etscheid", "UCmlyl4lsnCrQN3kYitJs4Vw": "FlowaHatMan", "UC2Bo6PK1LLT96ZH6PY8eE7g": "Frankie Rzucek Jr", "UClcRH6Y9-hIqGBddqx8ZEsw": "Floyd Anthony G", "UCDzqBce_iiXYKEh4KFqqphg": "FoxycraftMC", "UCVOKHTvTR_2KFqSI5xMGtZg": "Frank Francis", "UCwan8oU38w6ejnUtaq0hMPw": "Fake dream Ok", "UCkpeky9yb9IgB7qlPEWuaFg": "Flippy101mph", "UC7uXLKb_onHvbxpI7U9ZEnA": "Fransisco Juarez", "UCh4zPlocTZToCtgloFF61jg": "Fabien P", "UCxn3Zyq9BhyEZcpC38dWpAg": "Fortunatus Nine", "UC5-NbSFVZv3eGyEr4V5m0AA": "Fernando Queiroz Popovic", "UCgrZYiennTgI1hSrmOieI3w": "Fabiana Acosta", "UChsASkTRBFZYqXXmpIxhtJQ": "Foxy playz", "UCrAuefUIonWfkQhBUkq_bug": "Flor de los angeles Perez ballivian", "UCvjcXddvKgWm51Mc4LzbLUg": "Fashionjunki87", "UChHJXkiRnsoAZl0aoY0kGeg": "Freddie Budgen", "UCcUMO1LecqAdTcjYhJzYrVw": "Fisherman Groyper", "UCH5SpggscBjmpyURQD1zRmg": "FELIX THE CAT", "UCWTrUz5CrRULnsWR1PmC4sg": "Fatima Khalil", "UCFxiNMFSvmzysLklSK7qKXg": "Fat Cat", "UCtSN0akumfs-3mr9Hqqy3Zg": "Frhodsee", "UCFyDmhv7TIutmW7ntFSojug": "Fraser Anderson", "UCGoVaDmhO65Kh0H9KIx2I5A": "Flubs Dubz", "UCF_S4bkObWI5aMNxRPQ7TQQ": "Frosty x1", "UCW9W-2x4uvHMbzu0TkM8Dmw": "Fluffy Fluff", "UCDzscmVvbAMbAe65zFodt2g": "FireSamurai10", "UC6lU7zIrEADiOgwLVOvhveg": "Firasss MAA", "UCOiFmC1iK_g8k8sE5nSZGLw": "Faulmensch", "UC29RKj_N5kcnk27las-x3Kg": "Farheen Mustafa", "UCBX_MDHH_YcDEtIG6huGX8w": "Faisal roblox", "UCcYoZNb_jCqoRNPP6w8F4-g": "FRANK THOMAS", "UCk4ltXCFEx8iakSJAGwk5uQ": "Fran_Tangles", "UCLqFhqSoacYSe_AjgFfkfUQ": "Favian Dias", "UCoLhK0cY50Gs7wIIO4YwWdA": "Fuckface\u2019s Stash of Shitposts", "UCXPnrTnBSN_9kUGmjTB_3ig": "Felipe m", "UC4nLfY41lirzzCbTeQsrhJQ": "FIG ONE", "UCdOwwpLhnIkVRiVB-dU_Bzg": "Fawkes49", "UC8cJIsTYbbDYTo0vvf022eQ": "Fish Activation", "UCqqwPc9g9mh0QaWLjLA25cg": "FG", "UC1mszr-_OeRQe4tuh4qFRTg": "Fatrichard Mcfatprick", "UCLqUNpGIVmMIH5X99fz3Rfg": "Froggo", "UC_ZPwX7Fb8eYa8GNmGz1ZLQ": "Fast4SloW 717", "UCFEGazCv7q9taDm33EKFr-w": "Fabrii Tolaba", "UCuYgsmPpMFLXmaY6os_n8_A": "Finley Attrill", "UC1W8x3QrdrB0zkLbNIGB4uQ": "Fuck Google", "UCT1_Zrv_UZLzatG4fDm5Frw": "Fan of Arijit singh\u2764", "UCQvEjzD6dmzuPvjgSr5aAxA": "Fadio Jody", "UC-x9ILrMQ-q1ijexcCHsEJQ": "Floofer Doofer", "UCfbuwacBdA8U7DB86hAAe0A": "Fresh Ward", "UCjPoZCblG7FNvBjGLpbJ9HQ": "Favian Martinez", "UCKEw2L1SRh_ChRJ2mLHe8cg": "Funky Fruity", "UCrNDkrozadahJBPKINfW6OQ": "Fine", "UCezPw-sMSSZRr3-tLI3pXyg": "French baguette", "UCxUqOWFO-BQU1gqZUjq1X-Q": "Frania Santos", "UCLRW7_7geP9DZ6wl7cDWgKw": "Five Fingers In My Ass", "UCOEOqCaujoH0qpaYKX0uLKQ": "FlamZVFX", "UCpqwWuhVnYhzrHqOr4NlBLg": "Farhiya", "UCt7FU0J-ewnYppudD_oGI5Q": "FlyMaster", "UCt0RBl_KY6ofP2skZOGN_VA": "Feroz Vallie", "UCqytVW77EH94ky-gkmtkEkw": "Fart McGart", "UC_GwVQtmpo5IXLIVfHxpzVw": "Freddie Gzus", "UCsU12mRAxkoUiMLoZ10H2jA": "Free Time", "UC5LBgY5MEZBYcu9nCx_zlIw": "FLORAL127", "UCV5NCpBMfTU7KVe5iQd-AIw": "Fin", "UCZ0tJhlTxspRnuA5EL_v5OA": "FCE WORLD", "UCCYhIZ_6ZzgY0fTSd5_Y7nQ": "Frosted Flakes", "UChVrCXmNOELcALKlPrIBrFw": "Florian Buchholz", "UCNgRtHTgTSYP3H7iGxZzJQQ": "Finley Oreilly", "UCE2vZZFECoE-QILRXDpmH6g": "Fernandinha Ananda", "UCbSzYucJmiG10kQMgRaYrMA": "Fff Lll", "UC-ITrNYckAobp0UgTO7O-uQ": "Fany V", "UCmr3ELuAezDAm-aIBE17bKA": "False_Nuggies", "UCgYxM80JPtFSsjPdbQK3zrw": "FACT SHEET", "UCA5jSfSkogrDZjyOpzxN3uA": "FedThePoopy", "UCejx6wFsyoUW6KOteWH-xZg": "Felix the FAMDOM", "UCk_scY8xdI9wMVNLiKSjf7Q": "Fredrick Fox", "UCgUYfcoaVPklVzrIcrjI-MQ": "Free Samples", "UC-gCh-G3WxcG37Vm895Pf1w": "Fernando T", "UCLpHmOwhihRS_tZdwGAX8cA": "Free Paypal Money", "UCF_8zERVyJc7gMpNAgOZo-A": "Frank and Louie. I like Molang and Roblox", "UCAzMvp4xtICLHiw9WYwhdtA": "Funni ", "UCFgTll_NQN4bGvc-NjGCxeA": "Fagan Layla", "UCx-R4Up9b-FI8HvIHeomVJg": "FluffyFahim", "UCyI1TRQbbzZOh_0msjHYpgQ": "Fernando Rivas", "UC3wJSYO2gfUgfHdBLmNR9PA": "FreezyBear", "UCfeINGir7sPdP9GELAQHmmw": "Forrest Cutler", "UCamXbN6mXdKUHsdkue0gYeA": "Fear and Loathing In Traffic", "UCyYz6BbNl4tYCdLciTG8YFQ": "Fn. Cris", "UCObn1r3aAOtyeqjTcmOivsQ": "Federico Berisso", "UCuGhq3wpPTwOOuYG4tCjldA": "Federico", "UCtm8PK0UmqKUyb_ZiTfKstw": "Feliz Rod", "UCtoGuoS8LVBdscgUw92jhzw": "FractalBoy", "UCVzUHmzfU3JdVe1Mel4_uig": "Field Interference", "UCHJgpoGAbEvg-k49y1-WLsQ": "Felix 21", "UCOteNljihnbnxHdnOFhiwjw": "Flukeshot", "UCk_qKR70ij3I9a6WyPcr4Cg": "Fumi", "UCl9H5Z12rGHtUkNl6tkpfiw": "Fahrizal Surya", "UCPhFfhManda7ilw7q2Isdsg": "Farhan Happy", "UCeqY-Wc_LnQ4hyttT0KTCRw": "Fnaflolbitfan", "UCk5nDlkoFCzVjVAeOXHel3w": "F l o o f\u2728", "UCRyBcRAg7Ko3bqzgW9xlYRA": "FAMOUS", "UCvhEdy6EENnJpdH5lhjgq1w": "Faded Pattern", "UC0yNBZeKXpQX4MUlFa5Oz_Q": "FXDLS_JOE", "UCWD8BFtHqIgf-ox5MZVo9_g": "FreshJuice", "UCDMCZSPqoIpXZiPuyiwz4GA": "Flamby Kini", "UCuet9sFQVAl-89V1o3B_eGQ": "Funfetti Queen", "UClre-fzvDITVA-wc8hKCBAw": "Fatima Kamal", "UCnw2LkVrNUCsA6qkLlCpL1A": "Frank Cuoco", "UCrJaiKqgJRAcGO3ndPcavGQ": "Folk Demon", "UCKDqXdl0Kj1Gh2vpWyaV2Pw": "Fred Ulysses Arock II", "UCM2mokcQauv0yjnWMF02u-Q": "Felipe Martinez", "UCIWbaF2QX-9NnIOFssSrT2Q": "Free Des", "UCD849WaLiBYfKJRzc7V5xWQ": "Filip_pl", "UCnuBE1O53BHAfSt97xTPomA": "FreedomDavey", "UCBp6PmSPTHGIzTqzlp_aEYg": "FloofyShiba", "UC-f4HSlBHR-fsVHBlLn81iQ": "First name Last name", "UCHhigvp0XStYO5oLRnQFgSA": "Flaco Garcia", "UCVB3NEpiGPB49htsmoAd3pw": "Foxy 12", "UCkCxPZDylLBp9zxsg00q2EA": "Funrunton", "UCKuYtgprikmaH_17-pj5G2A": "Father Mayhem", "UCpxLs9F8jdCSM517WKT86gA": "Frank Diaz", "UCgMgzKRELuwzUGAYP7-zsQw": "FriskyyyBoi", "UCHf1gfpptlIXyZXQ-cJw0vg": "FJAYDE", "UCa1dx7avhzyCvENMfYwOizg": "Flex Morelos", "UCoxU9C-7edHsp6ZyL0XtJXg": "FeliDae", "UCaKSd5Lt3PZ60ua7Qoh0YTw": "FireSquadGR", "UCBEnM1eqOb29wOpUcAdj8dA": "Fugoshi7w7 Yaoi", "UCCkXtbVJpHeubjTJoztesjg": "Farm Dude", "UCBPPDWvDW1Zb5B26zAma_Hg": "Fitz", "UC0RjJf2wPqhFIVk_2kCawnw": "FaZe Kay", "UCRIBlTestTnpCPgENyBUiIw": "Fuzzfunkoperson F", "UCWFyhNRSeb7cnQ3Wh0a5Xdg": "Felenov-official", "UCowY2YUGfSUJG6-K1y4j-zQ": "Foxy Mods", "UCXVIkW5-JMdJxz0YldA9vAA": "Flozy", "UCxaijNhYkq6xd5EFZKs_CpA": "Finneseblo", "UCLcTZ6cw1jV0tb2XS0dy35Q": "Faic Legion", "UCRa_1ANxqA3M5ONVDfKjTnw": "FoundHarpy438", "UCRuNApkoPMHsw0Z84kcJVQg": "Francisco Nunez", "UClAzhGQZ5SNCYNCRh5-I61w": "Felicia Nystr\u00f6m", "UCZt45Idq_1jYIeCTXVtzCBA": "Foxy Crossing", "UCIWTeBkgchhvZ7QfFfNfUqg": "Fernando Motta", "UCThSODPYJdq2_ZANKGwsFhg": "Flora Montana", "UCP9iA876VqdUNAU-jahzACw": "Floor Milk", "UCMINNM6o1C27utYT9mXikTw": "Flashbang249", "UCreVLEyukxlsYn4L-yOfyOw": "Fatama Ali", "UC-654nBCDSFOQVpKUmySJCQ": "FUYYOO!", "UCnpfx02Pee3xFFDDyDGFYoQ": "Frank 5599", "UCr_Sr1yH9wb3zUo5ixhrEYw": "Fladan", "UCT2Q_H_F4og42DC0Johqnfg": "FewSnow", "UC2Cb3uuMDM-RGMGxciAq3tA": "Fiery One", "UCTcPw-YFFg5rACA6GME2xjQ": "Felicia Xi", "UCQJJHq_eK-pzqO2OkyK5k6w": "Franco Rivero", "UCZJaM44NZiCp4SWwfZxGLbw": "FunkyCamel", "UCyFofei0d5OVHQHayAULoug": "FLAMECRUSH 2006", "UCrXx53WaR5XAONaSQnxWfvA": "Fernando Master Gamer", "UCF6RNfo5eMkzHFEZgJsRgSw": "Fluffy Dragon", "UCnXdi_4GG7OuTPfLlScWwgA": "Fufufu~", "UCu79Aa--R4S3Fe-qpzqx3WQ": "Fire Queen", "UCq3L76SUzQbfW2SHK2yyirg": "Figen Aytekin", "UCkR8Qp5S2lL1F_iIzBC2SXA": "FrankTheComet", "UCMFGW_9jPE_yEEZP3_uJSdg": "Felix Argano", "UCdab6YaBMnbTrfczJfVWAsQ": "Fancy Frog", "UC754YL1TvLuBTdJdv-Ol2Jg": "FuntimeBunBun Playz", "UCwbiB7FkYhnpSAoeoz9M7Bg": "F. Lundamo", "UCC1p9WWhIAJ0Ojpoj9Tn_9g": "FLM Justin Pablo", "UCaMICzkZ1tGXsmh-wVd3eTA": "Frauxd", "UCEsNpCUaqDNxo3G2-PaKV3g": "Froggsroxx", "UCeOh5AQXgLxptryE3Yhxz_A": "Fabiola Rivera", "UCAJL_a1PZLXgPE3Ai5gXtng": "Filippo Floris", "UC60XRoVjL039Iby65h9njMw": "FilaStyle84", "UCkEf4vv11vOp-CqCu7kKSPw": "Freshify", "UCvgLsuuWWFAY9jxJ3eTaFyw": "Fatiha Usman", "UCco-PXuVZwscyckIVFD8RzA": "FrankieProductionz", "UCBbLBFE0OT9zAxisZ4A3zYQ": "Fazman studios", "UCOaX4QxA4J9PdfhDGTkAFSQ": "Fayejckk", "UCjtaRPN-cbA903pDIM4Y8VQ": "FailBird", "UC8Ngc5XZPov-99L_PXd2wvA": "Fake Geek Guy", "UC0fa59lahT-s06vc7ND81dw": "Frida Clemente", "UCXmYR7Nam4dtOr4hFtV7nLw": "Fungus Mungus", "UCE-IBysx4Ya9m8fyjGw00Bg": "Fred Martin", "UCDPi9BUPTZ7EwDNPWJV2uMA": "Flamez_games", "UCbLY-4S8zyIVzVN-q2oqINw": "Fe Santtos Universo Digital Marketing", "UCAS5lMscNeqmjdD0ARmDoKg": "Flying Squirrel", "UCOD6PhjUwFEgM4xE_CzntGQ": "Fred Vo", "UCd7K6DZOmR13wPki74kZ4vQ": "Falls into Art", "UCtIdpcdoc4pim58N26j-rJw": "Fairuz Humaira", "UCeC7EO1kDhalklITEMhmmIA": "Fahad Khan", "UCb-pjYr-yUbd29UQnfiqFvA": "Falcons4life715", "UCFtI6ReW9U9m5A_Iu8TGZhg": "FraqZ", "UCaD6OxQQ7KdCi3VlXROeuWQ": "Francheska Louise Espinosa", "UClFciZgV9mtcmIYA7Zrt0qQ": "F. Saelee", "UC1tMEWMWvbifexayOjpVK4Q": "Fawn & Fire Intuitive", "UC4m30oMx70cwUy74ZA2DVtw": "FaZe Cain", "UCVe1vD6k8BFIYptlbpNUWsw": "Fean Marie", "UC2d_obi9do5-ASLbbA5YWCw": "Fluff31", "UCMGxdTUw-2EM0enKr-GkDHw": "Fotima Makhmudova", "UCIlKkEGj41EQOO5AmUkxJRQ": "Flame Food", "UC4pHwPuy5fFDCzV1P0JmCxA": "FuNKy", "UCGMbiUtyzWglzlk8BV-mB5Q": "Frederick Carr", "UCBX7t6bnxU-Rg3CIw4mKsEA": "Flame - RBLX", "UCtDEgpVVZxbR0n3pCNsjkUQ": "Fiona Y", "UC_VsQCTVFMz3aQvlKyC1ieg": "Flamely Fire", "UCda544escaq1765LQzqkDrw": "Flore H", "UCMsjq2vrHhxQxluW174KJHA": "FinnieKaT", "UCNEloQ39PZVjr16eP9qO9DQ": "Feargripper", "UC6ko6YhOGKADsktsmzjPqsw": "Francisco silva", "UCH7fCR4n1pa6wCkAYOKXKmg": "FBK Trell", "UCB6haa__3DbegvSEqCGnD8g": "FoxBoss 12", "UCJy1oCi9EOjxIRes7QD-KgQ": "Firebird6200", "UCYNEEDYpPl_oDslqow87sJg": "F. Sid", "UCb_7zz-Qp33NJJ-61B3Fw1Q": "Final\u00b0Analysis", "UCshIKFaPqP63imQQyvueZqw": "Formedras", "UCWDYUyzICL7pQcmYFbsIIFA": "Fandom Addict", "UCdBdVKpv1m_l-BfYrXFBMtQ": "Felix Hammer", "UCihenrcbTi_ZGZWWKrK1WMw": "Frienderoo", "UCNaMbL60jew1wtAOH4JJCEQ": "Franke Darling", "UCK91QeIisYx8zhWaOXknCsA": "Friendly gringo", "UCip8ayhsKZ9vwRzkXA8cssQ": "FanatSors", "UChR2onbxqI8MRPRQ3w9pQcQ": "FRANK THOMAS", "UCE0ulk__qRtLK3-RT6ZmLdQ": "FoxyMyles 7", "UCJtYgKq7G3r1Je3oYWHh5Bw": "Fiore Casiriaghi", "UCeu_lfe_hu3yZ83kvfYGLbw": "Fatime Cebiyeva", "UCZg9krhREKFR0BBCTCcEqmQ": "F S"}