{"UC7Yf0nmpR3StN3Ik0i7ogjA": "Potato Presto", "UC7a2IuLXWtk8IGXzGNncEyw": "ProBro", "UC8lqm85FHpiBLvdHxkeE8sg": "Plush Bendy&Boris Adventure", "UC1078UsEkQwhIReLcS1zzBA": "PhoeMIX", "UCnllkB0PPI_5oR6t0KfSSDg": "Paddy Collier", "UCjWRP8P9vj6qfXH27wfptVg": "Pygz", "UCGTRMCMCEt08C3P7QeNS2nw": "Pokeclover", "UClHgWxJW11aKmiPXyJXWO1A": "Pappa Doggie", "UC3rCUkR9s9HO5AjdyKv0j0w": "Pigerplayz", "UC1fjOa4-sdrDO05pBsxZA7g": "Prajakta Deshpande", "UCBj81Wxyhqa4tQAUHNoDM2g": "Pyromare", "UCuw1wMQMx0oSJQBG0x0eIJA": "PlayerNull", "UCJnCUiGD_RUCR70hXqt25sg": "Pui Cappa", "UCcSkW01tykeJKdmltBuYbBQ": "PawlingcatYT \ud83c\udf83\ud83d\udc7b", "UC0BpI34ysbRwcAhLC7wQ4BQ": "PleaseBreakYourLegs", "UC6pozX3nCIjcHZMJDuFuNkg": "PowerMagika", "UCbueLSKwquA2fJhWFMS2CGA": "P4ncakebreakfast", "UCJqditYojKod4DbP-RxeedA": "Pourji", "UCmBukl4KYer7CbmFt8cMySg": "Phunix", "UCJt-g7GeWQu2kC5SGv654cg": "Peachy Keen", "UCtOdgAd2KUTM-iPLXeMqOOA": "PIERRE D'OSTIE DE TABERNACLE", "UCEP7JXDLD4tfFMpvfe-UTJg": "Panfulo82 ", "UCS4xYaz65fygZiHN-FGT__Q": "Professor Fukyu", "UCxlP6qnjkieSn6bXQonkpKg": "Prem Prakash", "UCugy6Rf8jC7GJh61qPNO4oQ": "Pierce Arner", "UC7LfUJoOyUQNG52-3yF3u6g": "PredLotus", "UCwyLt0h0jNYwlSNHZwst9CA": "Peter Thielen", "UCI0VdIidrZHzb_R8qKA9srA": "Popeye", "UCU0Ce9OWUwY3Wke4P8dtJZw": "Psychicken", "UCJsEhpe-NNNi4ztgRKqF5Gg": "PointleZ", "UCplCG5MUFLJhbgYw3d5bssg": "Perfectectly Legitimate Name", "UCttgiqLsU2ebxVoTaZRIerQ": "Pornmongkon Thosap", "UC5fzU5Gl8WlV2xFRXS09fGg": "Purple Pixie", "UCztLDP1-MPrTynybEapZI8Q": "Prueba Cuenta", "UCLrCJIk8WL-UdQ8IrUvjZxA": "PERIYASAMY MARI", "UCYqCCukmo5hSR99odfCI30A": "Praise to God", "UCcWxxmvulg9qTffBA-C-x1g": "Peggy Mohr", "UCak5QNTfz5_aEL7LDaG2ZnA": "PyroPug", "UC3gdN5tcFRVkeaWbWiLwEBw": "Puppy world", "UCNFqu3RrNhqXI1CsktouFzw": "Prosper Omiponle", "UCU6tiZ_uBW888pxrwNq1lHw": "PR /Puerto Rico\\ Movie wax", "UCnD1uY8b0mf8AmF8DW72_zw": "Poop Memerz", "UCJVXBClAbUfRb7bfYdE7prw": "Pooja Maan", "UC9ZL79moU30HfN_dP8STDaA": "Pancake", "UCiJsITJea2lIsAgciO9nSlQ": "Paul De Ville", "UCjgcf6xEzvhUD9y6HrBfwdQ": "PixL", "UCFxoJeolEJsS_G6UnnGvDbQ": "Priyanuj Debnath", "UCwuU_o_i5DqsPJM4CQCsF1w": "Phoenix Payne", "UCBuSYDGU_ClVo2mLbI3ErMA": "Pedro", "UCTmeF0xvSIJKwaIV7IQbEcQ": "PM-RS-NBA Life", "UCHdTV_zOBFaHUnhOT8gRenA": "Puppy Lover", "UCfYxvD-O_SEjDVQbSm2_24A": "Pro mccree !! Top 500", "UC_gnO9iH1UqjOtILnwv91bQ": "Pissed square", "UCC_mNsFJz0UVILyvzs94RqA": "PGMG - NOOB GAMING", "UCybevxQzyQnmWs5rG0KA73g": "PenBeatsSword", "UC0YtYkHbyY0CO3kQi-70WYw": "Peter", "UCktgFYK2jZb9Voxk8FyMNig": "PWR Ra1der", "UCEh7CtkhREZGySrVyrAPl5A": "Planeta Arcadia", "UChSqHVo11m7yWGpEriUJbpA": "Prasenjeet Bhattacharya", "UCMZ02BvXkCbKlHxZTyGb1Vg": "Panzerkampfwagen ausf. 1935 Tschechoslowakisch", "UCfTaGnU5FbY66hxCH6gzwQw": "Peaceful Vibezz", "UCLtNrAJ_5az-fHMuCfqt6ig": "Priyank S", "UCCMg4VF3dA1RyGacaGAFKOw": "PCH", "UCN8tEMLvttaGKL9o3l5u__Q": "Pitch The Cat", "UCvJVkeANZCMDJxXchrmyx7g": "Pro Steve", "UCD_154HJe1IDpSNslL9FuHQ": "Phoenix", "UCVLD0zeLvBXaoG8OZoUs0tA": "Pie Tagon", "UCaMyi3iVJ_wJl9qPs1VCjqg": "Princess Trunks", "UCIy8ybpF8EXmlbJwZCPB02A": "Pok\u00e9mon Royal", "UCzfF-x4qA84Ed9NhWN4igXA": "Phil Soli", "UC-1i1l151TNiydex8Kn8eUg": "Pugboy", "UCUYOir22k7wtH1w_JD1aXKg": "Petteri Salom\u00e4enp\u00e4\u00e4", "UCqfegFP9N_OIwKfN-dcZ8GQ": "Paul Emanuel Gutierrez", "UCZs3pmei4h8HF5hUKBWALcw": "Pattie M", "UC221eWVTEo27W5lLwImADVg": "Plato Quemado", "UC0ywGxl_93Xd3KHbAvC8p-g": "Pamela T", "UCDjthb5TYjaJNs58tWwwR6g": "PK 411", "UCArunTQlX4NTwTCFIT_9F4A": "Peyton", "UC9MYYYe_sgcAJ2_BbDt8Dtw": "Purple blob 223", "UCllEYxBsJK1oiMsRKmduXkw": "Phirexon", "UCDWmZy4L-YexPSykZuZVmBw": "Patrick Troll", "UC6ENs1LcKJmzuDMoM82r8XQ": "Puppy Oliver", "UCmsKeXRt5n62DqUVoRvvO7w": "Purplegirl's Randomness Channel", "UC3-2cPEzcYZ3tnA8fSnndBw": "P Cardenas", "UCfFmcwElHA3jn822go0tCnA": "Pete Saguy", "UCjn3lvRPxmfLMc8M3Dv81Dw": "Paul Wilhelmsen", "UCO8koxQKzYJxHdp260rV59A": "PowerPanda", "UCwfrvWpKhWEhyJGdCR5KZbA": "Paula Van der Kooi", "UCHy256KRWy0VIR-yVTJ9GtQ": "Poffy Daisy", "UCiUdiYZsMwT3YtweyHDFkng": "PrinceJohnny", "UCk0G9jwbRoahZ96aAkaR7eQ": "PAB Gaming Onlne", "UC11SaI-f-hOgKlxJFNLxexA": "Poggers the Handsome Man", "UCI1sx6tE_dhnWa6a4UDV-aw": "PurplePig", "UCwdsS6WQCpvvBd4FttiI4gg": "PlayoffL36ron", "UCXAe-Io1OdtV-TCMCKD73RQ": "Pedrojie Is Justin", "UCLJ48us692V6KIAw4vXCB0g": "Pat Masters", "UCwJ7NDTT2jQWZe2k6mV5Vjg": "Pok\u00e9mon Enthusiast", "UCg-qA-b_1R1dAqgpKGSVuuA": "Painful Snare", "UCGpcIxMXbytzjYy0goPi3BQ": "Poison", "UC57CxR3FQ-bmmrt62X2G_Uw": "P. Burr", "UC7xJWo7PNvXQbSEhkjzLupw": "Purple", "UC-BN6M6yzMZTj64a-hT8Ilg": "Paul Xavier Ramos", "UC4jyAjzStOz5iTR_bwTe3Bg": "Philosopher's Sage", "UCSS9ckDJJldvnkchrT5mQ3g": "Power switch", "UCo7DJyR2aQQmptfEImWzr_Q": "Patricia 22929 Roman", "UCyw83r2TKQ6mUWDj4vdTWjQ": "Posh Bashir", "UCvgnH2XBOVzV4sHyDnaid4g": "P F", "UCi-RPzaJJ95JeQjKe1ZFlUA": "Play with Zack", "UCi3Yb4-ii-P7H_4Sxjf2hvQ": "Phien Pham Duy", "UCc9uhCA7LnuMDwtGZ9TsP6g": "Paris & Jada", "UCSF6hs9xeJ5wfqBqpjvkCzg": "Popeye daMC", "UCVRcpIFRkSKm9fOumHDDLdQ": "Pierre VA", "UCMC_4Dr_l7FK_MsWwL1lRlQ": "PerryDuck", "UCqI7HrBVfMeCwNEHr_KOX1Q": "Paul Rodriguez", "UCr7cDyGnk4xOXpR_rTtUacg": "Paul Donnelly", "UChvJr69odidRXM-PwwmY5ZQ": "Potato Club", "UCXi0B8oPoQXSwtJNtsL4UKA": "Porygon", "UCxpvXPVN47dPRIQN3Gcb3Ow": "Pro Child", "UCprhukSTVKovFY3bHDBVgvQ": "Pumba", "UCfb-xNiCD4z9qIuVMA5XXpw": "PandaGamer", "UCfXQpj-XDJbognxx8sDB2aQ": "Pepe Ravia", "UCgxL7cJqOYtnD51wsGVs1Rw": "PurpleAsherr", "UCOWWFREuguJfq_ZDkaV6-Mw": "P03ticJustice", "UCOYkUIGe0npTvZ9tl35u58A": "Patrick Ferrige", "UCUDtnfQaoxuNyrwZMXI59Xw": "Pat Trent", "UCs52_S4Z4XVDJL8iV5cNpvQ": "Penelope Penelope", "UC9Mu-zNsyMztifHRsXWbfPw": "PP Leakage", "UCXSHNakTEF7iMoEWy1pvoSQ": "Pyro XD", "UCv3uqOoqCRky3bnNGFQxQAw": "Poopsucker 280", "UCYPkjBXDpbVTD3Z2ngfw6zw": "Phill Taylor", "UCphlzler2in-ww8OPqseh2g": "Prachi Kumari", "UC6D1VCw35maIPmvQKa8iViQ": "Punky Brewster", "UC28YhpWIff729xmQMilEi0Q": "PristineTX", "UCD1E-4tNuBwm3p9rbdMpL2w": "Pneumonoultramicroscopicilicovolcanoconiosis", "UCyO4gP7xXMHqdnDGO1KIcIg": "Push Vedula", "UC3RYHkd-BGXGQPk3ssYsHJw": "P.Prasanna Kumar", "UCuoFeVf_LP61LBM0ohojDCg": "PrismaSigma", "UCiZ_UMmOjE8g-7MmIo4RdqQ": "Pure Pain", "UCLBcI2Ncvd1QZRbOG56c7jA": "Philip Hockenbury", "UCNUNl1BmKffOmPZ7glfWAwQ": "Prabal vasudev", "UCju20bIBUQRmjxdWk63GZLw": "Pittsburgh B3nny", "UCM486mRTb55rt1eY9ljmjug": "PlANE X", "UCu7GmgwApIfpA_VC6lWas7g": "PRYZM - Personal Account", "UCjaEoHZPs7WXJWi8or7MpiQ": "PacificMangoez", "UCrY9a5ZARiTN3mEFSY9z65g": "Pog-xoltl", "UCanfoeK2T7f1Eoed4b0xKxA": "Patrick Estberg", "UCW4kdTNSWmc3SBGu9ycdgxg": "Pennywise IT", "UCXk_K_HOgaM-SzU-P2pVMAA": "PrintPython", "UC_8qlcjYNqduzz46ns4H1Ew": "PLAY MY MEME", "UC1facZJeAuD6RK3LgcvMfjw": "Pey Onveerakul", "UCYQayVqv5d7-E4vkjNxTHrg": "Pauline Taylor", "UCgPhxWLB3IZY1A0E4lG9SZA": "Ponmalar A", "UCarP2bDUTvKaLUzwaoAfSbg": "PRCREED76", "UCRGHxZTNdQ6h6ZGeagcXJhw": "PANDO", "UCHwRqRUfkaDNdIzeGom505Q": "Paula NoRego Fort", "UChTv5d95JE8Wp3u39B2EbZA": "Patrick Pi", "UCK3cIKX-rZcVj1UDKmA9dxw": "Platypus Perry", "UC9LRFDQpVHG2JicBEwLdx4g": "Persassy Jackson", "UCIFSzFP7ZzqpFsKzYIg4hzg": "Pro720HyperMaster720", "UCztJGKencYDuorcUXGwXbzg": "Patton Gilbert", "UC_cZSJ0_-mou7VXQw2cTb2Q": "Patricia Williamsn", "UCA6lTvIbKIW-_I8Et4XHLGg": "Pepe the frog", "UCx03Gpc9Tn-1buOxF8MRYAg": "PurpleRain666", "UC_DR2wifuYn3-eOEUN8_VYA": "Przemek Dudek", "UC3mqMwUqsJPfzc12fTOCFrA": "Penelope Addison", "UCUCgIdRjx5L5pEWwei2FzWQ": "Paola J", "UCONHrlXAw4t2_nA2GP-52TQ": "Pink hearts \ud83d\udc95", "UCZ-dya8WWnJV_n7ZUlUjwyA": "Phillip Jensen", "UCEuHrfSa-9rzzzEbOnPRlFg": "ProfessionalHacking", "UCEa4EWnxW7xZSsaPOsxx5dg": "Prabhat Govindan", "UCCKQErNmfKnYAI-P67VOizA": "PricesPicks", "UCkcqvaKHr-MSx8ki3AqsWXg": "Priyanshu S", "UCB6s-rLE2evhR7dOfqoDbqA": "Phillip Tennis", "UCz0nj4K8d1RQqrr5z22y9wg": "POOPSCOOP85", "UCSaC1iAKD-K4U0BQHi3_gzg": "Pat PresRoche", "UChoV-ijKGsr_CgUxYHXb1Jg": "Petr\u2019s epic Channel", "UCheDtrKOCc4V0BU5wDwfq1A": "Penelope Mia", "UCgSWhb-HKpIgRvJGphWNUGw": "Phil McCracken", "UCA3fDMcsCf4G9uZOlaaBsww": "Parardhya Hugo", "UCdV3QYFDz0o0xD0bUH1jhnA": "Pierre Villeneuve", "UCcUICZ354xX47pTyd1CmolA": "Parker Chu-Ba", "UCeyjj8Ga0aoI1CIRkI4BINA": "Project Phantom", "UCy2n1ojMLzFK0jbEhJvV0uQ": "Papa mini", "UCtSbBfMtOVeWoJodZO0Q-KA": "Pradeepika Peiris", "UCoW5kaVEF-Q0q1SFAKvNvPg": "PlumDowner", "UCUvLU_6gICOnbwsilnveZ5w": "Prower studios", "UCFPGWlCjzEE1kuCLvpqGXXg": "Pano", "UCXV51Z0BbSvnJGy1NGo_tqw": "PuffyfluffyRe", "UCTngnOfPcSn12joGf_ZqcXw": "Pranshu Nepal", "UCfdZKP6XAJOb9uFn-3I36Dw": "Pierre Carmack", "UC1Y5GktmwsBZWJm6crS1Vaw": "Pooter man", "UCJb_Xa2h636kH7JHJw4cfsg": "PARTH SINGH BISHT", "UCrhmAiKCHnRptU1RKdbWtRQ": "Prince Von", "UCCVyFuwQjUA3PtnbpZoSTaQ": "Plastic Eater", "UCrLk2NSi30HzwYyMYdDh98w": "Potato Penguin", "UCp0QAXwjPrAVjCMNx1X1rKA": "Pagan Min", "UCEojdz0rIYI0C7d0NOZPlAw": "Petronilla Beat", "UCQQ0EMRLJ0_ui3CS2bJ14TA": "Pat B", "UCPYWArFZD82jTATZX6k2OXQ": "PartyTime Puppet", "UCJ0NSavkvgzOiijKHgBrFLA": "PenguinFromTheNorthPole", "UCqKOVvPH6tsJv3A1iBiRJ2Q": "Paden's Pixels", "UCwaZTYJ12VNkSbQso2s7lmg": "Pete", "UCa4PCT2md6hc9Bnf-9BvL1A": "Pahanin", "UCttXBizH7ASqPQQlZ8iEGnQ": "PHYZIKAL DA KING", "UCSrDKDRmasQ-4v4FR08wHpQ": "Pamela Heriges", "UCjsf1o8Dtleh4C35Ssc2Xcw": "Person", "UChLHGOh39u-FBYD2P-zeIKg": "Panjo G\u00f3mez", "UCh7Evy-VFugviqeZkbdp5xg": "Priya Rajasuncy", "UCOEOFh537WqeudNQXILWtnQ": "Potatoguy 67", "UCN7MrmDrsSrwCMB2P70Mo_g": "Private Party", "UC1QwV_lAnh0irp5bj8aGmqg": "Priyanka Singh", "UCIjdvMFmPwmk3kDr_of1QEw": "Patricia Strang", "UCF-r0azM9sQL-M9bfa1RJDg": "Prince rey Fernando", "UC0QGRMxrKpBh51uT04WR-mw": "PiperMation", "UCpbXMY34tx3eXZZA0cNt1xA": "PaperPerry", "UCOtSq2mHv-nhfIGlG-BaVFA": "PalimpsestProd", "UCIv1MVwU308vZ_S4KD9CJdA": "PurpLe Love", "UCjRdDD0j8WcRISweJZKInOw": "Parker Cook", "UCCFpxqb3HzocyJl3DN4jY4g": "Prima Pax", "UCGfkTYMAkXc0oGAxQhZa4Gg": "Povilaz", "UCoi33eeh4bDiJ8WDt50q5uA": "Patrick A McGuire", "UC5XlFd6IDhU7poLveHgWiOw": "Prysor Jones", "UCWWZE_jSDGfLtDf6RxE9pDg": "Potato Gamer5656", "UCa6vkIvJ3e2NCd6Yu90AiKQ": "Paul Ramirez", "UC3c3DJnCDdyI7CyxKM__bew": "Pumpkin King", "UCuC1GkvpfL0Pc4hBrgtzxcw": "Pink andahalf", "UCbCrzlaHwsSqqCRnD-YnbzA": "Pee pee poo poo check", "UC1A6Y9EIVXzXuyJm5O2PPgA": "Patrick Riley", "UCthjG9DfM5nQo_nlCmBgaZA": "Poppa Wheelie", "UCRCx5ex2uy2q0i-lKswX1VA": "Paul Croston", "UCR8Ki7Nx7AQK6rDqMMvDF3g": "Pramit Pandit", "UCS3HOGDzQjRmsRZIiU9xT5w": "PenguinsCanFly", "UCGtMLW0UwAM4_rkFqEKW3Hg": "PizzaHunter", "UCgiR8Ey_aE1kJmrB-uh_uQQ": "Pluce", "UCFFXP11g2s02NFUYCkZrZ7w": "Potatochip blueberry", "UC1ygY6Qmy1ItL-5kTlxbSzQ": "PlaceboPictures", "UCTcZg94bKD3y-U3kShtXiyg": "Public Knowledge", "UCzfFgPg1N6p1A6yG9nrVFDw": "Petar V", "UCTjehd-vRGr3IRmCV8l72Xg": "PhatAssMitsubishi\u9032\u5316", "UCuCQs_YwUaVx5zTtmeoUtCA": "Plastic Rabbits", "UCrylJ4brJ7NWOEHiCrZNEEw": "Paddy Mac", "UCmH2ZIgplx-PETQJ19cCfDA": "Porkinstine", "UCZ1aRtB21f3xmEMZaM8hhvA": "Pedro Peters", "UCTkSKcAeNnSr6wksvZMX2dg": "Paige J", "UCnw66rqUxH0lr7jeGFjH2mg": "Prettyboiipugh Pugh", "UCpkaUzL99tPWr7pzFwx72Tw": "Phil Ciu", "UCEPxoMUhsEtNOVGabdSUlPw": "Paxton 1000", "UCWkgGT_Ou7pmzVtYrP_2CFg": "Pogfection", "UCloiwf7rLmnfAPMqcMUoYIQ": "Paula Yaun", "UCOgqE5XO4W_RfXUheTaOi6Q": "Picky Path", "UCyKPd4XGIWccUXcDGHSKjxQ": "Pereira Natalia", "UCmQxf5t8BJPpxnkZgZO8UHQ": "Paige Bangle", "UCTX1V5Co_sjw5aFUXEfhMAg": "Pramila Nakarmi", "UCT6Hz3i7a4pnh5vFStS3mpw": "Pontus Karlsson Ljungberg", "UC5Xcr1POO32i-XL6UI2azlA": "Pedro Lopez", "UClrBD_bXWgIEJMSHc8-jBtg": "Pezzbulla", "UCdSG_X89_TfMUbWLAR8ifdA": "Point of view", "UCZbPuQllatMavVmehqe-fcg": "Pixie", "UCM3BjqLjJaGygc_-PSTCH-A": "Pokemonerd", "UClmKoUsJX25PDVCZZU1XPVA": "Pandaplayz", "UCzefnaCPDvKxCcOpfmFU4Ig": "POU", "UCmppNAnJXrMVkz6nhxk8YKA": "Private Dino", "UCDpJ2Oj871qtifvyQSprYqA": "PYKO - stealing job", "UCxgusJSbpVM3xRsgC_Blf9A": "Puma Moon", "UCVE0avVPef0VWv5gYz-z5nw": "Phuck Youtube", "UC6k-D9ME0mJh1wR0yHhw1Hg": "Pumpkin Pie", "UCoe_LQYOE7VFO1WncJrKSqA": "Polar", "UC7L2QbPqn7TrAjTpl3fAw5g": "PikaTrainerKid", "UCnTsflM3ALPEYqgTnkzSl3w": "Paulo de Ponte", "UCC5suhaTTddjfauMX-i9acA": "Pablo L\u00f3pez", "UCIQkIYpJK0QiUuoqP6lYoMw": "Peter", "UCkSnKKAJVuS25Zz8VZYir7Q": "Pinky Almeroth", "UCFNAsYiEkgvevo6fbfepOqg": "ProdCharles", "UCyoZDEeYFrjPPquses-5q7g": "Paul Dempsey", "UCQ6Lgsr5xtcXmc5cxijHhdQ": "PratYuPD", "UCbLkNCSxrcCD8PJtWMWhV8g": "Peachechan\u2019s Journeys and Cosplays", "UCPThyqMS6rdeC2N0PJOJ7WQ": "Penguin pro 69 420", "UCDpcs5rYwrx9g1ig2ZocQsw": "Petra Kihlstr\u00f6m", "UCBNK9OEliXMFUs1p_ljCyeA": "Pamela Wing", "UC7x6KE8U55pLGlqv5ZaaXew": "Philip Nyqvist", "UCXt2s3x5sIAPsbNvwexgMtA": "Peter Silva", "UCGIZkXuEmYOhmPTdMEtoGEw": "Primusaur", "UCsEGR6qtOBBVtpT4yCyN2HA": "Pausanias I", "UCnyrgU_gJneT4M-0BX0CMxQ": "Peter Gamer", "UCPD2QvyPF-VWv89Ovcn7k1g": "POPCORN", "UCki7i7bUalRgSMbnhxcG8Jg": "Pratyush Chattopadhyay", "UCuz4Q0wm1f4DRck_fu5LJ0A": "Pe\u00f1a A.", "UC8ZPorxYK-jd88915RD1_kg": "Punk Poet", "UCTHYhzFylh1yPJeNCvJTIlA": "Patricia Linda", "UCcxp8h0fhptLl7u8WX1FhvA": "Paul Shuttleworth", "UCFGCwq4TUymrIN8q1-vTZow": "Prajwal Praju", "UChIDK1YdT1Zlo1QvgFoP03A": "Paul Anderson", "UCquOMAcSu6fwo9GMhnh6Zqw": "Peewee Films", "UCwGEKLl1M4S_F6rWOixThjw": "Part_Ath3na", "UCwfDiwZlXZuCf4jVwnhUyEw": "Peter Marchut", "UCjmXwq2o_I5eQnUwlixmFfA": "Prxvia b", "UCmZgidTcig3ASdDHXbP2EvA": "Pixie Dust", "UCGVSSn-C8wqBdo7c2J15NrA": "Playaashell", "UCNi0PN5wJAXG2tAYfdJVmkw": "Peyton Marcus", "UC9kAaW-a4Jb6MxdM6ZRXEsw": "Professor Cow", "UCD1ff-oq0IRVCWpORxoBkCg": "Phong Huynh", "UCtBi_88dGb1Fs0GohZpdPTQ": "Pity Me", "UCHfFUlp1y6gW7BTMZOgYWSg": "ProGamersTop", "UCTHSKQYmIdAaqE2Cgo7u3Ww": "PressOnAlittleLonger", "UCjKQeKYLp0UE0K3viuP70uQ": "Parasee_andmemory_gaming", "UCvYL5a8niCdUCVRFstjEJNg": "PuppetGuy5", "UC7gKB12Scagy7HHShMa_xvA": "Pedro Gastelum", "UCf3rTDPvrJs-EHCjzLnhX0Q": "Philip M", "UCSDKKj3_4f-u9uA-6VWPOiQ": "Phillip Alexander Carr", "UCnLVh5q8Qc946N0suUC1UMA": "P H", "UC6EgIc0F03lGU_NHLNhwrSg": "Power Republic", "UCeMyvrW7YgXGYXvadJIJHFA": "Peter Howe", "UCbDT0O7buD9fmQlx6JX_jsw": "Peter Miles", "UCRj8gFuxel29lXJt8e3V2_A": "Platinum", "UCu96z6ETI0fml8RRT07sWcA": "Paulino Lamborghini", "UCsiYoXt09gYxqDWEsQjUOLw": "Penelope Nora", "UCF5d3vtniIBRsIbegQbymBg": "PackmanGaming", "UCSDs88ZK7bdOxHhkpfHmZjQ": "Perish_haha", "UC27u5IFuL7eS9dSBUMjQrPA": "Paul", "UCsmVb2DJSCpXZBwfLJ17Prw": "Professor Cube", "UC3ZzqI_itchkh1VXMfpC_MA": "Pierre Le Chat", "UC7bCkNQnR8rwuwfGbtOiXIg": "Platty", "UCVjt5c8R3sH_-htLVvY5Xww": "Psyco Playz", "UCBPTzcAiAYZQfvI3Ea3VSqg": "Political Spider", "UCF0u54C7m38VIbXw7xb6r5A": "Peter Gama", "UCXby7q5E6KCWK0G__1x9oCg": "Pluff Man", "UC3AS-R2Z2A7zTq_5mA34YgA": "Perahoky", "UCbz8rNHVxEukqzXWcqo-X2Q": "Prince Hall", "UCx02aoLSdntx4lFfK2JAIkw": "Parker Davis", "UCwxtK-06JNKNt6i5xRuAxkw": "Part-Time Pedestrian", "UCWIflda52dauZArdt0juS3w": "Pookaboo G", "UCaumnlOvgc4ZvrdlK7Yak8w": "Pie_ Canada", "UC1rlKwaLCpEcAbjQB_ubJlg": "Purple Scholar", "UCpoDXbFn1dl-LPq82tusaEA": "Prince InFamous", "UC6roYXU0NvZ1Cc2b1oUrIxQ": "Pigames 2.0", "UCpF5JXCgSnYoXchYuQpwDdg": "Pauwman", "UCbYRJhI4kmOyV4ovRN7GPRw": "Parrish Harris", "UCS7-GCGwTTSc_CIHMqPDEZQ": "Pigman", "UCybIgLBaH9QBfRIC8c0MgTA": "PhantomObserver", "UC8HPvAUPPYga8sRGBYgwR7Q": "Pauline Ng", "UCm8dMijDhtbaby56e4Xzjyg": "Patricia Ochoa", "UCP621OA7p72SqXpgBNGYU6w": "Pog Axolotl", "UCv0yPik2kypvmaj6L71YdWA": "Peterson\u2019s Pantry", "UCRyV35fNJrot_5wZkkE2ZeQ": "PES TECHER", "UCK-bimmi4AY8hxhrzKU4_rw": "Profile", "UCwAd1jZlw13tw7BJkIdUnSA": "PixLemon", "UCeEcWkSlS2Q5TANDvBpksbg": "PLANNER", "UCVKRkWPB00xD06aKW7hTp0A": "Peter Ratliff", "UCskyUhexuvjtIwFijgHpESg": "Pamela Cass", "UCESGAEYCW0trtcBI9XHBqJg": "Paul-Erik Rebbestad", "UCIW5_TDvaBD6TfOtnI9yFrw": "PL shadezz", "UCeWW2wPfSP7i-iYP0NyZ8KA": "Pendulum-Swing-2021", "UCUz-DwyHBa4dnLv7NF2kkig": "ProzzonioGaminBoi", "UCbJorno024TkLAsrHb_zXng": "Phil Everitt", "UC8PLwLKz5Zz9dDZ6A3Fk4Pg": "PAULINE ELIZABETH HOLDWAY", "UCfmooxoiwXWAuOiPmDnezkQ": "Pokimane Fart Compilation", "UCKxTvSdxrmKubKYb8fNOZ6w": "Pillology", "UC5xmCDRUtaoNhUErUJsWmLg": "P R A V E E N", "UCy409QeQhWSZPjdX_hVBHkg": "Plipo Gamez", "UC8lYvLZp260q8dU7Y7AQr_w": "Pawan Vinjamuri", "UCSyvkpUb7ndSTcgzore94rQ": "Pocketmonster 108", "UCOcI1xiA2U0kJYXofwUTe7g": "Peyton Lowry", "UC2x2FWOW05pLLkWsTYSjrmw": "Palo Santo", "UCZ5mN_0wXF9JgvMJOZOT51A": "Panda_Marie", "UC09OakVJMt9NKdHbvBWjdmw": "Pillokun", "UC-lQVz1tJi_uKbmybpMXouQ": "Pat1", "UCAQJf11MCgthjyt8cmR6Y5w": "Priman_PR", "UCWX7eSHpdeyE6_nO5V7BWbQ": "Piggy", "UClqHOd9R5qQ4OXSMOgXuAuA": "Paul Garcia", "UC1_BSkoceS4xeJe3nTyiJYQ": "Peach workan", "UCDK18KsYK7mFPsVExCy7fMA": "Pyrope Love", "UCPF3mtmLTI7LwzfZscNbY5g": "Pete G", "UC8PRdw8NCXvSfyoiVQBJ0mA": "Parth mudgal", "UChqytTl6VzvmAI7w30rbGOw": "Pete Peterson", "UCam3yOT_gJYGTA7iJ0pKHEg": "Pritam Nyaupane", "UC2VbGf17PX83MuejmeaJqKw": "Patty B.", "UCaSKN4NsFIUltJZfHZQRv0w": "Prashanth Saravanan", "UCXCSuyi5RS_KhySIXqx-YpQ": "Pumpkin master", "UCs50c3lvn2cVSth5ZKHM5xg": "Paul Benedict Juan", "UC62m_q0mxvBkyj4EZ0eSdKQ": "Profesor Major", "UCFmIk3OdGXYrW3KD6f4RFkA": "Perico Pinero", "UCYQ1GGZdT9_KPLrqH1FPBPA": "Ponds", "UCE0yWAaB9NKnT432uStph8g": "Ponisa Seaside", "UCOOhJvv24X9U3PMV6GrMpjA": "Pompeo Chiera", "UCQ1EZ4wXIlxzjpO8hNGgVJQ": "Persara Mawlong", "UCBxWLE4POujtS9OL4xlnWwg": "Punu Vakatapu", "UCWlwRscVJ_3HCVqbci9wZvA": "Phil Crownz", "UC6-dXYLLOp-9-hWmzREW83w": "Plottwisted", "UC-svOE7GNbOu_NH2C4ljTzA": "Professor Calvert", "UCRCh626wevqfa6b5pRgoAiQ": "P\u0337r\u0335i\u0335m\u0338a\u0338r\u0336y\u0337 \u0336 o\u0337b\u0335j\u0336e\u0335c\u0335t\u0337i\u0336v\u0335e\u0335 \u0338", "UC5i42alzduolQvv8K2JfPWQ": "Patriot Kat", "UCRN3n1BtHjZVJZ8rrHGCYPg": "Pikachu~", "UC1bccYaHOSlsINly_IX9DaA": "Phan Ph\u01b0\u01a1ng Anh", "UCoMe8vxLJId0jFxPRJqYqCA": "Pandagirl123", "UCJtOGfArZ8Q5Xqgf39s8TkA": "Penguin Power", "UCtw6YHOXE-LvJL2H59ADATw": "Porscha Abrons", "UCcNDcwrLrN_ecu-ZDfGOV3w": "Pulpinater2000", "UCxQdIdcH8DOb0rin9b1ZZeA": "President Potato", "UC0dvo7KoaGhIbrhbNunyWpw": "Peanut Man", "UCWJ1wB_xAoJc-n6Su-RQk7w": "Praying Lotus", "UC6q1rF9S9bCjwiXzh3lZdUQ": "Praise h.", "UChd8GvrIpJ6Nqw9uKWSWtqg": "Peter Joe", "UCTLzDSvkC_B0VyVls4utC8Q": "Projectzero", "UCCmXHODLFdhBSqKNivtANQw": "P.C bug", "UCROhO4XyMUmQNIgs96eaW7g": "Paul Merritt", "UCex8L5sRawP81EPOhZbcj3A": "PatternSon", "UCIohmEEtnMVnBr7FCQkPnzw": "Phillip Reynolds", "UCrNcfyJXzWXm0qkuHxzuWhQ": "Pastajelly1388", "UCEgnpPA1uH7Ig0UTUUlI59A": "Petra", "UC27oJ9fGUvhRztrkV1j35aw": "Project God Eater", "UCbEhzNh3NQpVbVB6XC-IBNw": "Patten Vanessa", "UC5jfRFRmiZVGIVAEJgmjuCQ": "PunkOfSqruirrels", "UCdUXnMcwhpA0zkDGfHncxVg": "Priety Saha", "UCWAkAdBJbjzpKXPdXmmi8tA": "Prospeed 89", "UCUr-VcFe7TU9hIOr3kgsKOg": "Pz9 the best fighter", "UC8AATUy85hFqOOObGNQtBSQ": "Plastic Cup", "UCJMsaeI2yHbAdpxrkdaxwag": "Plutonium Mapping", "UCabjP3CAJLJeGVJ1gG2SpJQ": "Phillip Hague", "UC4TTq0w_QvuzFjuf7U-nAgA": "Paolo Cr", "UC4pHPxFwAMyQfidf4ZVvXgA": "Phoenix Rise", "UCCZjqrC0JuGtBPSsxSmFg4w": "PUNKHIRO", "UC12wDEAk32Taz-tooOBTv2g": "Purple Lotus", "UCOiPr2DJ_6fw3FJb1CySjNA": "Pam\u2019s Rage", "UC9UvCEhAIb3KRrMjg6BMfvA": "Phoenix Ferguson", "UCTc1_1_yAtD7pX0UlBgRC8g": "Panther Coder", "UCI1n11BRV9TdvK-bCoS-xqg": "Pupy471", "UCk9m2Ymq3UfNIK_txUofvCQ": "Philip Hewitt II", "UC-C3Qg4SwkUyxWq8mI-M4IA": "Phan Kh\u1eafc \u6f58\u523b", "UC1n5JKmeF7vxe_zFXP8pg7w": "Prisy", "UComfCb_je5oWfv9KwywTehQ": "PotatoFri-Genshin Impact", "UCKAFKvy-zgncSlGHDOZXGJg": "Phil McCracken", "UC3KhCr3Vk7dcZQFZqS7XzPg": "Panda_Pal_Jonah", "UC3rsOl7NQzOklKd_NmVDebg": "PhantomAhmad", "UC013m2GaGCE778ZBsravEug": "Peter Vue", "UCYYcJ6UXODK8yJ2-hNXFOqA": "Pakman3000", "UCfI2M63ag9fc0dY6C_fvt1w": "Politician Snake", "UCudQZHRrJxwX7eA-y6AvGqQ": "Paisley Foster", "UCWxXZnVIe24LlXTKvIb5y9w": "Philip Tonne", "UCXPqpObAG1lPEfA-M97bmIw": "P H I L I P I N E S I S A C O U N T R Y I N ASIA", "UCDN3sOjvpw1MiZnZCtXzU1w": "Peaches life  place \ud83d\ude11\u2764\ufe0f", "UChGhx38D7yqja_RKmFWKF8Q": "PugLoverAbbyR", "UCFo4Adw4Au1Eq3P00UadrYw": "Preacher 666", "UCDd4YyzUIMQMXBLiCCg9uMw": "Paul f", "UCAeW-eE98O_6IUORLGVtKzQ": "Paul Flamez", "UCmKjT54nupaz2c1WF_2KKIA": "Pepsi Jackson", "UC2vJTN81xEF15ccSTC1gALQ": "Porpoise", "UCyj8_-WlNZYUPQdegSC81BQ": "PIKACHUNAIDU", "UCtc3FoSqiBHL4XSBduBG_PQ": "Patricia Navarro", "UCNH1RZkL8b_gtOCdxhNmPRg": "Prajwal Mapping", "UCNtmC44TuA3ElDNMYXTJ1og": "Phira Azzierli", "UC-T_-up8xNxLiR5HbKr42xQ": "Preston Blackburn", "UCwgrGr0-nBB8qm0S3rJBumw": "PLANET MMA", "UCvPqy_IhJKf8RkOwvQw8Pog": "Phlocast", "UCb1I6wsxr8E4IgHoe7C8YoQ": "Parakeet -", "UCIs8HEOIN7bN_OCUMyhr42A": "Pale Rider", "UCE3vPy6x9nd9E34kDf3q87g": "Pew Pew with Todd", "UCXbLgxklHHHevewzPpA0kFQ": "Paietyn B.", "UCF4dVZ7PZW14FwMRIKoRIoA": "PAOKDAB", "UCqZpKZL-_LzQcALwWhCEBgQ": "Petru Stoia", "UCjiH-B9SRgbMXLHDCebQnTQ": "Patrik", "UCmOzUR2_HS-eAY93xDKlUBg": "Per Hentze Petersen", "UCzpzEEAjIbZzpHtFcby-KDw": "Patjellyjelly", "UCVyjaPReIUIgEkmcdOZTkEQ": "Paul Chevy", "UCZs9JaeyLuimBKOyD2-zEvw": "Phoenix Morrison", "UCRIr-3H_297YTQsMb20FRRA": "Prof.Dr.Rajan Iyer", "UCdM_jgKKu1HsIrkF3PfmbbQ": "Potato Swan", "UCKoczIVzMnNkDcCIBrvoI2w": "Pamedarix", "UClReSWO__dUEXZCFcy_4Gpg": "Pika Pollution", "UCiT0QDC3Nz4IOkbc7VBqMIw": "Pratham Memane", "UCm2zMIB8wpbBEQh0sNPhWuw": "PaulGeorgeMVP13", "UCmBos-6UkvMiwmlYoNHpymw": "PRAYAN MAURYA", "UCGVnkV4RfFvlyQ61c2DH7Dg": "Pruthviraj N", "UC_1iAM2nDcZ0FnARbx-nakQ": "Parzival", "UCUx7DPbx8q4cb4O4lPBPqhQ": "Prerana Prakash", "UC1h7WNr3Yp5WRsBJnhJbzLA": "Peter Hernandez", "UCGxrBXGtOvFnGiHQoTzi5ww": "Perro1790", "UCfH38Fu6IBFAeD8gfkIAndA": "Payzh", "UCUxCiM1wbJudhg0azn29N6w": "PzKpfW V Panther Ausf. g", "UCp0W8bTifq42wQWQZi1ISdA": "PhillyJay. 215.", "UCHbNHfAx9Vu_1KIIdA8RqfA": "P B", "UCsuJGPbfwzJgjyVRafFELZw": "Pinguin Bah\u00eda", "UCZ0sMC1Gq7QHSghbyMsPnXw": "Princess", "UC_2lCcdQPCwajFMonD6UIWg": "Patricia Bryant", "UC4gOUsnsOjG7dljOK005yXA": "Patrick Kwon", "UCHtNkXaRY3EHEQ200oraYAw": "PineappleBoiii", "UCvaD9OvzYpYBVVGtl_XYsRg": "Pro Audio Tools", "UCs9K9Txi_FrTQmhEsvraRZw": "Pump DaddyC", "UCq6TS6_d1ZWNBXyjO58YXMQ": "Prince Berardi", "UCY3zP9wGLCYYAfi1YrddvGA": "Pleasure of Life", "UCTQhCSR0h2CUGroZ_LiY6AQ": "Phalaenopsisify", "UCOj-8bIkbUq42YLlHevvNfA": "Paul Dunna", "UCHnRK6SG00sF3KuE88B3DZQ": "Peaceanquiet", "UClj4OP2LqVYJilZuvEf7xpQ": "Poever", "UC6GszqPqFU05sGD5UfrN9zQ": "Phattyasmo", "UCMCFBJEtCCnMIiu8vDQamPQ": "Priyank Deshmukh", "UCzEBCFXnm1QLCjvcCfQOKOw": "Pradyum Garg", "UCH-MlVPRRD3myx3uMN4MJmQ": "Peyton Laing", "UCberrEDowYTlAzJHE8sp8GA": "Phillipe Vieux", "UCg9_195TTt8cXghyJz3euJA": "Piggy Master", "UCH3q1TAVC0dh9ROpuEDRjIg": "Pamela P", "UCsWrFqyrq-Qt8RojAdzkjZA": "Pritam D", "UCxlBGDaMqpuBVYL57pYXAvQ": "Peter McBreen", "UC2eeY5jexc4w6WALKnHjYAQ": "Philosoffee Aremlove", "UC3ZrWdx0n2lSvopUvkVIt6w": "Prachi Rathi", "UCn1YB0kpTz_KfaFolMj0Tww": "PA Corp.", "UC254NJtfijn-PdCTg5Je5eg": "Parusha Shridhar", "UC2T4ZGI--wlk4_yw5z8uLzw": "Pepeja CLAP", "UCfBA8zt3k2Nf31lbg3xwUow": "Paulitaut", "UCUqsybZzDNWeTucOQV1eajg": "Problem Child", "UCR-BGpIQmqZWEgJ4WalQhBg": "Purple Cinder", "UC-oRGAna32UyIUrfyLsViOQ": "Paola Peral", "UCrcomJG_BrrtU4mHhFmgjag": "Piggy Bob", "UCeW2K_befjOhobxWQoIgyOA": "ProGamer6969", "UCh-T5kBxJtirzCamW1y6UdA": "Prince Obeng", "UCkE_cKDH1bTJlXYXXEKI61A": "Prime Shinobi \u7de8\u96c6", "UCyfz_RfbzcHoEV3yrRqAZOg": "Phill Andrei", "UCxwC5sWlpM7LK5SOdPlKUmg": "Pocket FM Stories", "UCc2kW_P9hgtNDcXG5NhHNKw": "Partners In Darkness", "UC6uHo-hhr440-nBlje5mUaA": "POTATO LIVIN", "UCLIXLU2B_UaZ3oNs5r0EC2w": "Pooh- ROBLOX", "UCJkEY0A7ls8w08CrFOHBEIA": "Prjndigo", "UCpBOmOhxxNrnJ0BbxPDb4eQ": "Penda", "UCG1z0El9MCW-jEGbSjh3hwA": "PRETTYBOY KEVEN", "UCyvj_4FCt3WKUkH1cLxcq7w": "Phoenix Whiler", "UC3Q1_QYOOlQXW4yIGt4Wdqg": "Pernilla Coleman", "UCC0xQt9nNt8jJ3hD6d0BO8g": "Pewpew Life", "UCwW7SZk35G6AfGDRr0QjgdA": "Patricia Braund", "UCCFOgFdNBQMHiQlg7ehWgXQ": "Queen Jazz", "UCJ85Lghlsf4MliJnIUy0BDQ": "Quatravious Lumpkins", "UCDmhL83pAm-NU1wBXuqPIHg": "Quitan Wilson", "UC83TUg4ePyEzzkW64n9zAgw": "Queen Cancerous", "UC5wjWz4utRprSSa8AOvOk-w": "Qi Wong", "UCNFAPpuAHRekkAza7f5tNhA": "Qistina Nana", "UCXn1ttIh41f8QIir2_rxipw": "QuezJ81", "UCjV3FftZGgKnDkOf0rCX3lQ": "Quintin", "UC8SETA33mmufEGdi7AoOglA": "Quite The Cruel World", "UCXbkGG6T0jIBaRBVCrvmZng": "Qball", "UCSGrkGgDK3od6Z7zAPMDSkw": "Quina G", "UCo9KuTjDbtRPyjHjkp8Kaig": "Qratorr", "UCMCSAcM7ieZALhbBSLlprMg": "Quixotically Living", "UCcl_zNjQFmit8Lhj4vBst6w": "Qu\u1ed1c C\u01b0\u1eddng Tr\u1ea7n L\u00ea", "UCLr4_hhgMcjt9eD1HAjW7ZA": "Qhreena Nur", "UCugKjbOlkAST6KEe-gFfgzg": "Quintin Gell", "UCMyncTFpprTJ2q2CVuMH7aw": "QweenKoopa\ud83d\udc7d", "UCnzpBwGFtT3CJ3hXLpwuGtw": "Qi Heng Ng", "UCy8n_ZYhNIKA7Ggabt1dU1Q": "Queen Angel", "UCwr-D5y6QUEsFqchnKtOYdQ": "Quill", "UCGeIPWNqTeSi92nfet5KNSQ": "Queen \u2728", "UCA0G-io9P7UzG-7VKqxCakw": "Qwer171 Lol", "UC22iiOx0Z0uXwpl4_hbIryA": "Qayyax", "UC9mMlTC7y_wrJ2T5j_CZlAQ": "Quang Anh", "UCrjbp111W5vZWGTcTM0Uvfw": "Qadir Bryim", "UCCoinyGTuwTRT4w8CzQg5ng": "Quintin Horton", "UCn-IRh61lOKt_F8Mze8hr5Q": "Qu\u1ed1c B\u1ea3o Nguy\u1ec5n Vlog", "UCSIx8jUTZwPJd7cr6kgd2Cw": "QRW Sec", "UCwNpEUu3U2fGHgNsV9yH_Mg": "Quisee", "UCC4g67S96bbJ6MLz12fRleA": "QweAndAHalf", "UClZRWcszjVOID4cGEXe9epA": "Qveen Nadjah", "UCczONFmz1U6BcwfoRtMgmDg": "Qyxles", "UCmQuMf5cvOnv7Z-HT-SUd1w": "Q B", "UC7WdEetR1UuHExgoRVAmroA": "QuarionGalanodel", "UCuQpkSVHAL6j1a7HUW9GMlQ": "Quy Anh", "UCGVVnR0jJ8d_CtfqH5mjM4g": "Q is a bucket", "UCpeSq09mBghVOTIOPqnWPHg": "Quentin Yes", "UCNvFYmC61Vxoi9x8awXW_dA": "Quinplayz Z", "UCp3qm4Ud01WnIUBg0skEvCw": "Quuiffy", "UC_Le5TMHM5EA_n5PPsiLwKw": "Queens", "UCVKCm8wKOpk-tf0zZ08Nj9A": "Quinn the Queer", "UCATTOJjo8joPhPYN5SGvW0A": "Queensland1000", "UCsd8T-6pr3v15E-ggQt3V7w": "Quang Kh\u00fac \u0110\u0103ng", "UCeG5A4HBEM2kzbYEjpRHdlA": "QyfieK", "UCKpmAc0GyeKRMgLIJWZdp-Q": "QueenStarry_", "UCpr1NscZMomQ_si1KiozwNA": "Quinn Mortensen", "UC8Sihnau93wIffuaNSFmE6Q": "QuTonYa", "UC3bLPC07G-Q_0AvEQ9kgKbw": "Q Q"}