{"UC1gdNtQarWgbx53xZJ6wViw": "Osiel Emiliano", "UCWSNxH7uEnfUI5CZFAdwriQ": "Olivia Lum", "UCXx3I2Gtoh0fKQ5aEHEmcAQ": "Onebunne Henry", "UCC2LYCT4x6OZGmKqgKNNt9w": "Oda-", "UCPukkiMkpdNrDCnBKPkkO_Q": "Owen", "UCcICs0C2eWPPlHVIs92TOPw": "Omowale Aiyenuro", "UCW0B1cBp6JdPhJt8NfgkPhg": "Osteopatriarch", "UCsmsOxZkf4c7pNhSK17uQ8g": "Oli Wiman", "UCfRTJOdZJTGN3khnZtpAWAQ": "Otto Evan", "UCXPsfMkqEavDzIhSNV-qPag": "Ortega Eldynn", "UClDzidZia3jNfyde8Hetx2Q": "Olamide Olanrewaju", "UCRy9McvTKxMwvzeLUuLOFzg": "Oceania bella", "UCMJGE-I50Pl6Fiej3V0f64g": "Orange Monkey Nation", "UCEZ6QFA7F37E--lqew7wbAQ": "Ofentse Mwase Films", "UCIYs00tYGR34q6B9J9DTzww": "Oliver Henley", "UCFpdvMnctciBc-_m5Z1hwNg": "Obito Uchiha", "UC4_86n4IfBircyHPKsrfpMA": "Ozan", "UC9nkh44OpYV37iPOtDtssFA": "One love", "UCMyCFrSEl4w3DdysXPq-BoQ": "Ok", "UCgq2w9JOpyvMRQ_Cn3yKc2A": "Oni Kadriu", "UC3yB1p5Q2aq8VBzaxCKX9TA": "Omar Yihia", "UCQFR043PKsGIYXhoLLvkZsg": "Omar E", "UCxHCScx6iqyeXjY1VH9cIKA": "One from None", "UCC-ysCGirZ0O1wgJvnUyK1g": "OrcaAcht 122", "UClzm1eLNl6Lk6RYiMDScMYg": "Orion Adams", "UCOyJ61AjejjrY8ZlksiKmBQ": "OCPARKWAY", "UC6tKcEfaW4MpQNktndMMLVg": "Ole Skool Thompson", "UCOgNq6lolXNGXIth5BqIdyg": "OTO CLAN BEATS", "UCdFLrs0Vx0kYSuLCl3XqjAA": "OmArts", "UC3sAFRZrM2bPaaVMZxOLMgw": "Owen\u7693", "UCAgrbbq_QlXFSxKbRLIlhAQ": "Oscar Ventura", "UCMs81ShVSgp8tgtjxehU9bQ": "Olivia Luna", "UCL5p4Hs-znN35on58-L6skw": "OMAR_VLOGGER", "UC9c8Tl06L8YWWQIV6hM3pFQ": "Oakley is favorite roblox default", "UCjdij0X-mPw3z5uT9fFXVlw": "Oliver Otter", "UC9-FUOZoxvFl3V0AgzPZp8g": "Optix", "UCTOpvv-MZc8EbDAuOHno3aQ": "Onepiece MaDDie", "UCQiZocY8-SPxl_HrJ_omhow": "Ola Joliannex", "UCnP2a6jl9BhaCj9Vj3_yLJg": "OilverSCP Saenz Hern\u00e1ndez", "UCM_6XOa5VJJZy9Fmsg_26YQ": "OliverTittyTwist", "UCcX0y_qR3wv9PZMiisJ0HmA": "ONabSs Gaming", "UCiu5lRIlYEhJPPlGi-cV0PA": "Oleksii Kartamyshev", "UC8cG8q3RB6uiqvPfMhB3Xvw": "Okinawa", "UCe3eJX2Z1XGNlVNLjiZPA7Q": "Omar", "UCy_KiVliPCpS7PX6uieJp-g": "Olivia Williams", "UCcNuapwSY1W58qK7f0gjvVg": "OkJed", "UC1lzoBaJY4YDs-Kh5kWm3ig": "Olli Murray", "UCV4nm-HmoVxDcGzlv5bMtow": "OZM idea", "UCuvYW4aRXybccVUJ_QGnbXg": "Oscar Mi\u00f1o", "UCTdjD2p4Rudvv2ClKnaMKRA": "OnyxLynx6", "UC1n0ykri6cQj1mElexDERWQ": "ObiWannaDoobie", "UC7BG_wXk4asgtCQxefHmtmQ": "Oskar Wetterbrandt", "UCGMkRG-0kMVbHRK9NrAhitQ": "OFFET Mum1e", "UCxSNsOcXEz3IzdGSnKRwT2A": "One of the nuts in the nut house", "UCUFyi9oZKGJjFeHX804w3Pg": "OrangeLad Entertainment", "UC0uyZirlMT7aFks-kP6X9OA": "Open mind", "UCjwfXhojkO3FlblypuC0NDQ": "Oliver Vermey", "UCj7w_mmylWcf3ZAzaJMrp6Q": "Oreo da fat cookie", "UCkrJ8_hw6U2KrZjveq8JtAg": "Otterboy420", "UCsxHaNR8K-lMEwdzlVIlhng": "Osbaldo Banda", "UCkxdCcX5gTmrWAl53LR5yLw": "Octo Bad", "UCWPPGGfbxhaQcFQVp-_2z7Q": "Olli", "UC3TzY7t-iuMtdx0GaU12bQA": "Om Verma", "UCvdMvgJXhBauRaM2aZ-ISSQ": "Olivia Stella", "UCT5PVBDrQ34ONVtNVPvPyRg": "Oscar the cool", "UCXiZfA0MnSrbPdXZ0NUe4KQ": "Oshea Adams", "UCKWbgicUUI8iu3c2C4nZX_w": "Oscar Rivas", "UC7uL2cQLIL2o5kVE7d30evg": "Oneka Anthony", "UCtTS9QHECxQU9nh8oxdrL7A": "Orum Snow", "UCKcF3HL37Ofj2G9EyDah3wg": "Oversalt", "UC5CBNBO7yJTOWdcPmJkWAjQ": "OXPAHNA KOMPROMAT KOHTPOL", "UCL0TINRqS1RazkkrSZzTzEg": "Old Aunt Zibby", "UCQ4Vz1UPY9uTRkEr0U-o-zg": "Oscar Aguilar", "UCKwPU_kq4FTZ-f0ZoTVkA7Q": "Olivia Nava", "UChSNq9eZrnQTb7kzkRU-hfQ": "Olivia", "UC5RgslI_YFml5h5un5b8zMw": "OverTaken", "UCJwy51D-472ihR_OIHCeX4g": "Osmar Mora", "UCe4okggXRcvxv2g9-GVCvuQ": "O.R. Channel", "UCYeAyzu-EgnRCR6_rFB7EBg": "Omar \u0639\u064f\u0645\u0631 .", "UC6EqUIZbvy1B3DKr6cdcXFg": "O.T Productions ", "UClQfORapoEAULk1MKrlmJ2w": "OTM King Golden I\u2019z", "UCcJqYQH0iNM4jN4D9CyuGgA": "Odari Yohanes", "UCyIEah_Pxm8PDFFmZzE1DjA": "Oliver Meade", "UCI87yOBwPm9e6uFKl2nnPhA": "Occasus", "UC-FnaxAJDyG-O13mYikqsdw": "Onion Knight Longplays", "UCUZCo7DXx8tWT0wdupNOGAw": "Owen", "UCl_0useWCOHaZ7a0Z-LU09Q": "Out and About with the Keatons", "UCaVAztwJ3FPbCOHuSsYYTsg": "Omaiwamou Shindeiru", "UCRbtgqJncJr95NS-D29Ifvw": "Ocean eye", "UCrXFx69bO2plXMWs-6yzWsA": "Odin J", "UC809FHULFhDJKs2iBGpmMVg": "Oliver Dillon", "UCM0yIyAfpfx-MOVluoPTnUQ": "Overated Capricorn", "UClUWZQOHp70JlFQmleWm5nQ": "Omar Sharlot", "UCJB847Pm_LdNgzGRkd-HI9w": "Olivier Lindor", "UCwmehr7R6qVLac3M_voTMlQ": "Omniamericana", "UCGxNv-E5b--5UDzyScul7HA": "OS MP", "UCOwe_HH2i52DGwxyb-PwFsw": "OE KT", "UCHkKsdNHxou7aW2qG-adPug": "Olivia Lee", "UCPvq1bn9WlV8Drog_fqRixg": "Orgking LittleBigSnake", "UCOR0K8F68z64Ik7IzhhVXQA": "Oliver Vickius", "UCyL7SiPupuV4oQGlI4TcZjQ": "OrdinaryYoutubeChannel", "UCEelQ0Hy6lGGi1pN226yx9g": "OLDSKOOL DAGREAT", "UCBQfPBQeoPoDfdnwXnG1cIA": "Ordeus7", "UCwum2vK4_eMtqUXToQEWCBA": "OctiFooxx", "UCXptTXBZyw-ISDqbikfWUcQ": "Oliver From Nations", "UCTgbYjEwO0QTwmTOSgHxP3A": "OFFICIAL NADESH MENGWI", "UCqa62asBmRnU0s9249D-lvw": "OneWithaMask \u00b7 5 years ago \u00b7", "UCEy4eDJubEZ5ES4Ck_WsiOg": "OY Tiger", "UCl5FByPYjPqgkcg--VJJ6CQ": "Omar Poot", "UCvLh5l1QMmKhyj11hfaFr9A": "Owen Roberts", "UC-RBXv5NHZIJN7bB1kv8XzQ": "Olbap Rabocse", "UC_xLUl1bGtizkZhGqEA9IPg": "Ole Martin Hoel", "UCylprwGw-JRFdlsYcyW3P3Q": "Orin", "UCXHWak0Qeu_umqfZDZMN0VA": "Olivia", "UCBGDEGtMPK7D9JeQgKPsrJQ": "Oddrun Andreassen", "UC4hGprQN58wuoTtikL1tblw": "OnSite", "UCdkwQLYDw1U9onyXrwJyl9w": "Owen Doherty", "UCPM02MiKYnw_JINwh-4PwDw": "Osura Jayanuwan", "UCbSnsuwXIak-QHYSuJrTTbg": "OBAMALASTNAMEIS\ud83e\udd28\ud83d\udcf8whatareyoulooking at?", "UCavSndbVhsiqeGtkuqAmYFw": "Ookami", "UCyjgXRAdd5b5f-Pp5Kj3OyA": "One And Only Snazzy Zebra", "UCtqNlES46IHnPfvHk3Q9FKQ": "O. Orellana", "UCoji0P_irKaGyIaI7PcVQmA": "Oana Lex", "UCWGE_QDPo3vBxC7k7hfWiKQ": "Oliver Morrano", "UCYu21t_9rMq1IfmyZGCIDsA": "OnPointFirearms", "UCiWY2z7GIuRLvqEyl9Oa8Hg": "Ozzwald L Flacoman", "UCSYXigBYQF2ANvfkHmFmUBA": "Omega_Tha_Ghost", "UC17NXLEr5rCo8CjOhHPNcaA": "Onoseta Felix", "UC2EzMU5GoN3TisRzz4B9cBA": "Olivute Nekrosiute", "UCxehKaNwszKVhRCAF3SMD9A": "ONE Shot", "UCzv_Wxg-lLMnQ165nL1mrqg": "OuterMootMoot", "UC00b8uHZ_RtIqkEvhQZJPww": "OH GOD NO", "UC98rUTaB9i4abkfWQKecmVw": "Osamu Dazai", "UCwvbmyy_gmPLU_-xsUphKIw": "OTARU41", "UCCldZ1zSKMbTUUhT2zezlRA": "Orlando Green", "UCMz3Yx0MWLc3RuH6BV9rA9g": "OnSu360", "UCCcCOIhvuVBDgQNcQ7BrFEw": "Overdose", "UCIySjkgvOJ-kpyAX7TxkoZg": "Oorsmaal", "UC7Ai_mspNjw2pr-mcfIgzig": "Orang3 Monkey", "UCTusE91h6ZP8jIxiYSZM9YA": "Orton Matthews", "UCYspbsW3STfxPSE866x4qEA": "Olivia Daechsel", "UCJxO41ZTGtEhjcwrOlc60-Q": "Only Sweaty", "UCLEQbib5253OpGLaXq6_Pmg": "OzoneBX", "UC04bT_uBPjvECvXTb7TBbLw": "Oreo_pan_scoop", "UCLAwliHJezH8BIRq5LZijrw": "Ortega Ruena", "UCi47q9qZnxEvxA3BpG9E9Xw": "Othman Alneghaimesh", "UCCDow-7CI4nbwbpMTaIwTmA": "OG yuba", "UCE1XdYqzq5i0o7iTZmgIqFg": "OG AJ slasher", "UC_RvXxXwpqxI9s6uZFqgBwQ": "Olivigunn gj\u00f8r kreative ting", "UCLfoQ8VeV7jCOGd_sRShYOA": "O O", "UCmoEIy2MUhklTH7SdbAl5RA": "Overcast", "UCtIhR8CSjdIevOK6rMpGwxA": "OrfinMusik", "UC2-x_GMJW5-P1h_XOvRlsUQ": "Only Gaming", "UCWkcOGf7mo9QnGN4PPaaF-A": "Offical_ Kingmikey", "UCmujr2QEnZYejnl5h3XhA0Q": "Oscar Mendez", "UCMRI7V8Hc-TywRrWnw9sWSQ": "Oliver Tidwell", "UCjZl4T56c3ZoO6NYsg7t24A": "OneUpNerd", "UCGmMHyodi_f_dg26OMSlxdQ": "OBHansen", "UCHVvzTb0hrRjKxVaVjkKEbQ": "Osama Shogirat", "UCuznxqlxiR4gySVqf8RBNJQ": "Olivia Maez", "UC-JjCeejhzG0h67B-lNXVNA": "O O", "UCI5-vqDIGyYjcJI7xjxYquQ": "Oldskool_Boxing", "UC9YjPLxR4GY_rimT88VWubw": "Offensive Operatives", "UCXLg99AbQeS6ChN7zf8sdHg": "Omino", "UCmRjSbJ789YXVrngUmNXRtg": "OWNER", "UCrcD2OwgJYChL4ZOrYFER2A": "Onkel Marvin", "UCrGr9-PL1Y2Zz-OCq3joWJw": "Olivier Ruymbeke", "UCQeD-g1UddXhrnMQNHLPljQ": "Old Joseph", "UCoFmF6aqz5aZWTS5qKomZMg": "Ori Zguri", "UC31Q365knzj4QZq8ABRBkIA": "Ominousghost", "UC4lCuEk7iwiHbO9cVy3JWTg": "Orla Sorensen", "UCzIxjBLnRl9WBkjsPNaeGAg": "Oniyx", "UCXGuDTZy6c4Aox2N8oU5hmg": "Obsizzle ", "UCs9egY1Be8kdqFp0bIs2sdQ": "Opii", "UCe2PLOEiWLPsfeiMrZAVP-w": "Opinionated Scents", "UCcjWBQCbXV4sdIUJ8VZ4YAA": "Omegawerewolf", "UCMTW0vOUQi-X8hz4tyXIteQ": "OST Central", "UCc_TZSfC6Or98sNCCjefXvQ": "Orangeinferno", "UCNF_laXM8Jx_nq0DidIUjwQ": "Oatmeal Guy", "UCa9wG6UtTePppIfaKaXolIQ": "Ocean Man", "UCPFtkaPhLuOnXVPZcjlUoqQ": "Olivia Hazel", "UC6Fjf8r_L-PEMfPbeMCoYNg": "Omari Proctor-Trotman", "UCl_cGi8vVtUQ_N_8zQatVOQ": "O.G. SWAGG", "UC5mUSser_UIy1eaW22XTKmA": "Okinawa 4K"}