{"UCV1QFgbAK0PfF2t6-w-3txA": "\uc218\uc9c4SUJIN", "UCspDozFM7dxuDhw9YkhTCyw": "\uc815\uc2e0\ub098\uac04! \uc544\uc6b0\ub77c", "UC3DTd-qhCJbTvjRY3T_VYkg": "\ub300\uc870\uc601", "UCRgG2QxJcacqM6BXp8UXa3w": "\uc9f1\uad6c\uc7a5\uad6c5", "UCAybLhO2kHJ0MvFGWFQR86g": "\uae08\uc528\uc557", "UCoBurXv33JAU7-w3s0T4OyA": "\ubc84\uc2a4\ud130", "UCnTBy_PhRagT2I7h-8NVBFg": "\uc2a4\ud1a4", "UCdMuTzQI3HcXHtoJt1IIK_A": "\uae30\uc548", "UCWNXs4oKSEQdjQtIJK2kJgw": "\ub0b4\uac00\ub108\ub97c", "UChTDGHuuBpWrkAJJYqfx94Q": "\ube7c\ube7c\ub85c\uce5c\uad6c", "UCvSFeOjbb8uUA36pbbK6uyQ": "\uc774\ud76c\uc120", "UCXY8-8v0VmFxtrk65KQLX6A": "\uc2ac\uae30\ub85c\uc6b4 \uc911\ub529\uc0dd\ud65c", "UCjziFUU7lgmSGUk75bHMmww": "\ubbf8\uc2a4\ud0c0\ubd04", "UCqIorkL9YdpIXVRYjhCD3xg": "\uc2dc\ub80c Siraen_", "UCNXipIpQcFgRtuMWxhLpojg": "\ucd5c\uc9c4\ud601", "UCYLYRrfkSxatQC7yCOeSmEw": "\uad6c\ub3c5\uc88b\uc544\uc694", "UCIASqfyOj06LGT0oMEHIJOg": "\uae40\uc601\uc7ac", "UCLwUFSmaOPjXMlu150XnHHA": "\uc5ec\uc740Yeoeun", "UCTSKTflL_tXcYeDzxgZj1-g": "\uc559\uae30\ubaa8\ub760", "UChvZitV43AAvBt0kV_GU3NQ": "\uc2e0\ub124\ubaa8", "UCHpp_RmyAPJW43wj09zb5IA": "\ub3c8\ubcbc\ub77d", "UCJ9sYmseR4OmTQBI3__NDaQ": "\uc720\uc2e0\uc6d0", "UCS8ub55-yzkf2_BvuC30RFQ": "\ud604\uc900", "UCcBq7V1UihF8v_oHBIt5L0w": "\uae38\ucc9c\uc0ac", "UCE0H8dblv9pt9uywSbSPiog": "\ub098\uc724nnavyooni", "UCYJWpo3RSqNZbAUrn_Sy2vQ": "\uadf8\ub0e5\uc0b4\uc544", "UCF0ztBqWhPoSuBJ4FpCJnGA": "\uae40\uc7ac\ubc8c", "UCVjuvFA3ItJubNEPkjP4oiA": "\uc6a9\ubbfc\uc911", "UCp-Sge4Py28zeeDEGw14V2w": "\ud799\ud569\ud32c", "UC0gzFwusjdZV1_nsfBqNBSA": "\ucef7\ub124\uc784", "UCOg3D9MV7mj2QTF7iLVJ6UQ": "\ub4dc\ub85c\ub9ac\uc548", "UCjctivEt2JUCUR7g44DqhXA": "\uc544\uc2a4\ud39c\uff0f\uff41\uff53\uff50\uff45\uff4e\ud83e\ude90", "UC9IVamOYWY3RiowoGL4IleQ": "\uae40\ub3c4\ud2f0", "UC1A905tK4oLJfTmRPp9ODww": "\uc2e4\ub9ac\ucf58\ubc38\ub9ac", "UCEuMeqlonfw2ViOTBnff4Cw": "\ud3b8\uc9d1\uc774 \uc2f9 \ub3c4\ub178", "UC7i2uhU7eQKu9uX-ssf4Ckw": "\uc544\uc787\uc2dc\uc787\ud314", "UCJfjLMl0ebOBctUjsS1E0IQ": "\uc740\ud558", "UCTH7X2uqq7zBGwA80mUiVag": "\u110b\u110b", "UCtoWoD_43Ix18qv8tkLMgOw": "\uc5b4\ub355\ud589\ub355", "UCP4Xa7LIQJ7SEWEUeBlFEkA": "\ubaa8\uae30\uc2eb\uc624\uc5ec\ub984", "UCCYDeWQVeMSr95_USPWmmpQ": "\uc7c8\uae00\ub9c1-KeyboardHolic", "UCtiZ4XvITu9YuZBdW_7fYdA": "\ubbfc\ub514", "UCorULLJ9sIp-gpB3KqphaNg": "\uc774\ubbfc\uc8fc", "UCsBDYq1TWNRJgHVAypPzzng": "\ucf00\uc778\ucf54", "UCcBCHrOimvGlIZkWJ9X2COQ": "\ud0c0\ub9cc\ub098 Tamanna khadanga", "UCDIo4AYpsC43uGAgbwZUB8Q": "\uc720\ub290", "UCHtjtnz3n3RJc7H940HcSNA": "\ub9c8\ud53c\ud2b8", "UCPO2yXffDrlIk4jUQotAm_g": "\uac9f\ub7ed\ud0a4", "UCQXqJTlDyOioXpkymL5wp2Q": "\uc0ac\ud544\uadc0\uc815", "UCmyk-qmKKqhZmYiEv4LaN6A": "\uc790\ub137", "UCgU3ubVgboKJCVd6FG94NBA": "\ub0e5\uc544\uce58", "UCqTXSaqniLoOXJ7vx--lgVw": "\uc804\uc9c0\ubbfc Shooky", "UCQwxKnOnnDz9WzJCvxpXB_w": "\uce74\uc798kajal", "UCv5nttRJDhGLJNTWrSPIbLg": "\ud669\uae08\uc0b0", "UC9blJmOzAf8bZsms0J-H3CQ": "\ud558\ub298", "UCY6II0ZSpNxA7nmr4m5LcIA": "\uae40\uc6d0\uc900", "UCAOvwG0xf81a9XL19nw2-iA": "\ube14\ub791\uc758\ub180\uc774\ud130", "UCDHnn4949Z5UBwquszBBOfg": "\uc190\uacbd\uc219", "UC4mkzxtRQOl5gOja4QZGEkA": "\ubc15\uacfc\uc7a5"}