{"UCx0ybk0UpqrlR-a6uC39SXQ": "JDesroch 98", "UCTCDrdi0soohvteTZV67cMw": "Jayne Schaurer", "UC2s4YVIY23TBkhI4F_Yy_6Q": "Justin White", "UCAZXAzdrMzNudni24vxA2IA": "Josael Ayala", "UC_bsKTFCylqMP2JpOGW4YBA": "Jason Lee", "UCIGNeKcM2ML1bZxcFSgeisg": "JJSSEEJ", "UC-WVUz8AGIjWM57s08gAWnw": "JGAMER", "UCAkz0cDpFQxTZVPkB99gDiA": "Jacob McClarin", "UCXiLCmzpq4_UmYhgsLxVYJQ": "Jackelyn Trujillo", "UCtr4ZXkz2FSdqCAkWiBvOmw": "Jos\u00e9 Lu\u00eds._.Reviews2008\ud83c\uddf2\ud83c\uddfd ", "UCD4d5mNUIf8Xwdxac4rhYPg": "Juan Fumero", "UCO1_OqueEKlJyKIcqUDHb-w": "Juan Casado Y Barton", "UCrb1oycgkXylb5K4AskIiYA": "Jade Johnson", "UChNXf88bnILfY4a3Buo5bzA": "Jewel Hannah", "UCI6HuwJpZKtUvuEXRtQG_Qw": "Juan Leon", "UCtwGukTFag7eTXpiYikNx1A": "Juan Jose Belmonte Sanchez", "UC-fXedAPhJWcEvWUjsUUH0g": "Jassi Kaur", "UC3wlMgu55jR2THfQjejcjaQ": "Jason Newman", "UCZyMZCXR-fzkstI26hZiqYg": "Just LOOKING around", "UCA7A3ydRnx_6FkISbdlu8aA": "JUST_EXISTS_ ON_EARTH", "UCsZPtYw-ql70NhDr_YPl9LA": "Jinea David", "UCHaYNHWXaEL29zbY_aF1Reg": "Joseph Seger", "UCHJmbzqk6coG1tLjWZ4wgGQ": "Jack Last", "UCqUXSmLdBfKZiK7iPFm2W0g": "Jewelz", "UCpz9oiGcARgGzfUiMaZhbzg": "Jonathon Guy", "UCvYC4eJonpIPtK3jZJFjL9g": "Jardel Costa", "UCYlr291-OPmpnwoqYgVkV6A": "Justin Baker", "UCpWsBQHGrq57oBnSVPn9Cwg": "J Sundvall", "UCKt0JCUNGVCJcbtS-zEre5A": "Joey Lim", "UCE8xDAirKC8cErFkODMEF5Q": "Julian Dunaway", "UCGcvtSYbQh5BpRZpnENT1gw": "Jack The Ripper", "UCLncwpa73_bVnonEvWXIArA": "James Grant", "UC_XQtjY15KJLt_ggbRna1jw": "Jason Eaton", "UCJj4ZgNwXlJE9PPopq__2IA": "Judy Dyck", "UCvfRN14G4gln7kVwZqnWK9A": "Jason Bogdovitz", "UCSuieCSSW6MwgXaOFSZhs9g": "JT_Lich", "UC8HEYWZLVQMnvAD7aNh0tNw": "Joseph Bryant", "UCg80YaIA2ofoEW2zsa1F9gg": "Jazper Cabulang", "UCWgHtU0QA3mjJsQQ2K7r63Q": "Joel gaming", "UCRJolPac0QZTx9ZAqaJ8e5g": "Jefri 82", "UC3PcffZlcPPJfWPvZsR3kjA": "Jacob Gilleland", "UC3cC5m-6OXysCx1sqAPRSeA": "Josue Cabrera", "UCj1Q11fpfOThgfFMMJep5Dw": "Jerome Rosana", "UC96IMahxJoMNVjIwIqiePuQ": "Joyce Lee", "UCqdA6qXxSm7CskaCT9tE71g": "Joshua19", "UCGvaX6MX36ukQsvSsYbUg3g": "Justice Kelley", "UCrub_AbqsIiFpZ1L0p93csg": "Jacked Kerouac", "UCjduJl2X_RIEQLWyTxAIu2g": "Jaen", "UCdr--TTokXAYP2UAEefb69w": "Jennie C.T", "UCzsQz3eh8tGrTIiAlBwDV6g": "J Jm", "UCXRbyP9wnIxXb2u7jdmzirQ": "Justin Allen", "UCNWR2nnJqdD6JH__A1vwsJA": "Jymmie Bravo Jara", "UCPCoHxMzGlAnuFuCPOTVRqQ": "Juvy Beradio", "UC2-fs9JTk7oTf47pIoHXISA": "Jessica Tambolleo", "UCfumBm8gY8k9RBge8_9bdPA": "Josh", "UC0yGqAHiEA2owmM3b_6CGcg": "Jacob Hammock", "UCKMd5VxZpkwZ4XbwmH4ozuA": "James", "UCUMM1gERHFKiy0rudSRtrZQ": "Jason", "UCmIDrNWiybaIU09a2le0wdA": "J Money", "UCBXs0aVTXrxp8T8UBo8DnMA": "Jhopeexcutie", "UCv1pN3PnGn7X8YrAfhWXEnA": "Joe C", "UC9zdYnuOa_ZFVZC5izZGWMw": "Jared R", "UCWH4ylzHo0JJZ_bfyxu9XoA": "James", "UC_W8L_RCkSefeZcGd1OxyzQ": "Joao junior", "UCvWJX39fS9pgu0PU6kaOupg": "Jay", "UC078znzhhilrhJg9D6w0D7g": "Just Mari", "UCbPZiq5v7FNK6WsD_J-iGRA": "Jason Scalzo", "UCBrJJ7eZllQ3g-b2CZIA8_A": "Jeff Lewis", "UCrvIhLEZLwH9WgKtXMbKC0w": "Just a Like Button", "UCraZMJGApdkXuew97LscFnQ": "Janice Riccardo", "UCWCWLVAZhq1XsGL4ON2MtIQ": "Jared Thomas", "UCgL9PeZ675CDrEsL-vdDkKg": "James K", "UCq-qc09Rv71DhkfQOr7ngOw": "Jasper Tom Isiderio", "UCF1QuAimxb8P0UBXnGi9HSQ": "Jajo", "UCSdv0gdJKdA0-9dI_y9GnVQ": "John Ckck", "UCbhLCO5_bc3-q6L8kLV0mlQ": "Janet Valentin", "UC36FoM97hYcJ2GawrTFl0gg": "Jaydon Romero", "UCf_CWC0M6l6PauWIiURD0tA": "JB BADILLO", "UC1xMCxA5oCqUC2nY5PWis3Q": "Joffrey Palomar", "UCtjinkLetNbDNR06omwzhtw": "Jashan Sogi", "UCDfJKArMM3m_zoQeyUZlfjw": "Just Xander", "UCvq0RK9S5Kz7sJpAJOtYEsA": "J Mango", "UCpP0r8m5M9cppHf6YJGHrPA": "Justin Kaller", "UCHGywS3PZ56CEuLwfD3gmkA": "Jeenie Jolie", "UCoG_l9Y5j9o6f94okxgCVoA": "Jack Felsher", "UCal0lmIGm20aCOaSkliDGoQ": "Johannes", "UCgPhbxmJ8-XmT9b7iXw4aZA": "Jim A", "UCTlozq2CiAwPrb8ij2k3azw": "Jessica Hanson", "UCT9cUdB_jK56gZrVMJL3G-g": "Jessica Hoyt", "UCvY2AL7Nv3YQ2PshzpA1f1A": "Jacky", "UCRt6zKIiwqDcymVjj0UPXXQ": "Jacob Tapanes", "UCvVLu4M9sRmIn0HaVDK-sWw": "Jake Matthews", "UCkMK63iF_gNPvr976Ud-aHw": "Joshua Dewez", "UCQg3kL95PN6zhG-RAUtZiOA": "Jack Gulla", "UC4FaybiAfZ6ydjKOZmITSsw": "Jagdmba musical group Mandha", "UCbtUfiTpIhm-wdRL_wlWOQg": "Jassiel Mejia Benavides", "UCpXwAru5BviXC1C-ZHISs_w": "Joseph Chavez", "UCflQR2KCc_QEHpzcx7_P46A": "Jesse Marin", "UCEK816r0ef9_Z2wV9UAW8bQ": "Jacky Dubrow", "UC1-T-fFjE-QZPZ6NJz3A_WQ": "Joe Nuts", "UCqgCoxASIKqp13fVPFFNjyQ": "Jois Doreen Artuz", "UCnXSO7hjgG2tjTJH32o7x_w": "Juan Matthysen", "UCrJCbOEXTthFvL5MI8mOKwA": "Julie Loves BTS", "UCumHWW0BNe7ZQUDzCVHOdQg": "Johnson", "UCyJdwrhdVcWE6LNxyXQATvg": "Jay Rodriguez", "UCxdyx10fT1sueAYzSbWa3Pw": "JonathanGamingYT", "UCTEU7Wn-CyGeKfDjayT855A": "James Kilduff", "UCYe_7qgktEVQP3S4e-8GO9A": "Jason", "UCj6Qt3SDs2-S1_xh8ZnNE6g": "JIRIMI", "UCjgb2Y65ZYBwqZcl7KIx1tg": "Jahmir Stewart", "UCMrhgGz_4-uO0Nyufr5iD4w": "Jayvee Asis", "UCutx6mU2wDkyeUtOwfZhYrQ": "Jeffery Brinagh", "UC1T4IhyXwEuOgsFwZavviYQ": "Javantae Brown", "UCEoARH7y8m6Tr3XqqyR9GjQ": "Jorge Delgado", "UCMJHmid5tKprZhNmxnk2kSA": "Jcs7ha Amrutha", "UCp45EY4MmCalSOfri_f4o0w": "Javon Scott", "UCB5t1fBhMj7oZktBnkbph_A": "Julie Bank", "UC4Np8yhEWK6ITyTPaj-_Hrg": "Jocyyy 123", "UCbiQdIQtJCmiQ48h7ahSi-A": "Justine Jalober", "UCSr_-YAqzi1qbQBqBXR3y3g": "JJ Robs", "UCzFmZADXpwOekcHfsBG_-8A": "Jim Berry", "UC0EaNgFGdMvJPUif8iyDaoQ": "Jason Ruiz", "UCzrwhwRL21B4LGH-GFChtmA": "Julian Redmond", "UC4nXDbNvK7_ZeXwJTF_9Wmg": "JustJohnn", "UC952uFdnxT9Fvg6Sq7b1QZg": "JeabusIVXX", "UCxlhaqe8V723g19zAzgXtdw": "Jen G.", "UCfdgTKOX5c0xAlXmg1msToQ": "John Smith", "UCib_34M1NysPqeDwhCWmHsA": "Jim Betzing", "UCYH_rSGNEPP6vqVSCYzKKeA": "Jospeh Wojciechowski", "UCqmTm34qBspEt6ZJGh_NrqA": "Jakob Reagan", "UCbxlKglj3PDf--jDbnz4GSg": "Jeb Dunkins", "UC3Z7EVPYG0VEiqdbmJV0cYw": "JUSTIN BUISSON", "UCPFhzdlYAOZ2p9zk9TaeV3Q": "John Havern", "UCtRHDdOfYF8a_Y5FauNyhlg": "Jillian Piro #cool", "UCQEwLQmyDwSKUH-4SXbppig": "JOATMON", "UCNqtNn8NdCfq3N-UNH9Arkw": "Jesse Knapp", "UCISvDfSMN6NOgqiU2amtqaA": "J. C.", "UCrZ2Lv2qLMECrrIjaLOvSiw": "Javier Nathan", "UCmK1CEKGUcbUiWnuhuH0PUQ": "Jackie", "UCVOoShwisZ3vS55d5Q6fvKA": "JJ Chris", "UC2oLwBnHCSCshCiUxUJTh4Q": "Joan Rath", "UCr15Tl3u4cFBhibrPhwjb0Q": "JesseRay Mason", "UCQtSyyRrtg-lUDCX0hW4IyA": "Joey E", "UCe_tzOpTwd42smiCrIx44ew": "JudeIsCool", "UCrj4VRf24Zq3scl6N5rPCuw": "Jay Thornton", "UCf8vaXpaBkL65JXSyCSXWig": "Jose jr Crispolon", "UC4f7XAeWrdY_WidpwHCS-7w": "Jack Wolfskin", "UCyAbhOwTzwNaD0cyrWQ8Q-Q": "Jaime Lopez", "UC-72j1eN6TzSrkhosEMLmtQ": "Jonathan Baker", "UCpEvErx0xGDtmF2eBSLEIuQ": "Jody Tamer", "UCGRo2cWoyvo99Sht5DjQl1A": "Jackson Wizard", "UCGPWzEOyqLSV5kbuqkhGRxQ": "Jacob Kingsley", "UCIkYu_C94Bc4yckSuj3KRxA": "Justin Sopalla", "UCwFpasN6bRTj5T_yqwAg-GQ": "Jbarri Goddard", "UCb6pdxs3QN9MvsCWAlOnbJA": "John Deeble", "UCz4LQXRTgj-YPLltB8233wg": "Joey Abayhon", "UCMyG-_dv51opwxASvKsZ_HA": "Jonah2damax", "UC08uFEvStr0rNWeeVCvYW3Q": "Jenna O'Malley", "UCdotXipuSJV7eAKDX2yUHFA": "James Dowty", "UCr4gR471L1tJEt_1bORNIDg": "Jogi Soh", "UCVa8HyhuBXadTXnnJqagEdQ": "Jody Robinson", "UCcWhGP2FsONPIgmASYPLhaA": "Johnny Pham", "UCZR5se4qUhSK9jobTSKKg0Q": "Jessi Huggins", "UCY00zyVyZlJ6D9f1eZTbzoQ": "Julio Ortiz", "UCzvcP6WRsGSnL4QeP9FJ46g": "Jv woods", "UCEXHyhxClpQd-l5wnJGU9sA": "Jaylin Ortiz", "UCSss3isYtDD-X-MyDZlJeAA": "Jewel Kaelyn", "UCGKdn4gws_F3kFb6S75nOmw": "Jhon Darel Last Name", "UCmr8lIbxmx0oOdrx7n0FuUw": "John Maru", "UCQiEX8RQIR7hFRrUCJzXOVw": "Jason", "UC6H7C7GUyQnFmuzNXp5-WLw": "Justice Falade", "UCjvivUd7IaXfuZJ3cdu6Dgw": "Jurgen Gommeren", "UC5VkquEeMm4phWzVjJbvkGA": "Jonathan White", "UCYItLDwvtiubxbhhFKHfr-w": "Jordan Smith", "UCmrdJHFfFjaqwIP5w1Atp1w": "James Angelo Lachica", "UCJ2m1iwGg9Z_EEHMc2wdOAg": "Jonathan Bourassa", "UCVVLxTMqtEGWFyExBb5f_fw": "Jarvis Holt", "UCSiXygGY2UYXNgfkr9wU98g": "Jongho B - Easy Personal Finance, Self-Improvement", "UCnBbV6VmUOJOwfwotjEWqDw": "John Rider", "UCX8B7CM1ZzYPL701TtntYiQ": "Jana Jacobson", "UCh2VhpKOu3_954UfOTlz7GQ": "J05H_R3N5H4W", "UCvkVj6cetNAp6he5uTGKkpg": "Just because", "UCLcrUB_2tOXdm-r2uXWCp7Q": "Jothish", "UCbK9diwEs-4aeD4H15ln8EA": "Jeremiah Maturey", "UCzSVoiaNAZzUt8ZI9TytFdA": "Jose Gamboa", "UCLI4eNMC_yMq52yCV1mRviA": "Jeremia Martin", "UCgkWQWi6IZtihamNOa70I7g": "Jamie Darcy", "UCX6XRQdkPTM2kroF-pYFmmQ": "James Watley", "UCf7_vnRek4ito78PW_l-DQw": "Jwade Cloacks", "UC-tRl02pgKfuBoooyiJ0OnA": "James Clothier", "UC7lh-kYc5OLsNID4T4QfukA": "JKR DLR APR KMR CSR bird family and dogs", "UCVOAQynr-TIg0ezbYX0Gmmw": "Jack", "UCCdSSN07M9rG9YN9zabLdtA": "Junnie Lee", "UClMQ-zVFQmOHnVAHusQ0QaQ": "Jaime Duncan", "UC3NYlFI7YL3dfvh497cLkNg": "Joshua Doll", "UCv-hFTXGIG36P9AgbOxsBNA": "Jairo Machado", "UCkxJtsP80HU1wiWd6fULIEg": "Jill Millington", "UCBpR6vJCz-I_fl1PlaJ7h8Q": "Justin Curtis", "UCL-mZm9ikJnvTG8X-flwb1Q": "Joseph Burton", "UCrAMxRRGcCd9kzmQ2J5X5cQ": "Jiren The Grey", "UC_EfK7JJOKflaB1p34MHm3w": "Jared Grace", "UC5aUo-ceV__qAJhmPvNewvg": "Jordan", "UCW8fChOMs5Y8cp8zkYkEHYA": "Jaeden Rosario", "UC1A5kY8ROmkjB4JAqrJRCEA": "Juan Bustamante", "UCgXfCayNHT243llixK8AvfA": "Joshua A", "UCC9Hx6LNY2dFoIuek8dL5lA": "J1mz Playz", "UC429apsXY5dJQi1qPmlPotA": "Jamie Phillips", "UCImFLxAib7FFljautN2i7WA": "Joel Galazo", "UChNcUX-HlMBb1JEAGBsJKrQ": "Janet Newmiller", "UCUlOM1FhNPt2B3I826TwwnA": "JuJu Jai", "UCxh9nNVxRwQHttWdn9FrtUg": "JunimoDruid", "UCrzH9xH9Djz4IQPdKXh6MGQ": "Jas", "UCNErA-afy1SjDRpbD4FVAMg": "Jin Han", "UCsNbGf-EvOgMjtze4wyh9GQ": "Jake", "UCbG9MpRSav-VK4E5EsM9yCA": "Joeliain2310", "UCUbbPfAbsF_mA9prxiBSHfw": "Jake", "UC9k8V6Px6Jevsf-zECaWKUw": "Jim O'Moore", "UCbDuZOXMOV9KdazWFlxKMuw": "Jason Newman", "UC0MC83sE-gcUaVz65RfOt1A": "Jmeister", "UCfoM2Yl5dITBqNlV8F29taQ": "Julia Graves", "UCbFglfctfg0x_XMo4AcIhvA": "Jeremy Fuata", "UCEtuy7dTselRxLkQvqH6L3g": "J W", "UCJj2bVnlFOP31w9rQ2yxdQw": "Jane Kim", "UCmnNuKZKnQ17C4gLmkzgcDw": "JackBoy", "UCVj3sJkNLSyxY9A0txEeUJA": "Jerry Fiore", "UC5VpAWA4YbinhAncvzWidqw": "Jamie", "UCboSCRaCqnOiLEHT4_MmEGw": "Justin Carabante", "UCVegHzhakEWKUsGncGR4rhw": "Jayka Rincon", "UCdGmZ1SeFyb-QvElvsVfLMw": "JayJay Aviation", "UCP-i4giGslIOl3Y4G8vtn_Q": "Jothan Carl Vidal", "UCw8W8aZGzun4A4IkWv6Uq4A": "Julian Hill", "UCAtBdNjvcauEJBLuSd80xsw": "Jennifer Gravelle", "UCSQX5-hBbbEO5MRBFRcRzIw": "Jesus1sKing", "UCFKaBOo76_A5k3tzd8NymEA": "J.R. Lobinsky", "UCf7yPj8Iu_OcSt0fkcmC35g": "Joshy B", "UCDlWWvCYFyAbqW2ZwlaQSkQ": "Jimmy Jake", "UCJkUMKOb7bzk_mP1pfc8gaQ": "Jose Antonio Delgado", "UC2KG-KITq-XfEiDpLfBMgQQ": "Jing Binay", "UCk-pi4lMMYJxANL1gLIT4tg": "Jay", "UCmYsi-hCN_3t71Xwbdjt--w": "Javier Torres", "UC7Na7Xy3GE03IEmotjlmMbQ": "Jeri Shull", "UCJ2_ktO5LOeonO5DV6v-qeQ": "Jenny Schecter", "UCwhk19q6kasXQ8W8YE9dpvQ": "Jani Pe\u010denko", "UCikHDTLQwoAOcZk3rMM2eEw": "John palmer", "UCpbWyGaiqFz8FOMLkoDp8LQ": "Jann Vincent Regalado", "UCyQnpFcPo8mrv8vseACNF1g": "Jude C", "UClTlIQ92HhYXSv1SiyP42Nw": "Jojor Siregar", "UCrjEVOpeUSIauncMpX9COMw": "Jevaunne Headley", "UC3Zqahb7IwOZQOyRS8wKR0Q": "Jovani Moo", "UCHs1CWf113mfaFH0XFUts3g": "Jerry Dodge", "UCEXoB81mcSLDxSXTMF7tZ7g": "John Doe", "UCP6s37yN19AUC6OOZDaK0Eg": "Justin", "UCSYRj3nZlnImAC-OpKH-Yug": "Jazz Flores", "UCwfDfhDDdfWy1OS1EyxG9vw": "Jackie \u2763\ufe0f H", "UC2eAF7p-i7Dg2l3S1IdKzlA": "Jackie", "UCzCYLHnrEoH7mX3rMdlnd3Q": "Joshua Maas", "UC3B0lwkWCkptpjuhNpJ3b1Q": "Jeni Hansen", "UCRCtiFuNbeo4roPuaebZ4fQ": "Jessica", "UCdLcF9JazwFbLqAYVXoznpA": "Je Jay", "UCT6X407mIAyp28fjgVHRYqg": "JHON JOSEPH", "UCLCwhQ-EmrReqigTGmf7HTQ": "Joseph Wong", "UC0GTqfh5tkyCxRqZAGd3pbA": "Jennie", "UC0W4T3ikTKHkwIFTwe1eXow": "Joshua Aurelio", "UCEfiR29gIu-pJ1_w6gM8V6A": "Joshua Chiwuzie", "UC6LWOWrdO3MkpPfjVSm6ovQ": "John Carter", "UCj3mPSfO0KPzaBbDqEkXyAw": "Jay Dawg", "UC7-rA13XrH2e0qC-NjzQaYw": "J H", "UCRyyBvY0q4zNG3lqxXEZ5Kw": "J. R.", "UCk2QLbPs8Xs31AfSsJCgK7A": "JiRO", "UCQX9jKjTxjxHVpTsYeNx-ig": "Jamie Turner", "UCaicBIXzbw3SYXXfM-r1hAw": "Jared's Unboxing", "UCW1ns7UwJIp1ISsR7vS2Yig": "Jakers987 789srekaJ", "UCwaPwTQPWTIEMyvDWPHda7A": "Juno", "UCyW9eXYrFZ_x4wKBWn1-QuQ": "Jordyn Pharo", "UCIlTekwqa4RRPYv__d5y9iw": "Joe", "UCBbtNWkQqrJiR7lnQRcdBaA": "JD Games", "UCpoQMTQZbTIKlwrose3gBiw": "Johnny Williams", "UCWPuvnQ1_xCuQtyr2wswLJA": "Jasmine", "UCs8VjKUZac24aaeO6p_zgSw": "Jeremiah Young", "UC04B7jL21D3qtaH-BFA28NA": "JennZee", "UCzxNtQPV5_rzu4ZEKlmFjyg": "Joyce Koch", "UCMHj6PS5HvK2QFxCCaVQeWQ": "Jose Ortiz", "UCHeGqhUrCMk-HQ48dIXV2JQ": "Jeffrey ten thije", "UCXVGZo07npYucidNEIdxo0g": "Josiah Wheeler", "UChF6MXRiOj05-p2w7_J7hGA": "Jennifer Williams", "UCFsJdS5ID2WhSwaYJSMGt0Q": "JustJay", "UCIX_meLgkWECnX0UnWwS8lA": "Joseph Dematas", "UCWAj9pieJ7_k-CJcGZfBCNQ": "Josiah Martinez", "UCzFpuPd3g_hGORMYh-eAtfw": "James Rimes", "UCRGkGhS5KL8c2xCdyqzUuLQ": "Juan Mar", "UCnKPJgNq6k344z8hvUUpQ2Q": "Jack Arizona", "UCdYTlO6ZCl8HEPd-pj3GARQ": "Jonathan Lambarena", "UCpuyUfV5yhPzOQAdTHNsFDA": "Joshua Most", "UCbI6QrSHvSDU6XZN6WFYksA": "Joe Hamilton", "UCP7oC6oTc_-F9HCwGZUynEQ": "Jones Mcgee", "UCr7OISFz-OoYRwN1CFyXFhg": "Josh Allen", "UC7VG9c5Nv2ZRELYbe0o1oaA": "Jon Hebert", "UCX_NknXzD33WDPHboMm1J5g": "Joseph J", "UCzvhio4YJzLaqhdxtnUhUww": "James Joe", "UCH6iPriIFU9kFe_7H0PRERg": "JaviianNyB", "UCO0EBVGuO4ftLp9swpUH0gA": "Jooply", "UCqVrjpbWe9qKRA542IJ6t9Q": "Jeff Stewart", "UC_mPHPpoIACk9rhcu3SCBog": "Janine Malleguez", "UCpbicCKhFbLnkqapISVLqPg": "Jessie", "UC_jyjjBLmVvLJKKgZlUg4Fg": "Jen Nicholson", "UCj9QoVjP-T8r9fLb7P8XUDw": "Jack Gamer", "UCQKMvQ5frmrRr_j9vzYKjiA": "Jakeyfd23", "UCnQVcF--rqi34VSNsXuodxA": "JJ CC", "UCv1g_oMj6_tSj81n6mrLZ0g": "Johnnyboi", "UCJQsvIs2N-zk9bi5v4YRIFw": "Jack", "UCdD2Xud1RQ9ro8sTNuS95CA": "Jerry M", "UCr3-WryE2O5xgyq32mB9s7g": "Joshua Noh", "UCjEI7bPogTmb4scEUnK3LkQ": "Joadarium", "UC4egYHym_qJh0wmDb4lnPew": "Jordis ", "UCc1VRJycFuTpZKCmNiwCW2A": "J.T. Cremeans", "UCH10Ipzv2gkCYjAv9zYxPCw": "JTFlame", "UCbBPmB2JiB0CrUj3se9RBow": "John Mark Bondad", "UCkw2tzGZeTkec5Zs07nvZcw": "Joshua Ezekhiel Dipasupil", "UCtiptQQt0mvYzKVX3N68A9A": "Jeepin", "UCNcTyMx-7a_j593MftekU7A": "Jeremiah Ducate", "UCMIhxLVz2157wfETrXyS4Og": "Joe Moore", "UCa2u8NQf4N8sR-C9QsSnJ0g": "Joseph Morgan", "UCKKApqhu21kN205eXnKT6yQ": "Josh :3", "UCW9zRssAawUAlGne08a5a1w": "Joel El Rican #ChampaBay", "UCadfmMg2Bdt6blAaSbhFlnw": "Jesus Garcia", "UC74j0eA2ySn_kaT__E2tacA": "JulyLeo\ud83e\udd8b", "UCIZM-t-fZQNGBrnj1bx7x9A": "John Harris", "UC0f7Yhwvn2Nz2tEMReGA-bg": "Josh Johnson", "UCrjjYM_YAg3C6PBJRuvAiew": "Jessica R Felder", "UC97NI2BDnYNJm81d8yOr7dA": "Jimmy Christo", "UCiD_whG9tVyZoWyByyFL6VA": "Jhoan Maraveles", "UCfBX1DZir2Rrk8PIpTVv_ag": "Josh :P", "UC7h_k2QLXYbDM9nW11FsESw": "Joshy Boy", "UClkuTp8YnKiMdU1UqJczlVw": "J Michael1837", "UCw1TLOIzfaclmVIfZ2UVXSQ": "Jhanvi Lahoti", "UCybFllJJwC4B-TwXNBkuMmg": "Johnny B", "UCE20yHwnpHdPJdA6Wh65wew": "Jolly Deepu", "UCI3gBVK6wqdM1liT1E5En4Q": "Jonny Bee", "UCgVU0QC2hh4mFlqrewsz1lQ": "Jeff Rose", "UCDye7rYzp4CrxAr2bk3Gr9A": "Jacob Oharah", "UCzjjhwJUbGJ_nyEMDNNtNgw": "Jay Tsunami", "UCrsCJeiVDgLTaKdgmh8Jsdw": "Jimmy Simpson", "UCj49Lzi1LaKsKRkirVm9kKA": "Jordyn Morgan", "UC-HXRieHKqixyN3Z2hiqdYg": "Joquita Sullivan", "UCvrUMroguoS8AuP8oSQjg9w": "Jake Barbee", "UC2Yy2HK-ggJA5llxaaaX47Q": "JBake", "UClRXfE6NBi9FO2nxfP9Q9eA": "James Kurtas", "UCHVmI52rUZs2IZr4nSZ5o3w": "Jazmin Sanchez", "UCoxBkWEeR9MeE99y9bFD2PA": "Jernej Gaiser", "UCEbS1m9fTBrwbGAaRFnLJmg": "Joel Miller", "UCN3QmWTvkdNpgf6HhyrWM2A": "Jaybencro", "UC3S7IsLlR63EfWVoiFXrQrA": "Jonah Munyi", "UCM1kKtCdImKQJbA1G-z5f8A": "Jeet G", "UCYA0uD2h7KEeK-3xMzPp6Jg": "Julian Suranyi", "UCDN81X8OIXCdORYks9-FsYA": "Jonald Blip", "UCDQwTa-xY4Ovc89nyBImBhA": "Jason Chatto", "UCPvmQd6ZQmGxSKfVYQSGFjw": "Jovius", "UCjDxWaR2WJyzgU7Dve15dEg": "JustAFilthyChild", "UCwGeWPnzVy6hps6J4fHNTRg": "Joey.D 718", "UCJ0-Ircs25ApBp4SzI6oaPA": "Jess lyn", "UCQc2C0i7yARZgH7Fogm6bSQ": "Jae Shin", "UC3kGDZBN-1IGmEMUPf-G4Gw": "JOARQUE John Paul", "UCHq-cE4dcovhciISFouGIAg": "Jane", "UCQ5_cfQkTSvPnmr5rKOgbuQ": "Jacee Casias", "UCGLtSwgqy9JZHr29wwb7TIA": "Johntay Holloman", "UCN0u9JDUf416L2GEoidaWsQ": "Joseph William", "UC0AZ8bLrr8CTSdUF4lnbzvw": "Jeremiah Flores", "UCnQV0DSIFfGFJKYS4MU8sng": "Jake Rollings", "UCqx0Qt8oQvSGh3TlULXujIQ": "James Nolan", "UCrqhwtTR0451JK7XZEo3HlQ": "Jay Priester", "UCow6aaQshNbNWbMWdAonQGQ": "Joe King", "UC39BkBIdW7GXUgEh4rZYBXQ": "Joshuathestar Plays", "UCm9jkJQ2RRnWsfDXIfwOWKA": "Jyahmir Lee", "UCAVES0DZDk1EpmyEsbcCpSQ": "Jon Platt", "UCu_1yf66HtU-qbu3sLz2zVQ": "Jack Purcell", "UCMfpAmV_oJDcY4Cd8I-ziXg": "Jonathan Saavedra", "UCUNjOMcMZL03TmU9aNNzTog": "Jalooly Al Yemeni", "UCINC11CcUDXMo4_QMJ2dnug": "Jref Tyik", "UC2jtUQ21byH6Wa8JVEEbLfw": "Jhoana Avila", "UC_giH4XH6eU04sc8GBQ7itw": "Jacob Levesque", "UCJcBbQCzmfo-PawY9LiqlXw": "Jessicaa Vargas", "UCkyTJHpFDIah06Z1spUAFpg": "Jenniflower 65", "UCzflFXxQKDBAN_h7k-97s1Q": "Jorge Compare", "UCM4LbucAzzIRpCmbXw4Q3xQ": "Jadon Turtle", "UCxowav403a1VCu9hfUJlYQQ": "Jake E", "UCbAh-c1q2KcFsrGUeVgxRWg": "Job Gregor", "UCsm-URs5-rYmDMX1gJvFrXA": "JojoplayAB", "UCn5wIrVlnZjZSYe0uCPA1qg": "Jake's World", "UC-qYHdbjZVzPLOlx76wwufg": "Jay Durkin", "UCXM1vHtR5w5muCJUug7EF4Q": "June Moyer", "UCL6jJAZDhfJj4BiiPz9pdrg": "Jodie Price", "UC6VeUZMR85W_6KUdzg6q4JQ": "Jhen Ayen Toledo", "UCf_FYBqoZ0Tg3LFKd0QDv_g": "Justincase008", "UCkNAyPw3u6I68cbra-jjukQ": "Jack Henderson", "UCWQq7x_i_bT-SOi3b-2axHw": "Jupiter Salvo", "UC7fbNTRERNIi8ITr932SygA": "Jakov Krkac", "UCVQhEltmokJQqD6vo1Y995Q": "JessDLR", "UCSyVdvY9O5nqpenuryV7hUw": "Joshean Maldonado", "UCseL6-SberTA14VycTsbpqA": "Justin Michaelson", "UClr7aYyUZRXXfnxgPTG_UfQ": "Jayson Plete", "UCYgtoS5HZI1l6-2bwIm0TYw": "Joseph Oruh", "UCZzSoq-esf_yD1UIT7B04fA": "Jacob Yu", "UCZudSl9fNvd-Yfg9tEOWm1w": "Joey Guillen", "UCh2SBPRst_uU-44fhbBNagQ": "Jorge Alvarado Robles", "UCSulVJvE5Vop9TikQoAJABg": "Jr Palfreyman", "UCBTfpNpmgBtqq0zPWYZcOkQ": "Johnny Snah", "UCd7LEZR2It2sHdH6W8cAPyw": "John Davis", "UCtCTkUlvpzqHDbxvGOqFT7A": "John Pink", "UC0lpSagYH_KYtrOQ38o9TvA": "Jerome Williams", "UCl2mKTMNsiAHwOYrphVeCcw": "Jioda Rauduona", "UCG8eR7G4heFWgZWeS-mrGyw": "Jessica Marie", "UCOlipuPXiRns2lYxfDlplyQ": "Jerrica Benton", "UCzYtc_ALhMAR7RuO1LWZeYA": "Jrdfgy Krtysf", "UCofXhOWdY2ooV_eu0Q8hgeQ": "Just Me", "UC0s6zAvCAKydrwm0PL6I7Xg": "J Olson", "UCCFCT5KaWNQ5qKPkcdYzwAw": "Jacob Chase", "UCGmIxi01TUYDpbeB7f7esRA": "JJ Edwards", "UC9qhL8J_GDaggtGRYlJzLtA": "Jesse Rivera", "UCY7FDKjUJCqzzdY3oB05D_Q": "Jakub Jur\u010do", "UCXri8vVxOFqtuNaKZvO3L2w": "Jo_V *", "UCGSC8T2grXVOQVsqNmTe2_g": "Julius lost Galaxy", "UCjE8XD3UFlPKroScNjk7NmA": "Just a Ewok", "UCbPBmTUgWXm_MODe2JOCNZQ": "JJ W", "UCJxz1wbhPrzcJ5BVIe-icwQ": "Joey Holly", "UCXVTe6cCo-CuWD-li60DLoQ": "JEREMY BILL THE MADBUTCHER", "UCANDKvE7Ry_ci3hWkxdkiNA": "Jaquay2Deep Allen", "UCwoJ4wX0I2wKwpssd0lKxhw": "Janice Harris", "UCJjRFC_-Eo7HSBM05L8S_EA": "Jamie Jung", "UCnznMVCGfbwU7TE2-xhxtUQ": "JT", "UCs8UqdYWlqV4M50ki7pzW8Q": "Jaden Reeves", "UC2r4vJdZEewR-rvFKgKEm-g": "Jplayz", "UCR3uGthgzrc06edEoVB3zRQ": "Jordan F", "UC30DvKuAZFHNeaB2cCYglXw": "J B", "UC9a-yomh8mHJ1YaiqPdBgYw": "Jacob Barnes", "UCvsar4Uxmcz2ppSYKFJ5ulg": "Jed Bibby", "UCe9apLwAWkcLJNP08FGVHfw": "Jeremiah Lewis", "UCYpKI_CC3cgM1vvIOE6SzSw": "Jack Cunnington", "UClzV9CfCqrqYAJDShkOBURA": "Josh Arnold", "UCXb2ZHhq2Gt5qSgV3gwTXBQ": "Jacqui Knoll", "UCh3dAuH-IY7-gI2CSybai0g": "Jacob Sedman", "UCka1zpc9RbxjAeSUifIxvWQ": "Joethesnek", "UCPS7Myqr3whhL1nLrx34G1g": "JayJayGamer", "UC0Bnwdqv7Nmv6q1Gkh1z9MA": "Jeffrey Dunlop", "UCsGmwDsO_oiUgu0vTEKfGGg": "James Alexander Duncan", "UCOxaqRyJONOYPTOvt-TwFtg": "Julio Lozano", "UC7eqA2XMWJKZ97ryPecXp3Q": "Jeran Paul Malupeng", "UCjZN3XpfEjxkfOMPm1ckeNg": "Jorge Herrera", "UC3fuVCkIyNLrR1mr9-AVPaQ": "JAPTheGiraffe 2", "UCm8QgpfrzF2GYnJWY5J3NwA": "JR Mendoza", "UCZSorZMj6UaK4pCYRm1RKTw": "Jonathan Mesa", "UCU8hSTayOBSmRfRKKkpjpDw": "Jack Reacher", "UCWTt8PpXPGVSmRlihjtPF9Q": "JENNY JONES", "UC92oGbke7Ivf4KqB4Od7nFw": "Jordan C C", "UCq-XgNpIu-qW7evfXly98Qg": "Jay Malone", "UCdXVSPTgZ6BxTEfCeWydsYg": "JaxAttax_Claws", "UCksr8NGWvxjE1ATCpSy23Bg": "Jo Jo", "UCF-UO4jLxENCtJ2LdvXQ0Zw": "Jesse Jordan", "UCXQS-Xgtg8pk_vv2jneP-LQ": "Janty999", "UCyOdTmIR2F0pGSOkAIdhLoQ": "Joe Mama", "UCXzM7-UPKt2bSvfx5VKG8Mw": "JOSh", "UCP1uZJ4vbE5jctPKYoxdlGQ": "Joshua Redding", "UC-c_J-uBQZEa1Jkopp9ECJQ": "Joie Paton", "UCNQ6oxXhOEYNghB--BcS_eA": "Jonas K", "UCjcNGcxCg3uZsJezn-eio4g": "Jon bin", "UCbG-wPkzYkey_bgrPjsQpaQ": "JtDennis1919", "UC5KG1NonuoS-RecQDOmpRDg": "Julo Micha", "UCa08GkHkrRuYUqF3FkUKBZA": "Jedidiah Banda", "UCkiOFp5ugTRmJsFv2Y_lzRw": "Julia", "UCx72RDvhxl8LiAPoNU4oDHg": "Joanne Reeves", "UCZdlWK4Rb1mtoccmIH5OYcg": "JaydenAnime", "UCvciJYGcfJq10E6xz6AKUwQ": "John Thompson", "UCv_Kj4b0bkWYYJpJ_rLSC9g": "Jeff P", "UC6D9XrpeURR6VPOsZ6zLiqQ": "Jens Vielmann", "UCiuYY2qN6KoG6tN-Ctbmeuw": "J T", "UCqhr6evPRJdMvBHlVsRc8JA": "Johnny Carter", "UC2atmWvaCOid2ETGNT-Y74g": "Juan Manuel", "UCylJOrfEc9l7TCz_K57VKBw": "Jackson Brown", "UC2lwffznk2loZPKejXkjpOQ": "Jared_theman Toese", "UCEvA0cWJwXkr3tNbxm9AwtA": "Jackie M", "UCMT9cLwaSv-lw4YmSxny5zA": "Jandre Vdw", "UC5AYlqUg8pGVlKfoZlaZnfA": "John Sorial", "UCVSACAFOhcLpGEJzgsrvYIw": "Joe Hayes", "UC4WJDPvtIajGVnveHDe92Ow": "Jayesh Dethe", "UCoq5aoB3W0oZgNx3nd0Qm6A": "Jewn Ersey", "UCNjulJvgY9mC7_EeR2AtqcA": "Joseph Davis", "UCbu-J2gTShVbIOiPpLSFiaw": "Joe Blough", "UCZHgzlnYHa8hqvHWETiPL5g": "Jordan Hersh", "UCuqz_12azblroPqlD5zAYkg": "Jhomary Penafuerte", "UCnR3wQXuH2wPdADwRaqY-vA": "J7J Yt", "UC1ajvzSXN9Qzw9hhg10u7Jg": "JOSE COLLAZO", "UC6nwC3ErTvQxa2kgr50jnwA": "Josh S.", "UC7z9-OEYEIYqaGfgnkZPXOg": "Jay Cox-Stockton ", "UCGtQ4OA9Bj0_QJJXZoaDctg": "Jayden Bahar", "UCcPx89refiV-kriJ_tIyasg": "John Bailey", "UCfrspkN1VXJCo8tEq6fE_vQ": "Jeff", "UCxxtjGBCJl10RLuWSayTWHw": "Jenna Loper", "UCsDQ_ibJ2mLjTpEPArIhkVw": "JirehMiracleGaming", "UCJ3Z81NFIlKRxCGwa8uovSA": "JR", "UCamJ9dbgttHjB0bpuFyQixQ": "Julianna", "UCeigjlDrQYvkRbwVu4kGwEw": "Janique2100", "UCtRUcShqMtgtQyj6GZIWmdQ": "Jeremy Hill", "UCD286m9TmoV66X1esZowXDg": "James Branch", "UCzI2mrHQdamwoxRfabRQO0w": "James Farr", "UCk7ohF0UyZTEmDe43eZde_Q": "Jonathan Calleja", "UCGesXQ87nLZJScIBhtVNj_Q": "Jeremy Siegel", "UC7DF2k4QvM2Ogd4OVkGWdaw": "Jake York", "UCt8fjTjWtd3FNPeGsabdtdA": "J Mike", "UCNzhM979ttyooNN4uZFNDNg": "Javi", "UCZaFoyeD9p7TUqfsucKMV_w": "Julien Bartholini", "UCPExVws57NCTZWm90DPu34Q": "Just Cruz", "UCWGRRMvtoTvZneRWzttCHiw": "Jesus Vlogs", "UCkH1dDl5B3Xcp5KGwPKEFpg": "Jinkees Turner", "UCMsJK_JeDdsxLAcrmqK3P0w": "Jhat nik", "UCQux0hSX01VCS_isEf_6dww": "John Johns", "UC93hPl4LLQM5VnsYVlZN1_w": "JOHNNY5ISALIVE", "UCN01RGEc6ulSQu8YAF3oxJQ": "Just some guy with a hat", "UCMca-ap15io3Ei1ymSq4ZNQ": "Jeffrey Adams", "UCV9cvH90ThTyqOFK9NhyhGA": "Jadon R", "UCiRHT6-9PjcNBOWbWDtIGLw": "Junior Campbelll", "UCPi3jMq_ORxIlDHaiAyU5Mg": "Joseph Blackman", "UCUaQheJ5oc5WfFSOQXyRUlQ": "Jon Markham Theatre", "UCdozSCdyjBCDkysbsa2y6PQ": "Jordan Van lee", "UCYSL-c5E1HkGlaKzdV-HJlg": "Japneet kaur Japu", "UCumt4uCypBjEFagTSTgmtfg": "Joshua Jeffery", "UCONocFnbeedIbyR0yzaEJkQ": "Jams_Mc", "UC-B5bqcOkkzDyP9znnGw3tA": "Jordan Schmidt", "UCoVf1zGtZxXzYWcrk9AOMlg": "James Belsey", "UCzpipnK_2nvCGl-Wvn2Mssg": "Jack All", "UCmb9W8EV69J2Iv7R9YHuECQ": "Jenifer Wendt", "UCiVL7JGrWm_x6Teo789bWsQ": "Jeffrey Addington", "UCvoCrnBP87PPjCKaeqLBe5g": "Juan diaz", "UCV5_6B5G6v-byehnfoOA2yg": "Josh Johnson", "UCNTo37M196WLmHjCkC2aNAw": "Jamesw123", "UCBm4y_2NH831w82ZTfq6X0g": "Jon Judice", "UC2F0u_lz4-quL6mJ-7SqK7A": "Jake Shepard", "UCj1xoaLrzeaeK4y-s7Nl0EQ": "John Doe", "UCHpCM0cbY2TFXxeimqq0tiQ": "John R4in", "UCBufhTQubjwG5k8kVgm1b7w": "Jasper Cline", "UCXBwljpiY8VlrRGfOlmBOEw": "Jeremy McCommons", "UCfOblmtV3NUzwWJKKDAhnxw": "JJohnson", "UC6opkk6Qf0JX8jUegr6Ib-w": "Joshua J", "UCPwBZzHBTSi8RVNgULYmiXg": "Jalmari Laamanen", "UCU05wuGUSJGy_9RbnuRlMxw": "J J e w e l", "UCQ97VUxbQL9n_fpv0g0nVlQ": "Jagdeep Singh Uppal", "UCdYI9BZTM3mJjh3BZQ-48vg": "Joey Lamps", "UCYgzSq5xQ_Isqo5MwWVG1hg": "Joel Franklin", "UC8Sti9DvEMOeRKhT1PD4f0Q": "J V", "UC0O8V2Fq9mLzS0CaMcuxYWw": "Jaden Deckard", "UCkwhpOnX71_dODNm00ia_lg": "JaxPlays", "UCkELpg4WDqvFoA6d-S8iGBA": "Joe Cobra Channel", "UC89lu0DuEH_5cbzfQZa_YMg": "JEAN ULTRA", "UCGopyQMFzRQF5ST35qZFClg": "Josiah P.", "UC1flofV-S9gYVpN-h6ydDlw": "Jupiter", "UCkUJiwGyKpvOVGtifoCtyXw": "Jabison05", "UC4enZKvQFXQmiS2_Bab6HUQ": "Janet Countryman", "UC_FVH_93EdbOwwjYphhX2pg": "Jonn McNally", "UC5o-C7-G3CybK1jz_K0QYOA": "Jun Mosses Sarmiento", "UCsWudY1U2Xrp4fRrC11D5qQ": "Jonah Villagomez", "UCfTsLil6fvT13l1nDauHHsA": "Justice Rodz", "UC5-u5s4jWd1BDHu5kSTy3ng": "JarrodLovesCars", "UClhtyfWBs9nKUhJlTuTOK_g": "Just being Girls", "UC4GPsERxdxUmfCVKCMkES0g": "Jenni", "UC6mqYl3ZZTR9n0NrogV6EFw": "Jeremy Okemow", "UC09wFE6VDITfynQ372RceIQ": "Josiah C. Liwanag", "UC6UjH_OgtsyJWBHGyTNk-UA": "Jeremy Clapp", "UCAzX1nRlI4KgQhjbjtzpRoQ": "Jake Isla", "UCAaNut5PX6Cc3DecHj5PEvg": "J&J B", "UC8Quws2rCDNH2BEvFpXbTeg": "Jason Brooks", "UCoU73_bdDxO3Xx_O-mIqPMA": "Jim Esfahani", "UCMFpN2GTvdmJRWTTpAI2pFQ": "Just Another INFJ ", "UCCneMq-a2zPrR8TYd5hIndA": "Jennie", "UCKvsZ877CbnL-tXnNz1AxOw": "Jesse Horan", "UCgzUFLHp_7loJ9GInWh4EZg": "Joss Allen Dela Cruz", "UCukPX0mnW9iyAh47x1gmm-Q": "Joseph Funes", "UCQOvYIXMTtjwRSjwD3LXYCw": "Jacob Ruiter", "UCxpfRY97lHNhq2K2_77h7Lw": "JF Boulianne", "UCmbcWvgJgrTclPk-0O0iEeA": "Jeffery M", "UC2H9dnHIrZ3y1NA_Z9nSU9A": "Jordan Phillips", "UCN02RVpW6TAyuEqbss2JOkw": "Josh", "UCRVANBaHj3wPfyKMIy7itwg": "JSoul", "UCEBIs98SlaaUYGALVRVdc-w": "Jahn Dahp", "UCkTaA6l4j8okpMj7nKTnrTg": "Jessica GG", "UC8HersJQXP4zaII9DEVgltw": "John Smith", "UCFwg8gJGM2XNZm0AECWQG-Q": "Jordan Olsen", "UCSHO9lr9WKAzCg-MPtj_33Q": "Jessica Ashworth", "UCFFFEYTn5ujxur7dW2ACZ9g": "John Doe", "UC-uTDQh2we9eJOwXTVJWFYg": "James Jordan Pagod", "UC9I75Y5Nttm8_k7WRwgarhQ": "Joe Moffa", "UCLsY_48iD-3gLV9EHqKwIpg": "Jason Markides", "UCSrhI-n1PpMpt1U7VkZF9ow": "Jam Wick", "UCBWSM8Aa_cEJrvPi4xYW-YQ": "J.", "UCNDB2PDu97kPNyg26Pvi_XQ": "Jesse James", "UC_6ouJuzFamG3a8lt3Moe4A": "Jack Sund", "UCP0MFkel3dDn8BmBbb7Vp2Q": "Jemimah Aviles", "UC4jdC1ObJZLH3JfYw68kkRg": "Jay McBride", "UC4h79GpJ1S2Dyr2u-NJsW7A": "JunPuYin Wei", "UC4eRvPbf4Vd5BecjO0L_74Q": "Juan Garcia", "UCZEo4U9IsgzGD89ix7HzYyg": "Jessmin Cruz", "UC-DLZORrt-OwRup83_FdjsA": "J.J. Guerrieri", "UCk6BxFdPexT9AJXhM9M9sow": "Joseph Saliba", "UCeOYOSWNpuso0jMerxbneOQ": "JDR_854", "UCHu4AjEdxYSFzg2EFfskKzQ": "Jay", "UCfegITPU1lW3l1Q0eKnD0AA": "Jim Katz", "UCHZuv5kxW1r-8CU4HZZxrZQ": "Jovan Ba\u010dli\u0107", "UCFhwr4ONRkE7SfoqW9q9mUA": "Jill Tarnoff", "UCvHPfNDHNI1q-YijKDMuCjw": "Jodi Jacob", "UC78WArAwwIhMn4NTltC4N0A": "Jill Pierson", "UC7ycpwVlBvFKAV08txWhHKQ": "John Beckwith", "UCMe8Vx3QWbuPVb7U3TbZgFA": "Joshua Babia", "UCorH1RFQKDD6L9rxqOVPBFw": "Joca Plays", "UCbhbmCxsIWcexu1BZnEBF3A": "John Gregor", "UCJ2ZbxJ5EEp2bUG7bFBqRSw": "Jasmint", "UCF-ZzmiyUqYAkptYNaS4D3A": "Joah Toews", "UCcnb5cW4opL-rVTX46ztodw": "Jig", "UC_rY6iWY2xlNR52qkWhn3Ug": "Jason Harry", "UCfIP18HVDfphoEqAECtP4Vw": "Johnny Boy", "UCyji7WXsFZN0yzGTivG3G9g": "Jocelyn samuel", "UCy1kthn47kvgk5E6aAVmqZw": "Jhennelyn Espanta", "UC6cu3bDLqkImxZk1dYl2i6A": "James H Tracey", "UCugZVHzHwq_l-OTgm35tizA": "Jos Rood", "UCQJqbasWONA9blA9u49Wceg": "Jilannah Cornwall", "UC8JiVBZLSihEqHThEJTuJhQ": "Judah Grubb", "UClhl62t7DAbeht3IuS6BzTg": "J D", "UCQLDREAGqS1lofJLz9gZLIw": "James Israk", "UCsI8-OpV4P8y8cFdyWx3Xtg": "Jo Po", "UCx50dyhC0V4ldydhPYsjt5A": "Jesse John", "UCMH4T6P-ICxvJ7O82lwsA6w": "Jason Rasmussen", "UCD4kmYDvJBzN6AYahmqPfKA": "Justin Murphy", "UCzjwy744uNgWMLsHR-BSDAA": "JeppeSwagger", "UCSApmjg-cZzk9mCw5iXpxrg": "Jessica Marie", "UC_Z3_ktvNP8prz49HIRyLQw": "John Brock", "UCV53IhezzMreQzpg_-Kcp4A": "Jameshockeylife P.", "UCXfDL4RcqA2avSm1wnlYr_A": "JORE", "UCuwrbCvaZsaaOIHVuU2TOEg": "Jordan Fate", "UCPPzD13nEOhZsugPoJLcs5A": "Jujuululu Jujuulu", "UCxXF3t42hCLgScIcA2IjV3Q": "Jendrej", "UClpD4H-FVZQpiWnZaCySgQA": "Joniper", "UCi2GcAXR3jdYqLhtKvpx3Eg": "Jess-ter", "UCu7OVnffDCMqXoNBiVNavpA": "Jeremiah Freeman", "UCZvs0Hgw7B1d0Kz7SDhAJyA": "Jay", "UC3XZd8PO9xuSRNyRWuAguew": "Jeffrey Angus", "UC-Tr9IWefe3jHQpiqBbw-0w": "JhenMaster", "UCqGP2mZDPhEXRAfH-ozTK1Q": "Juneau", "UCs-ceqtCiScWqfYbFFYryEA": "Jhere McKenzie", "UCEYB-HbZfGLRxgpaqx_YOmA": "J Martin", "UCO_Ao8CBkaPEBDQitarjkww": "John D", "UCA_1SJzyfRvf61rlhBmegSQ": "Jason Shank", "UCBiyvBtwncBgttYtNe5-Ggg": "J FLEISH", "UCH3D-YHQrCQ4F5S10A__iew": "Jema", "UC1HKb3Ir-8wO-Nr1n7O9Lvw": "Jamel Ramseur", "UCUy6g1oYQmJue8gfpeNWUeQ": "Just a statistic", "UCigxaFKuEWJUdiE-6j-F_WA": "Jayden_ Herebois", "UCzFvnukARsa3W04oSPUBfhA": "John Wayne", "UCAx1AP4yR8bwtG4uO2Rfo1g": "Jacob Gross", "UCkqUKaTBkaGiqqPzNjgQ3OQ": "Jasper Helkam\u00e4ki", "UC7dk95MUlyDdqKzCmlv1eNA": "Joanna Suarez", "UCDQBIw8By6ikC_TZmkUIyag": "Jayden Carrera Jayden Carrera", "UCJbA8TqC47k9pd_ZSYmYPOA": "Jared Dolmo", "UCfWSPbndZ3fNCC8zF77tEFw": "Judah Hartz", "UCQNJKLMLwXgET3FVVvVIitQ": "J Colby", "UCheH8DAgP6mSXZcF4vBl3TQ": "Jace Nagle", "UCVQZe0JHk_FZkXWHnQXz1PA": "Jacob", "UCeiAp47ex9f3XSH_HHtTDJw": "John Hand", "UCP-FK5vy7UT1NLzLI7QK60g": "JC 2000", "UC72kOYDDBoYl4uxoWbzl_6w": "Jessica Simmons", "UChOCxpyJGTJClI8Niq-Gx_A": "Jumpy", "UC_TISd4QbVsm20J07nqvoTg": "Jion Loh", "UCzGbQGzkrQg8I0mCWMZt3HQ": "Jonathan Rodriguez", "UCktUWGA-4Dd4qLnsuJtzxXA": "J C", "UCGOeIHMOz_0NEmsALBLJODA": "Jeffrey Campbell", "UCAwR0Txo0_EiRBGdbO3h9JA": "Justin Williams", "UC7ypbTlwp4SUABiuFIxBGHA": "Jack with a Hat", "UC_sxDQtMZ2aK2IgKj6Eh2pw": "John Samuel", "UCMiDpBmVBLYxUf-Crds2xtQ": "Jr Munder", "UCKFKG9Jh-MbP2F6fe7A_fcQ": "JOB1925", "UCNSfbcof33FUBiKbN93Vp0Q": "Johanna M. Brown", "UCELhpaISZ9c8v2CofVH9zaA": "Jerry Loft", "UCFUYe3NLR3Gt2R9ezbFgC9g": "Jackie-In-The-Box", "UCXyTtD2maPqmcgDwew7fKZg": "Joseline Rivera", "UClGG6UfBDvzlWYJGAsLoiVA": "Jorge Lugo", "UCX6rTpaZ1GTVXpD8dEDAFJg": "JON QUEEN INFO", "UCUiymBSZ3lqQkYOTJLhTUxw": "Jack Apple Roblox", "UCPTztHPncT0-wp8sXLl-tqg": "JCamilo", "UC4B48zjMi5UiQNIWXe8Clow": "Jarod Garner", "UC_31Mz-GCr2tyctsUjEZNoQ": "John Thumble", "UC7mPE5Z4EjsViL9khUsW00Q": "Jose Vazquez", "UCS2h_AHZYylSZZLWaDb2ENg": "Jonas Raphael Hernandez", "UC4s_GTTxWNt9EomXAiSXrGg": "Joseph Martinez", "UCvh2Ql2CR99YYyoLdXKb0dw": "Jaime Moreno", "UCYf7LN14Y0T9-poqFbR189A": "Jen Price", "UCaFL260ELHKkOEAFiDdDv0g": "Jahzieel Mejia", "UCB-nc4j4gsVGmzKTmtSrB1g": "J G", "UCFh1X4wBKnomhy7F3clG-og": "Just for Mc", "UCZ-EfE-tgl0JHXfEHIMMjTw": "Jason Olvera", "UCuyLKb3L54bJHrGYn0naSBQ": "Jessica Peiker", "UCXULdRO5xsZ8NzmWBtC07lg": "Just Nick", "UCEm_vCiJA5xKCZw6Iwwp17w": "Joaquin melgarejo", "UCT91AcrHlYsIrLowrGhEIeg": "Jarro Uchiha", "UC9DX0c7ebm_8SGKKVyFwDYA": "Joseph C", "UCtM2Yfr7XOp8lATVvKAcC4A": "Jasmine Warner", "UCW4xolkpZHIRWdVOb6OfLdw": "Julian", "UCOEtu_nSARp7PImZw-58Ysw": "Jenn Breen", "UCavU-XgYP2BQaFAY1rkntQA": "Jasmine Grave", "UCqhT96jYdDWt0e5v7BtPMsA": "Jarvis Williams", "UCLlCGYCORdC3s4x0AQuddiA": "Joe Schmo", "UC7gE8npUfZbvF5TKbun5eSQ": "Jake's", "UCD7Y9vmNyBzzO6dOAEemZKQ": "J C", "UCpD7qY0nTtpTRJwBoppX4jg": "Juan Daniel Caceres Huarachi", "UCJyfXtUIGueQfa6SeU2FyGQ": "Jithu Raj", "UCnI-CboeMhpteQu-sDegVbA": "Juggynaut", "UCtfMzC9SbOzypFv_-exlXQQ": "Jesairel Christopher Dati", "UCM8WAP6MHyq6IPOu7_WSP9A": "Jygz Salonga", "UCFBL7oWsHeCc4UWdHLSe93g": "J.C Meza", "UCmqlfPi6fn6HhIDD_oPukTA": "Jumble", "UCKh8kSadMW73Y4VPuLKy0TQ": "Joseph durrance", "UCPTRbZQYoVyDLveiRO66y1Q": "Juliana Aquino", "UCkmchg8GENuXMzBFHXBeH5w": "Jr", "UCnk1iPa8KjSeT2J-EQ9vGdA": "Jacob Sanchez", "UCZiIifJ8f_nxuW1edSX-2Wg": "Jane Camille Bongkingki", "UCh6uekghVTJhtJPBtXYc0eA": "John Williamson", "UC5ymhvwZx7zqdD7Rd0sPa0Q": "Jelly TConstantino", "UCaiG0kz0JYN3-bJq7UHLwGg": "Jael Ignacio Gono", "UCng-9Hy0PIxLng37eN-fweg": "John Jordan", "UCyMVRUhGdnLuGg-UXjVj6fQ": "Julia Anderson", "UCGxc3OYfWfFHGSOLBxPg9tw": "J. Gibson", "UCxpmd8Jl09qEaVLEdIB69-g": "Jeff Stanhope", "UCLPv4EJqvrfIo-WLGwpRksQ": "Joe Blogg", "UC16m2_O3KlYGx6NNVypuurQ": "Jay 88", "UCbEtWzJhLUyHn2nvbtQSBlg": "Jenna Wilson", "UCrYlI2nsuaHkXDAFsn-Ym0w": "Justin Hiltscher", "UCIg11P8A5gPtwKWqNQoqteg": "J J", "UCw8E9D5dNA0Ts-Y7lTA5pNg": "Jay I", "UCMbqbXoQZpPZfEz4GaX2WWA": "J.G. 51", "UCtOVwcmVindiup8ysylidEA": "Julek Sa\u0142as", "UCTSfiXgGwXkw2M4oV8wKS0Q": "JollyJadenTNT", "UCjac8FQNEHUuhYORf5RzPBg": "Jack M.", "UC-fPWmVP_X8Pbq7F0BHOLEg": "Joe Webb", "UCWru3-4qbx8xxZhUoOJPv9Q": "Jordan Cesar", "UCOO-Yg3OjO10NH1t43oEv1A": "Jay", "UCR1LeucM3gT9vYfv9CRHAjA": "Joy Joy", "UCnlAm0R6-oT36shziCaAW0w": "Jeremy tallam", "UCI2H9Y_sYY3ujpDDMypa2DA": "Jibmunk", "UCdGKDok--MEZ6SZsNskrt6A": "Julius Boone", "UCdfUrzQb3nOJwO58LUd3ziw": "Jimmy boy", "UC4jgSeON1B_6lmf_4oYRHhA": "Jakob Bohlingrer", "UCuzyNqDmqUtv0hPp-mkjhpQ": "JAVI GAMING", "UC5B8EWTmB1ariC1oxIPrKeg": "JulioElProGamer", "UCYJhnZIUkKV-mDdRrdOYVoA": "Jimmy", "UCowD9zalLvCyWxJ8mqHnTMA": "Janina fan", "UCDWh0k92ywJIbiVv8ht9hdg": "Jakrizmo", "UCagWI8wvC0Qflkqlbt03EBQ": "Jinn Gaming", "UCRVubzVABU4YOUUFabmjeog": "Jack Erwin", "UCyTHTlwaUw0wUiZA_AqZkZQ": "Jillian K", "UCcNy1HAcR28PRvmxKFyd2JQ": "Joju", "UC1UNyEr-OLGNBKDYwja7ecQ": "Jimmy W", "UCqpc35h0NhVADaCTV7ymQXQ": "Jerene V", "UC8KFeLu4suJwXfFBTEb47aA": "Joe Blow", "UCJsrBMdvNHuPFG_bzTrSAgg": "Julie Massie", "UCeTUpMw9epm5YQwnUxuEKdQ": "Jordan Hoadley", "UCabYTLyyQQ2kEFq_JBz5qcg": "Joseph Hect", "UCdfYbUuPUOd9w2xk2wJm7Hg": "Jared Meadors", "UC58y_DpJdJn4X3hY1sVJCWg": "Joseph Simunza", "UCrw97rwIHgP7auv6hq3yjew": "Jersey Royal", "UCH0US0C0hwzd4AyzGIBoSig": "James Livermore", "UC0m7b1eaamy4JwgyAVgad4w": "Jelmar Eusebio", "UCUaJhRPk5tR9x08NW1C3bMw": "Jose Ganoza", "UC9mBK7NFZ8aBR9bWZHolJ1Q": "Joliemon", "UCq5eSUSJ8papHV_cKkhQVhA": "Jeff Gabriel", "UCO8hsAWAc2jTKgZscouRRTQ": "Jason Cairns", "UC6fHtdcHO5z-D8KLQQMPA3Q": "Jaxsterminator", "UCsfeuBXZX2OAly2E3pqBEkg": "Joachim Seidel", "UCoOZKNsoGO-glQXimwkKaAQ": "Joey", "UCMCTrzawOxGzJhqvVXdl2Aw": "Jskwaianae", "UCp6etHEelnOOd3m9CFsCSgg": "James Kingston", "UC-1fYPmNx28q4z5BuLZ9gDA": "Jose Martinez", "UCZmehbGf9RIuSknQ0MbRcSQ": "Jacques", "UCb7sZXftKhFtLVGJrWayovQ": "John D.", "UCg28Sqagg4UqwUjRZN_MrAQ": "Jamirimaj", "UCxYs1RQKoKf-nwIzYThZ8OA": "Jemimah Ngu", "UCmDdoQyEOdvXTKrfhOSIj0g": "Jacqui G", "UCVeBfmKWGXKwalRR1PAOXQw": "Jacinta Tate", "UCHO4xCF9mXx4kD60tTWTnMQ": "Jacly Jones", "UCHYRcGKIaexSX1i5MqVTXqg": "Jett Hunt", "UCFCg9TNCX5QbZTrrvqQyKmw": "Jonathan Cohoon", "UCVaM9yCeOfUB_On_wSoQCOg": "Jaskirat Singh", "UC2xNn0g2HIq10LVzsPKN2UA": "Jay_sun", "UCLSZ29FKgi4zJhu5G0IeqkA": "Javnit Striker", "UCd7fLYk-6z76Kswh8ZzskFA": "Jamie Young", "UCLXdUE78Kp_-GM1L686zvGg": "J Z", "UCPR1cONdkd0u8cxV-yFBMHA": "Jon Gross", "UCPRYYIJRluP33sC96LW0qeA": "Junior J.", "UCEIDG2D1K-hnfSCWfgYUkqA": "Jason P", "UC-8wrQ9ehUzXphWc9ADpWxw": "Ja'Maul Redmond", "UC_zgoKgCyoENbJ1Tb8g6iZQ": "James Scholz", "UCVNhb43AB1xrS7MjdysKf6w": "Jimmy plays", "UCFzIUH-oFCVrLPmIWINtswQ": "Jason Snyder", "UClLusrqzcy8WxvXxjVCebXg": "Jam Jos", "UCpS7ocMiPStrazS-tUHGX8A": "Jasian Charles", "UC5I7P0oMZ_yorCOaaOqai1g": "Jessica Smith", "UCNjsOHDxsuIaUiFQ2GP-IEA": "Jay Danao", "UClYFmDKJNAqcClUl1b4bUsA": "JoJo kitten", "UCWQQUmDqz2PIwkx-W3Zkk-w": "Jason Gustafson", "UCV47f5hvnWjcnpEEdMgj4EQ": "Jamil Linde", "UC2LV20PpLQEJsQzZ7jQmevA": "John Cutler", "UCVDjQ0_2g6YoEeyVRi4hdKQ": "Jayson Pangilinan", "UCCPimP1EKs2DpJwJodPtEjA": "Jaliyah\ud83c\uddee\ud83c\uddf9", "UCbG5WbJn6MEfSGsVxZ3eW4A": "Jesse R", "UCLuANMjz1OD_8NxY99n8RHA": "Johnny b. Goode", "UCmSmDy-oWQShubqJZE5XzeQ": "James Armes", "UCZr9kcFZu22cYUZ4ehEBQnQ": "Jeremy Harrelson", "UCFeCeRir4_vhHt7tGkyTmhg": "Jerahmeel Liong", "UCO4ljSPDEfPF6hYfUGsvpmw": "JUSTICEseeker", "UChwqDr_QDiuFShLoC87ykNg": "Jumpander", "UCGQDBO-Ijxzfd568ORLDeSA": "Jhosgua Holguino", "UCX6dNCh3OoRp9QiXC3VDUug": "Jordan Roberson", "UCGvFXfB-Yx8IlSGmBBb1unQ": "James Sal", "UCs-d7QG6-9-jExhSavQ5Bfg": "Jamila Johnson", "UCtrAiUKvQQNDgOWzBflziVA": "Jeramae Boca", "UCHcTpbkR6Kf8-9AO13qoEaw": "Jay _ Gamer", "UC69zBinNKB5jKzE7dtVNkkA": "Jack Delp", "UCRUDgHWy7rkvMc7wK6Ppc6Q": "Jovan Be\u0161evi\u0107", "UCF_P184vGYSKoBIfJCeBTdg": "Jimmy _237", "UCY0B3aOwm4kPH2TK-q64GSg": "Jvok", "UCFyKLxvJouyWX6pTxWQqq2g": "Jacob Kingsford", "UCVPZuEQbPZEs9npE6QInUEw": "JonathanPlayz 23", "UCWw71eawiQ1YiF3qxPM5P_g": "Jones bbq and foot massage", "UCycKa_uaAtFqhWzSQpjvgvw": "Jonno bloggs", "UCO4PTUm6rSTejFia2qR4pyw": "JoeG 17", "UCGEtMulWtz1Q3QPH9nV9J8Q": "Just Browsing", "UCDjusBlVuenvBd0Dc86WPwA": "Justgaming", "UC8X__jcviT_5N5C-8a-6CMA": "James Turner", "UC3X3sCQGeMUkDmMoqehVakA": "Jason Lewis", "UCUx3SwHahMHj59BGFkX1wMA": "Javon Dallas", "UCHAYOkXVfGKtWRg1xCyw3tQ": "Jonathan Coad", "UCtjb_H1DUeiZjy44RGuKgsw": "Jazz Griffo", "UC2LBbDwpfxMNrRJ4KJaUdBQ": "Jose Gutierrez", "UCdU_5HFkeGvX_oMY25mHn9A": "Jackson animates", "UC19e7HBhkuPaUeLU7hXULqQ": "Julio Andres", "UC3FirDGpQuqJPPO_WYF4P2g": "Joseph Giles", "UCuTlCYZakg3Sk7CZe-lffpg": "Jimbo55151", "UC5vj8gVTdnRkTf2hfT49-rg": "Jay Hawk", "UCWH_bnJsSCGjE8XbapeY8iw": "JM Kim", "UClPNucAJ2cjqb8vut0z_jOQ": "Jonathan House", "UCwO3SBtbedSbZNLQlcXbZ-g": "James Cook", "UCGaqf-fZbo0aCO-EEQK8kvA": "JFoxBeauty", "UCeGItkCiffhGoTfC3Joodqg": "Just a random birb", "UCijTJbwFZVSBASMm-LXAt-Q": "Jennifer Sadiqui", "UCnXJXuTveRCHK7qG1iI9E5w": "Jack Carson", "UCn0ziUfurbJftHI6hE6r4EQ": "Jonathan Craver", "UC4IqF2UL3gbc-POql1-Jd9w": "Jennifer Nichols", "UCyEa9diMRYut_iL1GZr6C5Q": "Jeniskan Jeyaseekan", "UCQ6CWWLXF9h68zjVqLJHkzw": "Jose Alexander Martinez Mancilla", "UC5H1q3M7YEnbkoY67R2cDhA": "Jermaine Latimer", "UCbr8apRAqxWta7HUqvune3w": "James Marcus Camilon", "UCkoz3YP1YeDW6QQPOXiX8yQ": "Jayzen Faith Delara", "UCaPdnNSWM5NpMrxH4RNiUWA": "Jinx Dragon", "UCLSiC29CMiHaxWLkAhbOjBA": "Julio Jones", "UClOD9tOLZ1BbPDeedS6Q-Sg": "Joe Lemba", "UCxqWlO6X7iLq13UAKlcWHFQ": "Jamie Clarke", "UC8BjNx5I7K-IkmaoOAZL-og": "Jalessia Miller", "UCZmUHExAo7eA9E-_stMadag": "Jesus Mendez", "UCgawd9u_sbfikYGn5r6fSIA": "John Daykin", "UCbXGFe0Ks7CJ6SHVh3S2Rug": "Jozef Rakaj", "UCY12FALTlXBiblV5u4eRppg": "Jennifer Samaniego", "UC3JfOKf4i1GqXXVMdlojtqA": "Jackie Yang", "UC3ozjIj6m21THn0uFHV9RzQ": "J.McCormick", "UCO1CU5uXY8u8idevgp-QLhA": "Jordyn Glucksman", "UC6m6Qc8NXt3Z5BUWS7i1LKg": "Jishan Ahammed", "UCguoL0saRtL_F4LJ6zP9PEQ": "Just_TrentXD", "UCP6YiU_DxNX0WTP8rEcJsEw": "JT", "UC9hTWOpIsztdxfs9SU4mhEg": "Jeffy Johnson", "UCr735TI_VL_ENN3jhs8pAKA": "Jo1cly", "UCX5vZquoaI_6oIDhhT2IZCA": "Jengers McBattyFace", "UCEIuCuy26sE3Lfs9SH0FAzw": "Jasmine Johnson", "UCaS3kSyFGQ__q3wx_w1WVwg": "JammDoughnutts", "UChzgeBRCGzroE7ASC3V6tGw": "Josh Scafe", "UCqAcBlctv-Z7binZInn1NGg": "JessKa Daniels", "UCRQcpCofnXtVdce8S9NtILQ": "JuicyIii", "UC8IYKByw64AYmjN3V88WnkQ": "Judah Fisher", "UC9Aq0kCIpKxBxwLdXKMChPA": "Jiganomics Outdoors", "UCo87wFZIiiqVb3VdSEBqQdA": "Jayson Alberto", "UCrAcNKRmi9FpUx7FK3wDVyg": "Jarell Manuel", "UC7iX2N6EpTLkDhj6d_zla-w": "Jordan Buckingham", "UCQWikR3N_4APunFnNuVeTKQ": "Jordan Henry", "UCz-2mlNpHoqO2Nl08V8hHxg": "Just a Mechanic", "UCkcl4muRxecA1zlXSFllI0Q": "Jerichiah Harris", "UCB9ohpG1TAcV3wRUp29X1ww": "Justin Josh BUHHAY", "UCPP1pDUrLwt2UB3SwfsgVAg": "Joseph", "UCqjz9FVrslRaSorZaJVCXqg": "Jonathan 13", "UCAYCiiSeHBBGvIbfex8r6ag": "Joey King", "UCWfHYfiIGmBqVxUW9L3w0Zw": "J Z", "UCgH2Y7pyk-KokMF-Hjpw5Hg": "Jason Delgado", "UCWhnJKqrt8K64HlG5VHCOhQ": "JinsanSama", "UCwu2xcwU_YAGTyyIbhQDjJA": "Joshua Hietala", "UC5UBI9yIxtjzEhQeyOJeQcw": "Joris Baranauskas", "UCkov7RjFmjPFp5RYJh6fwhA": "Jason Rae", "UCnXOtzcX4vNGWiIR7NLQQBQ": "Jason Lasick", "UCmkOpDqrboWuIwQMUBy48Jg": "J N", "UCn3vVQPn5-TZX0VVZAS1dBA": "Johnathan Justice", "UCYQ6Mvzvd3x6lGDeyluJB0A": "John Carosi", "UCrT6DElV8Hinvb0Uwwt_D_A": "JustaViewer ToReact", "UCx1dnq3HkNXrTca-4_KeooQ": "Joelis Vy\u0161niauskas", "UCWV2_gE575twitK5b02_g8g": "JosieTheWolfGirl", "UCbj85zrcENgtkdLK9r5vOZA": "JOSE JUAREZ", "UCPFHLm9j80fIfL6A64IOhPg": "Joshua Melvin", "UC5GBj_sO12pab3tlTM6r7QQ": "Jenny S", "UCeuTk2WUjQyx2pnXg7jv9uA": "Jomppa", "UCKRLzmGYh0i_sLbsJWgARrg": "JLo\u2122", "UCJ5PKZ-5goFFKemkipmNbLA": "JD", "UCeYWILkv0iD99UiypRvilKA": "Johnny Delbridge", "UCtP19BEK71MLzPNZPDnCvxQ": "JE", "UCbjLMEVZklHbRTSc1-RqrSQ": "Joshew", "UCIJj2yRv2qKQoF71G7TvRjw": "Jose Llanes", "UC-oK19dfY7ZEPYNU7V9O-iw": "Jesus", "UCefHteuau92VJ-iGb_3rdGA": "John Deere Husky", "UCzB00Gu0N6iQhpmg0DfbB6g": "John nitharwin Causapin", "UCeeo_HyYk1lxmSnUUy_Hfmg": "Judgesaturn507", "UCNf_1oIGJLKn3dfRQ-VT8JQ": "Janiyah Daniels", "UCetq8xIqPHtWMYGN7pGarIg": "Jayden Low", "UCQ_qpO34F6HRjVBq-AuoyTg": "Jo\u00e3o Silva", "UCHBk4dyDxZLS_GHAzCyaaOQ": "J NY", "UCwNDTJgt-0Y5Fyit8D_dSRg": "Jose Matos", "UCcG63L8XsidYWS0w6gdiQyw": "Jury 18", "UCaCTdNtyKUs7tCB-5LXKWHQ": "Jessica V", "UCG9csq0S0N7Yvzmike2DYcg": "Jase Daniels", "UC5iBozaax67k25Lj40IV-gQ": "Jordan Tomlin", "UCxCBdMXpIUEmo4oxGtUJLdw": "Joni Smith", "UCYuLq4AsV7lKJVJiXLH7JMA": "Joyce Jackson", "UCwv2bpSAL-s4Sw8AYR3tZJQ": "Justin Triebke", "UCc4LFszGrgqgs3_nCUUhqMQ": "John Landry", "UCkE_eIDpxmPug1fRtgbLPmA": "Josuke Higashikata", "UCKQjv24kNC8kEh-SHRBQFSw": "Jon Av", "UCJjowXzJSH-SlAziruRkEkQ": "Joshh", "UCGF9nQCEcGmDp1wvoDrN6Tg": "Just Patty", "UCkyy8MFqWwFluDT9JrEy3nA": "Jayfb777", "UCRtWEt_2SheyhOVadqGavNw": "Jaeyi", "UCbtIcFhWds69cbk0EVrhUHA": "Just some guy who is half ghoul", "UCr5LuIDCZIOvrd3EQAPd0PQ": "Jefferson Bee", "UCaEkVQvTM4FToy9M5EEC1fA": "Jamie Wiebe", "UCur0x_YLOAmauS1QAUZ43WA": "Justin White", "UCKC0Lz-IUbJMDP-xBR_PtNA": "Just4kicks", "UCMoCvQGGoNZbqdwiw_NnApA": "JJthe Mystical", "UC7ef8lx27p9lnihCp4OtxUw": "JLon TGM", "UC-fWmXFobHfOQBoQUxsiMCA": "Jurassic? Go", "UCFCnTPGVN-DGEf-3dZaHknQ": "Jervon Mcclinton", "UCYW3ZrVDeB7N-yKKRAiV8pQ": "Jonathan M", "UC7M8l3mEE9somdmKMhjvs3w": "Juku", "UC6HrU8YqL3rSaO424yJZ1rw": "Joshua Frank", "UCrglk0oc5G3jW8aiza-vtRA": "Jeremy Wallace", "UCY8GlLO6MWvUkLS4KQR3LtA": "JONISH Thapa", "UCLVddYyrNFAvzw23eqqO2TQ": "Jacksul", "UCff4l4yz-cdzhqtNCjDVagg": "Jairiliz Infante", "UCQAdleHGdN_mzGZpzArbfUQ": "J Mc", "UCk1zRjUDKQW9In8blGkcgtQ": "Jaydeth Mai", "UCYzORxy48p2xW_qTLP-qlyg": "Juliet", "UCSTNsMdEH9LnM8LbGUhJmAA": "Julius", "UCs8oXXYkZKvTeh8FD7oXdMw": "Jotaro kujo", "UCfkCL0LpAjRZ3LsEA643tLA": "Jessica Raftery", "UCE-IkMBWes1H7ODtMJCMYVQ": "Just some Crappy youtube account", "UCUI28DczLnbipusZzL_98Lw": "JebonSuper Goat", "UCHapOZYevAD7WUtRD_KPoNg": "JagyJared21", "UCjd-PnCcL0Nj7v9Ay58OEog": "John Ezekiel Jemino", "UC0MB27Q6EASV6ROCt5laU2A": "Juvane Doussaitis", "UCrHSQOqLxH6eaSECKOVrmjw": "JoshyRB", "UCcY3rsaVK48MZNGlBqaRc4A": "Jarir Affan", "UCWhQTdaT9MTRT_-nhrTn6VA": "Jessica Dulay", "UCJ0wPKdJ2YqWkMENJo8qbxg": "Jose", "UC5uCAiUW4_8RlyGtnhtxiXA": "John Xina", "UCO0gDALP3NU2AjDsWumhMQA": "Jo Schwanitz", "UCsNTIaPf5gmIfGtxZGque8w": "Joan Alarcon", "UCzpC6SVGMkPxq_KC1maOzLw": "Jole", "UCGsqTk4MtR8yFOwJBjxru4A": "JellyFicheable", "UCbqnLXQxgXcweWEZHYooT4w": "Ja'Far Mujahid-Alexander", "UCJVIlLMRMCeHz5oIsoQa6PA": "J Gillan", "UCBBIqG2LPLQyV7TTrt1xF8Q": "Jordan Spiegel", "UCUFj0NJVAD77MA3OO35bG7w": "Joyce Grimes", "UCGkTcRt_IbfLm3bln3Mm2Zw": "Jessica Downey", "UCjT0SBhW2ynh1hLegq_Vgkw": "James McMillian", "UCvTf4M_pwiTVfnmUinnmCuA": "Jan Michael Santiago", "UCRb1mMNIOydyiJ4wlFr0mwQ": "Janiya Hill", "UCmkg3CGm0i25OhVJIf5tD3A": "Joshua Aris Fenson", "UClwUzFez33iembyi3LgQyVQ": "John Carlo Castrodes", "UCo-h7HhZ4A_cBQYlfmtepUQ": "Jesse Thornock", "UChuUwwJdHeqI_M3QuaMsuQw": "Jed Carr", "UCp4uuVJAtFLncSwRsKigPtw": "JustAGuyOnYT LoL", "UC8TTyTAUXn9SbiLAekimRBA": "James Daoulabani", "UCriJkgTcvgz5tio10hQ2cfg": "JackGeezy", "UCPZemrOEnWDiR__RZDSdZgw": "Jonathan Harris", "UCxwzswbvjnzLrPiduX-ibQw": "Jim Jam", "UCOU6p5glC2F28ONiM5tHuTA": "Just Kevin", "UC9vblgD8I2ihxYQtK70d0cw": "Juiicy IIX", "UCcqZp4NoWFujM1vJKgeb2Pg": "James Ritter", "UC2QJMedkJN0DrzSfTsQrfhw": "Jim", "UCktn7RVez_Mbitt4UKOGi-w": "Jay S", "UCNHBeTmTAbtvvF6epwE6HHA": "Joshua Offutt", "UCTPbXiGfGMWC1SvJVGF2qHw": "Juan", "UCYWN2_EteehSyE3B34staaw": "Joseph Berwite", "UC94QpCWeySedOGS8yLLG3oA": "Jay MayTrix", "UCD6VHkoIykPcjqeOevG7tCw": "Just a landscape", "UCnuncpv58DWS3XpDC_uqlIw": "Jaren Cascino", "UCg5lU9okxYJNkFQeqoyhXTQ": "JERICHO PATRICIO", "UCSz0cY-OjRmzjZWlkLJnMxQ": "Jessica Hill", "UCBUC8YzZNZzOaFY4hbFnAQA": "Jerrion d. Ross", "UCI-ItBpLaiWxdNoSjzcUHIQ": "Julie Dobson", "UC0xlzHqsOv5rO3NsLo1HrBw": "Jeehee Hong", "UCGnLhYWpgz2PX-la5rUx5Mg": "JamNeedsHelp", "UCNdUUpGM49rDSdppJMXTnqQ": "Jayden gameing", "UCqtIDNtJtlLXwjTJ-B9Nogg": "Jaden Leeder", "UCjFI3IDRLFdgbJ-g_X8rHbg": "Jessica Duran", "UCVHEQe7P9swpZmgUoZhiycQ": "Juegenz Mangala budiono", "UCDRSqKYva6VX1NHwxTBwEAw": "Joe Mama", "UC7v_KIKDAgmyopGXrC9zTlA": "J T", "UCPZbBFBWdrFZWk1F-VtT0fw": "Jesse Pinkman", "UCDkievcAQWjmQcNG3kbt_Hw": "Janhavi jain", "UChaUOurL9bLnPpIsiW2O3_g": "Jordyn Nexus", "UClR1lECI-6UHwouc1dJf8iQ": "JungHyun Park", "UCWE_PzhVzTKfLYLORhbkODw": "Joe Goralczyk", "UChR5c5Rh4lQ3SzTN6N2D_ag": "Jisoo", "UC3B76AQAMnzPlnOwqqgMGMw": "Jasonthatskates", "UCzYvM3Cll6DgNdifY_4NZCg": "JC 4 Evur", "UC4sKyRx6Vi0ZDNYCN6nPdZw": "Jose perez", "UCN94Zly5ffRovizc-Xs3pFQ": "Jasmin Barbosa", "UCo0X4Nd0Q185OAhpQv95etg": "Jodie Ashcroft", "UCDgBDAsXBmHKbr1gYtcAUcw": "Jessigecko Roblox", "UCkT5mweBJyYEerPFdFqFEWw": "Jaye Will", "UCm731oK6HwN6Kq5Js2a9LTw": "Jay AC", "UCqgmoTWKPhK-Ni-osUAm4jw": "Jorjben", "UC_HvP2Arfsd9iga-zqVHI8Q": "Jacob Mcling", "UCiqUu-yaeLX4rKVN_wzVLeQ": "Jay McD", "UC6VnrjS4lIMF5PWUMBIVJWQ": "John D\u0142ugosz", "UCBy8Vqq7jxNRilGs7iaLRgg": "Justin Owens", "UCgHnEayNyw49_Iv_849yUYQ": "James dragon", "UCmWhY8wYasOIqy3MAfxtnqQ": "John Nelson", "UC2n_MTZHvnp0jYbJ4LJ0Sfg": "Junk Phu", "UCNw2HH9iR0Qa9jYkq4M_5ow": "Jacob The Orange Yoshi", "UCXwdFoQknxSh7qTSKLnadBQ": "Just another guy in the galaxy", "UCddUlVe9WclzQTTeEXvPzkA": "Joker Vi Britannia", "UCb8YiNtxZR1JFAyASdsmNXw": "Jake R", "UCSCTwuPFekGTSiUFwffYTTw": "Jay Patel", "UCK93Xf8MYNrl10ffsFX17wg": "Jemarcus Stewart", "UCKIo14Buwv38Wnef4xVdT4g": "JT RANDOM", "UCa85LfJTzuxcuz0B9xOkRNQ": "J\u00e9ssica Palhares", "UCby_huZARCfZO10AZ4qHPIQ": "Jalen Roberts", "UCt9qitaXZaisyFlkH8efjxw": "Juli 97", "UCFJfpiyjSL4plUiT8qgpi2A": "Jermaine Anderson", "UCBEhPEMhvtxlhn27IDUMYFA": "Josh Adams", "UCFwJvM1F8a_xnpWp5Yi7p5A": "Jairo RodriAle", "UCFom5VFYyjrQTxzc5qSSK_A": "Jin Jun", "UCvhC5mRNMEJtms-Jkf55qCQ": "Justin Tallman", "UCq02rf23sVqVjBs2APaUrvQ": "John Dko88", "UC8wE2Iho0zlKwiOkIf9xyrw": "Jeffrey Brogowski", "UCEHdHl7Ql4v_HlF-S2pnJEQ": "Jehaan Mohamed", "UCq9IpBWZnMMrNb7n4ZejtLA": "Jonathan Rundle", "UChruAZPNb20pTLWoAOVCiHQ": "Jeffrey Bogard", "UC97-rU_MrFLqejdJkFl_e2w": "Jolly", "UC3qgs8j8grUm1zCGcVMyKgg": "Josue Reyes", "UChUpaPuWMl0dNS8BrFkdM0A": "Jason Jui", "UCi93MBDpOqhBtsHRFgXYO5w": "Jules_354", "UCGE4usbPBu_mpzA7SjYCStw": "Jes Tube", "UC3GuLJo-JLAkc9Dh2txzdHA": "Jenny Rose Ballares", "UCDdyM-9v7ySpMHfA1YIBqxA": "Jumana Yousuf", "UC50HU3rCf4WGV-fZR3kLn9Q": "Joe Williams", "UCHHgTkt4QcY6jXEUA3RRzhg": "JAY JAY COLON", "UCj8eaoOyGb8YCpqf5wphDmw": "Joan", "UC83J6WNg8eSw0uJ5UaK8cJg": "Jay H", "UCNFwLtfJGrM2FfuRU0tdohQ": "John g.", "UCzaaCe9_eCfDLNIhfT6Z_0g": "JulianJee", "UCv1uAcEzX3sOX2AAmYwbgKQ": "JANIE RAMIREZ", "UCFURVvAHC2JOpWlp59w2UJQ": "Jon LeVitre", "UCzk8y2Myy4XMeKv27ja6lQg": "Jacques Ash", "UCjCSoRxiWNIAvfJQSWTcs8w": "John Smith", "UCUNqY-UnzwnDQZWNP2QeEog": "JAY co", "UCXuJQTrYn8my-_cX-t-y0kw": "Joe Mama Got Em", "UCKUptYUlO01CUjpdDyi_8LQ": "JaySmitty33", "UCcazUvKKHeR7omdCwAWDEsA": "Jonathan Witt", "UCR4KFnZOotvsGOBErJ4L_nA": "Jenny Vaughn", "UCOtEiRkSqCPtg3IFT5Yn-1g": "J. TAPIA", "UCizFUrVfCf791_d-MPd1xTA": "JUSTIN", "UC8F7lstsrsOvylsZlIY4Xvg": "Jose Jimenez", "UCJlwhlXtqucqwelQuVy3aTQ": "Jinx Zam'Luna", "UCCB-B4ROBk69hsF92euHf-A": "Jesper Flodmark", "UCzXb7OMZbRoGxPZZjfj7POA": "Jay Jackson", "UCad-rvy6bVm0BjjnmI-g8Vw": "Juan Garcia", "UCR-czuTqW3T5NNPSlGdrPRw": "J", "UCLUCA0EP8rEj9cTyHj5PF_Q": "James Monk", "UCY74MKm6qOpHz77CWd-of2A": "Jesse Williams", "UCD0e2J1Hu1EU3GhgPYDocHA": "J Nguyen", "UC91BKsgRvdLmRm4917_tFNw": "Julia Huff", "UCnTSq4hYdsYPB7SYIDyh70w": "Just4 Fun", "UCrKzCUFsg_NS7ViemrGCr8Q": "John Johnson", "UC05JZKx8HTSmzMHa__H8XVA": "Joseph Doria", "UCGJRVdU6wvidinZIgVELYqA": "Jflash The Guy", "UCj6C6lebVO7Sx3FS1XQfGTQ": "Jocelyn Newman", "UCaeeBHiOCjGfJH6OwmD9KkQ": "JahJah Numba6", "UCsCOz3O2q5HjUiHb4P0ScWA": "Jennie Dunn", "UC8XWOUfgD0Q6fe-GAc2OvwA": "James Ash", "UCsurZSEfE5PF8jp7pq4QBFw": "JimmieJohnson48Nation", "UCWgFgndAvEeJl7au6DnkDbw": "Joseph Williams", "UCgMkqAiBYGyhVz4dZCtPmsw": "Jayden Aryson", "UCsfTFYFjQsTDi3370Neb3Hw": "Jungwon Yang", "UC079ADHCXuy1YMkQ6fd0j3g": "Jed Nej", "UCrACDGgjKHoAJS4vPuve3ww": "Jichael Mordan", "UCzsDinlMiifegnHRzLS7NDg": "James Clever", "UCYA-TmlD0tvQc3PA_77NGPg": "Jada White", "UCTrplCH3vOx1D64vm0y5xeg": "Jett Minasian", "UCNjVoT10GDIDoJiiSLtY76A": "J B", "UCTJ1RnRDK1YoIqTw_0mEMyg": "Jaimie McCloy", "UCDJiK4U2PDJdEGrsSaEKFmQ": "JunazuraNoob 619", "UCTlyfsZPVUwghk4qTBsAorQ": "Johannes Earl Dungog", "UCtbtMRye3z67_PN7wH7VF2w": "Justyn Newman", "UCBXMBIf8lRzz04k_XGhFCvQ": "JustASaddleMaker", "UC85MPFmAmOXCI3R1GHBQUTg": "Jaydogpro200 Gaming", "UCTqc42EYJP4DmPxoBi8eZiQ": "Jason59k", "UCDX84iauQO0DHyrrtVhDZEQ": "Jerrus Design", "UCUp--6Ys0ZiKbfJpQIEiu3g": "Juxmaica", "UC5Bc50c8VuHlPjVafdzEGMQ": "Justin Merhi", "UC4ctwcWkFiPCjXLGojqT_qA": "Jasper B", "UCzqaF24kYvE-qVqYOTh6xAg": "Jake Randolph", "UC_yMmTieONXJpslMEzLnHhg": "Jo\u00e3o Pedro Pio", "UC9oSZt1TtJIhsLgW4Vl1Bqg": "Jammyman20", "UCso3wrW6hPkR0D8hLW5dVFg": "Jonathan Whitaker", "UCnnYluU9onEFvO5lHrjTf3g": "Jodi Porter", "UCnsvoHNB2zT-fn3gNe7Ri7A": "Jay", "UCt47jOWybt91PpAHs6si6MA": "Jethro", "UCY02CYDFzoqARX0n52kJc4Q": "JobEvanV. A. P", "UC_cdxlb9z-sWSIhGgMMIa5w": "Jerome Jerome", "UCfu0_YQQEOppZswJ1HRiBgQ": "James Miller", "UClEQszOyIzX79ZEvoZSwouw": "Johnathon McPherson", "UC9F-3i48YcboZ2QJ48VsA9Q": "James Prefontaine", "UC4nZMGq-xPOfTgaZgOYEUnQ": "John Callander", "UCLux76Bqa7r4bRuW0la49NQ": "JustChill Dude", "UCNPoTboq-iYy_QTeB_qIrVg": "Jaiden", "UC-oKYTuDwJrudMNR3c5zhfA": "Jonas Schiebelsberger", "UCdrnGwPky1JdLKx3H9ZMtqw": "Justin Tran", "UCiEP8TvOKK_SXe-wUDaCgoA": "Jennifer Graham", "UCyNB2HjcrdAAzdXbhAjYRGg": "James Blackwell", "UCHwFQh84IcjHmk4a24gNqmg": "Joe Villanueva", "UCFOhG4jNNiQ-bgaNRAjxJbA": "Joey Perkins", "UC1YeDUe3WYLY03Jv4Hac2pw": "JagerBomb", "UCtVryeXqfSDQrWSISXaI7bQ": "Jing Tong", "UCgz1qUfAbYugC-DG-3Bvewg": "J R", "UCprxj7katyvazjlXnw4PCdA": "Jordan H", "UCaO-WVz8cFr2C1tZDnzmeoA": "Jane Doe", "UCQMEez7nxz97NvJexYodtow": "Jin - Shi", "UC0JR1xzrH51-KiIbXstrpvA": "Justin C", "UCFCc1HfFzuvNi9AqbD4JpAg": "Josh Rhodes", "UCkdv0ak4K3U-iXhPf-q6Kbg": "Jean Guy", "UCXMfe_TX_lNjAeLlnL633BQ": "Jonathan Rodr\u00edguez", "UCerEw1YIIxcEglL49FmHS2w": "Joseph Ippolito", "UCA8vNVi8dJH6ipr66LwQjog": "JayCross454", "UCpeqgjWlxbIVhwdO9_pzsUg": "Jeffry381", "UCxgXaRrB1kQ5bRFUv6YNKow": "Johnny Hinton", "UC-SZiYNK5cq8cf2XxixdBQQ": "Jordan Brown", "UCU_v_v1PxBioJ7EJzMxK40w": "Jennifer Latham", "UCS37xt9eMqzCsNGAL5ugQ4Q": "Jose Figueroa", "UCeroXF2DeG4grr4qnNc9I8w": "Jack Dreamur", "UCLIwB0XK1zje0-GFHQqF6dw": "John O", "UCWpa69-Ik5B8OGP7lP0ec7A": "Jonathan Parker", "UCVxZiRXo4A2e06GhVKVlhgQ": "Joe Sumer", "UCY4FSZGNBHQKlY0ct2vsICw": "Julio Perez", "UC_qk138tBeKt3CNHVuwaRCg": "Ja\u2019Van Jenise", "UCRk_r6_jbWW-EEH4WmlR89A": "Jos\u00e9 luis Rojas Heras", "UC9N24un7aDMr76mrfq23TqA": "J0Z A", "UCe6WtQzhvLNuslk2XXKH3kg": "Jose Orti", "UCa1c4k4R0aXK_bK7Ye4Fcyw": "Janet Hutcheson", "UCstC33AvjV6Jl28hJR60a1A": "Justin Hubbard", "UCzGIrmxwH1rlOv9j9sZOxng": "Joshua Montoya", "UCArJjfMgijj1IB10aNLwM0g": "Jia Xiang Kendrick Chan", "UCx-HBbMsNnvMPKKORARyvGg": "Jim", "UCZTFe-R_MFZtGFEbxh4ljnA": "Juneleen Sagsagat", "UCqoCVm1Zx4cmxuOy1-mn64Q": "John O'Toole", "UCMZMmoIZlB7emwZbRuSynjQ": "Jason Parker", "UCzIJaP2a1FkqhiYL0H_2H6g": "Jos\u00e9 E. Ram\u00edrez", "UCTL8cH-PSEC6t_2lR2Rh90Q": "J. R.", "UCEKUVKktFXHgYuYLXGRPszQ": "Jason RumbleBee", "UC52V-1cf2m8zyJuTO-IW7kA": "Jesse Sanchez", "UCUEoLuJ13d19n0ZrzRWBhAw": "Jason Seymour", "UCcw0j6ObvEhJ0biOymVA1ug": "Julie Hinton", "UCQHICPla7p4uZDbv9soqcUA": "Jabbaweezy", "UC5jWBgcHtwCw7hBhr1hnNQA": "Johnny Ross", "UCGdY9zzWj1CfxwtupAhq15g": "Jonakis 12345", "UCqmiSA1aCYRK_jzW6-qQdJg": "Jonathan Gonzalez", "UCUcSS-4rL6PZgto6Tbo9VDQ": "Jonathan Bacon", "UC9F7akHrO_A2xAfRAnrh_Ag": "Jose Anaya", "UCRG6KCFdHj0ceQ0UAzewRNQ": "Jaw", "UCYt07XSbHWL_bb_WzpoLSfQ": "Jaydon Prince", "UCR3AMaRrmXWO1hCMnHhFnyg": "Jamie Karr", "UCmbqhixQH8yK6mIgWbIdWnw": "Jon aka proto", "UCrTjZac8_jrbUU-2StfH9ig": "Jetzavala", "UCyzXmfHPy7QO5ngFD6yhWkw": "Judi Smalley", "UCX2o0JOHkYg7r9zJzpIGYEg": "Joseph McWilliams", "UC2nflRnJrdB5maNwP16PH3w": "Just That British Weirdo", "UCwZJFeVYhYwnqHRewBLLmcw": "Jin Fabros", "UCoYeSGSN-lTLDA4l6bkpyow": "John", "UCaNkEHuS-fhhnjAQZAsXtyw": "Johannes Zeh", "UCi9G2YByK2vZImLNr8bwzpw": "JoniiVideo", "UCA-fvggRQ4gfRkSEB46vTBA": "JC", "UCJcfMOTcHhiqNVYSj7qDd2Q": "Jesus Peralta", "UCMSV98DuE-jHlRgKWJZS-Qg": "Just a femboy", "UCbq-FQ4NikmpcNILSJMlNWg": "Justsomekid Or sumthin", "UCFp1IqntJvCufxsX6r5rgDg": "Jarif", "UCZXfZb7lPYvIsz3iOjkC7cA": "Jazmin Rodriguez", "UC8no2weSLtQPmNRDoSwFIsw": "Jeffrey Catching", "UCKz69LIP7F-2p2L86VRHDqA": "John Quigley", "UC8Cb5RLD4RqcydsuN29Wxpg": "Jammy Mc'Jamster", "UC6Ri-gTH2q470MzytWffS2g": "Jennifer Holloway", "UC2BVvfwJrSJIPgqIAst3k0g": "Joy Kobese", "UCoG1UpfjjTCENsikorU4hFQ": "Jarrod Palmer", "UCp5JsdW_WAQ510R1w-k0W7w": "Jules Giddings", "UCtKe2LTjSV8o8KGt7y6QYyw": "Jocelynne Neapetung", "UC4jgjbrlVvak5Z2Nrdv4tkg": "J F", "UC_U7xEUR77RsJfop5YaLLCw": "Jo Greer", "UCVMofgrnATUySjIuZawoFMw": "Jaime Finn", "UCq8e84JBZQIvsL57xXlQ2qA": "Jaiden Campbell", "UCUUXYYMjkFLYKa8Wt8ADV7A": "James", "UCAEf2y58n_0jXNctixlkCYQ": "Johnnyboull", "UCDbiSmqOGMFLTA2dVe498rA": "Jackson Killman", "UCpUj6CpVUkdNm6Lsd0X1R8g": "James Spencer", "UC4_kpE3ojnlcFuovQNxTkOQ": "Jay Daniels", "UCMPbJC1Xs1k5XfX3_VQcmaw": "Jason", "UCfAGOBVdNG9FdfqQgLShFkw": "Janiyha Jones", "UCD658dbZU-dX3dohKVBQO9A": "JMA Massey", "UCZhSVladtCWCf7pxpsEc1JA": "Jeffrey Fernandez", "UCfT5f3QZ_YgupLIa6Ohn6HQ": "Jia Pheng Ang", "UCNW1nE57_CNidm_NY3N5MJA": "Just Nay", "UC1LTWrRJTpXAMy5rOXSxsPg": "Jacob Fore", "UCg3zQhvcUS4lYcuOmI5XT-A": "Joe Erotic", "UChFVEM14rujF-pE5J5NJ_3A": "J.A. McRae", "UCBhv6CaWlYWFw7olYaAr99g": "Jennifer Wade", "UC_HcQFYbb6bBpQ2jrTZ-Bgw": "Jbdon gaming", "UCWlO_kaMwJYsRdg390j9-0g": "Karma Doodle", "UCShQ0Wj_uHclEheCuB0drzw": "Kalash Mutha", "UCHd_NRywQbEY02WAwRExrKQ": "Krystal Huston", "UCUCiosgg31Et9jvCajl34Vw": "Kyle Murray", "UCMqv0-lRHCv8ml76-qgm4HQ": "KyuMazu", "UCALnqwk9HiCCuJgeKpxWOwA": "KBA rider", "UCxwBvRoq_Kz44cyCRDs3H3Q": "Kono Dio Da!", "UC-iQHc6lF8AMR9ILv8QIF8w": "KEV MK89", "UCEgBRm7tSmr5Nib_MFeIYgA": "Kiran Wadwalkar", "UCHhiTM5WxZp4Ti1UYFzacEw": "K R", "UCZK20Z2PECfQ6RQ-lOm7R4g": "Kuba", "UCP3h5XZ5fC0CshZ_60SlJ7A": "Kevin", "UCitkxeoD5qtxQ0GEhLMJ5rg": "Kenny Philtjens", "UCHcrCmWBzeuWzvTe5GagN5w": "Kenny Martinez", "UCSJSNWNZrwYLVkZaRmrlLjw": "Kayleigh Garr", "UCbHTOdlgqD6cacLFv8c534A": "Katama", "UCSxeqAyhdkxKYi0sqz2jeuw": "Kaneki Kingstorm", "UCjcpqFuntrgto6Ho1NZlhVA": "Kristofer Ears", "UCuGmuofOYk4Kyprtcduh3NA": "Kankakee", "UCExRBw50eID_Ahx3EcmCJig": "Kimberly Ohllama", "UCmK_YMSVZZ6YRjYgOawPUtg": "Kelly Grubbs", "UC9cOs7BFrbzxrqaaxyNF8dA": "Kenneth Gaudette", "UCfBBFCjYuCStJOFmAVwQb4A": "Kelly Gorrell", "UC_2qfKmcGnpBFt3OWhDzauw": "Kadri Ilisson", "UC2qOVHSeF40wHGliA1Y_3Zw": "Kirsten Anderson", "UC_3EJbhgswj37xbpHXXs-1A": "Kalos Dakalos", "UC9M9HgddiVzSvum-h6Y_d4Q": "Karl Regan Gil Cruz", "UC8N3xiGhUChTu91uKl6bQGA": "Kawaii Claire", "UC0xkp20y40l9KpcoGRbdoVw": "Kelly Welch", "UCNSJvGjZOzlvpV_SF8b9JvQ": "Krayzy Strawberry", "UCy5bJpMhU_kA81cEzEwWDNg": "Kethia Mathieu", "UCLs-CtyfAM0uuy6XlXi5h4w": "Kevin Teixeira", "UCtV8M9lMhE8p2mySmsEe5Fw": "Kgalalelo", "UC95Osf3BR9mXybdkMPTAHiQ": "Kings of Europe", "UCWEuTj0B32cBkbE7Ah3odiw": "Kendra Webb", "UCGeGT53K8d6nvTxCv2rLd6A": "K\u00e5reee", "UCHpOLNmX3DNlw37MtwvHKsA": "Kayla Hofer", "UCsw6JgobZrJo_uMdO15QLtg": "Kaynaat Arora", "UCn5ALryRiqMnWccfRjNfJ7w": "King Bentley", "UCk4MPVOR6smssQflCLki1Lw": "KookieCam", "UCCYphJQ88zojUAYgnHo2GOw": "Kim Y/N", "UCF_zea0k3GNfsrBdp6OuVNg": "K Clarke", "UCu2fb1OB3jhOetnZe11Z4ZA": "KillBabe", "UCY-YQ7DQojZt9E2AmtpXcQQ": "Kara Zorel Sofia", "UCdJROp4c5T67akPyFi_dXrg": "Katelyn Schultz", "UC-PLFH1KAVrE3R9QG-MksVw": "Kathleen Tyson", "UCZH7G3K7U225mr81hx3f1Pg": "KobitoSai", "UCRj7oWtVXqzLXhuv4VDC2BA": "Kaileigh Coleman", "UCqADF9IPUDqTPyJKPjjy2sw": "King Cassidy Padua", "UCyTTgtrUrdz94QxAWjGFzUg": "Katelyn Messmann", "UCFg0zf_ZdT0MmZdwFyD7MMQ": "Kat", "UCjQD3DXGrwwYqsQwUQGjPiA": "Kitmo Live", "UCym676NC7Lur8Ak-YmaeTfw": "KingWaffle's", "UCXzIgX4dWhnxF4aZKTE6i1g": "Kristan Wifler", "UCIUmNk8YwJnOjkxKzBKmU0g": "Kelli Sees", "UCddvc7lw-Q-CeDHlUauNftg": "KitKatMuffin", "UC72niksRcgIqaIYpDAYTj6A": "Kasey Lohr", "UCtelYWSu4CRqDZGs45RNr3A": "Khukhucam", "UCFT8uHAepA4iKlkUVIDp7Gg": "Kermit the Frog", "UCLTLb-SQN3WDXG2Qs3n7frQ": "Kelly Moon", "UCiwUHQtjUlUpYHa7QJdkx3g": "KosmoMaja YT", "UC4zhb1Ea-qJ6O7gMpLzy8iQ": "Kevin Jenkins", "UCLgnCH7PpZJ1_ifT2HXMLXw": "Kara Pierce", "UCjGfwj-1zQT12CFBx3rJ94Q": "Kristin C", "UCR7Hdml8hp9EvfsZsdLGSqA": "KYLE YUEN", "UCa4vxXDUUoUL-8_JGZCq3nw": "Kaiser", "UCB5oi0p14KlyU4hhjjiKCBw": "Kim Landsberg", "UCqcifpfzLoGXXiScjwMtAVQ": "KoffeeRun", "UCOf-k47I_XJem3hfhpEmjvQ": "Killerxyz 110110", "UCsmMYzSvUS2xhYrvnZmDdeg": "Kelly Petzold", "UCfusDChOK6-YdMGckrpy3kw": "King7Koopa", "UCjpvcpZqMOCePbZxj2jhfwg": "Kapil Singh", "UCXMwm2gnurtfgbiWey9Ytyg": "Kostas Sechidis", "UCigzijqMZrgWFvXukFefucg": "Kelly Collins", "UCx2cOfa9qgKFRuItjkT5IrQ": "KingJon", "UCFgB3ITrRgbNc3vjqY6gNFQ": "Kyubi ASP", "UCv-xJphtSwHw8jWfC4Zf8hA": "Kosiarka 218", "UCuV5kZQHrW5yIGdnuf9S4pQ": "Karissa Stewart", "UCLRTVCTDz_w10QJzf-oM7pA": "Kyler Rojahn", "UC4tOTMtwLa4PClRYEJDtPMg": "Kelsey Matsuoka", "UCufVW0_kQnoxG_Mpn3bkvZQ": "Kitty King", "UCHZahQEhe5SOPDSNud7TXmQ": "Karter Seidlich", "UC2mln5efLIJoAEYG56YJlWQ": "Kleo The silkwings", "UC7Ro2DBZ9t23EWGqpFHpIqA": "Kyra Black", "UC0tixDjkz2Bmm9JOw6vg3_A": "KRISTEINE CHLOE \ud83e\udd74", "UCrnorEwpxDndTlgrPqDFFZQ": "Key", "UCBDb1ITF1H4RWDhHmhxPPvg": "KP gamez", "UCHGcnKi8pJczr9H_wKOHgfQ": "Kamran Taherkhani", "UCdI8oTK9Ht2nwZOWVmsEbFw": "Keng Yuan Chang", "UCBsE0xGfRJ9rJ0KRKFOLcsA": "Kmations", "UCzCId_x4BcZ7chcT7tNdQxQ": "Kaelyn YMV", "UCHdOAo0cln1FScjyeFkzIgg": "K. Noname", "UCUho0ZRbiNIdEkBblLBmGcw": "KigaiOkasu", "UC5PEVEIAhbpX3sc94m2n-1Q": "Kwame Williams", "UCfOaBIavubw1jRX7uzg6y6A": "K SS", "UClqRA6kS0oa3_e7Y4ty-upA": "Khan Shenaz", "UCblXnlHc3yHVXO2jzxUlMPQ": "Kulvant negi MebArpa", "UC2UAEuO4wRwlHdxChWk-jTA": "Kevin Chavez Bautista", "UCQGicCvTIxzNEa7X8P6yeYw": "Kaylee Bitternose", "UCNVIiAzvHPlXzEIuzgZcy1A": "Kim Frank Watson", "UCO_938CVJ4BbdypLpVnkpjA": "Kim Seok-Jin\u2019s Wifeyyy", "UCRxQ0VKGWv4lxMVI6evblBA": "K1NG PLUTO", "UC_P5KDiG4YSBAlLtxI90Zvg": "Keisha Lynch", "UC6zntE2fbk3sJKm8P0BHALg": "KingWorld GSF", "UCM5Tf-3RcWHA0ZQNKM8u1BA": "Kouko", "UCqBxdGqgZbZ5ff5_U4pgzyQ": "Kesha Howard", "UCf1sdeh2lq-jY7PZUAgMjlg": "Karen B", "UCOZ4iiTGJaF6GATCErAWQDg": "KR", "UCaFqYCevZTGBN3pXYWF1jHw": "Kam Pou", "UCl_mLRjtYqnxFoIqO5-SVyA": "Koolops CSM", "UC2hkmb5e-NHd0SWA4HmU4vA": "Konno Yuuki", "UCqiZ1ATjkS6z7VhwVzW3gwQ": "Katherine Tucker", "UCWzChGzc1sKMnT9cQQHkvgA": "KazukiBG", "UCOMne8hiYOAsnry7q7Ffu0Q": "Karuchy Sierra", "UCvTcLV5aceYdmJXbFSA32rA": "Kisuchen", "UCVEK35EyJELxnrj2QOl5Ljw": "King Forte", "UCR1ZCKviygL2NQ8m0T4hBWA": "KOMERICAN", "UCI_fbpCR-vRTwCqH57RHH3w": "Kavya Ramesh", "UC1UiLNBovsnsYtYNtHyjlFw": "Kevin Charles Reagan", "UCcTb1ATFnFK3KCZKuzgxQzQ": "Khult Herro", "UCA6nMTY0L-eWpcWSd9GrYwA": "Kennedy Arthur", "UCQnMw9GGDS3xO6fN5oae-4w": "Know Art", "UCD-Py3CfFSPlmjmRZo8LxNQ": "KiLeR_McPe", "UCqjiysD6cWvR6XDSzjn3fpg": "Ken H", "UCRx_y_JxhrbighDIv1Iglhg": "Kalla Pandey", "UCtYSTILz1niCnhTNDh7jAag": "Killua", "UCLu-dxEm3ggzD1fwaKz8Ywg": "KingDevin", "UCjtj9zbNJuycsT0Llky5prw": "Karla Jesusa Catilo Rosas", "UCFWGlcs7B0fqe7NwRgyuDfQ": "Kate Do", "UCb-CemCigEXlTYyVHS_4l2w": "Keith Wolbert", "UC3Oc_f5doAS8aNF-4WDw8mw": "Karen Wescott", "UC2L1gmVwtEdivlsSHx8isMw": "KITTYCATNAMEDMINI", "UCXzJfHtw11n82SMxQAe-LrQ": "Kangaroo Grills", "UCR86DGb__XLQNL_z8K7cj1w": "Kris Fowle", "UC6GCjwQF-Onx5tcniIjYYeg": "Kris", "UCSKma6L-euDhjHGpVZ05NmA": "Kathleen Kerrigan", "UCr3ki7WQhGP5TBuHtxeaoYg": "Kendall Fall", "UCtfR8c_uMoDhIv_1OmJejDw": "Kat Betanco", "UCCtfgzJ6PKES0JooER4HIAA": "Kaylynn Marie", "UCorrmw4KEJPhWlFETOlFQpw": "Kreative Speedstv", "UCQqgGGfCbg3f4BHu85sZoOA": "KdogJackson", "UCpFUavOOEQ9dgotKu0aCawQ": "Katey Lamonds", "UCGMlfjmfLd9XWvcQ95wR3Uw": "Kira Rose", "UCwj4HFBU70T5WpC7-nNDuFQ": "Kitsune1986", "UCWjpfHlmPegUO4XGbZD0KmQ": "Krakhead", "UCZ_E22G-94MyMPeVBiRA_xQ": "Krissy Is Planning", "UCRiRQ-TFaC_YnhwMBjc4Oxg": "KhoiKO", "UCn6Wl2XRcs_V5R63ghdZcuA": "Kamini Bagul", "UCfgnkPDfI2NKl8eHCseAVNg": "Kirk Adrian Villanueva", "UC7TlR_RC-qEUcMRj37H6ssg": "Kiria16939", "UCgrF1YO0RjaZw_BT9-vqqWA": "Kelly Lynn", "UCi9S8jWRGk288hHrhYnMAxg": "KratosMuslim", "UC_9K4jn2g7RQY6k3-Dj9WDQ": "Kenneth Beck", "UCRs2TiFn3EFLIc1RFjYIMNA": "Kaky 007", "UCcSvGJD4Vx0h3CjFVBT_LNg": "Kanak Sikarwar", "UCQeIKiYZKJ5aEE4M1GnBTYA": "Karl Docog", "UCSSozaq5XKiX8mKSLgCTmfA": "Kathy Tharp", "UC5do2wTbAPmoHBv8VgsL9Ew": "Khadiza Sano", "UC212oQDA_PLirAC59JgR2LA": "Knowledge and Defense", "UCYBXj1o7nsXULrcUkbndKdA": "Kyzen", "UC4o5fkovCHwBAXXsBJTwAsA": "Kevin H", "UC9WXsMDWO6UtawTgm-fqpVw": "Kai Umeda", "UCjIsnhEMR3RitMC8BYC3kWQ": "Kayliah", "UCy5yjp3TQSuAlieVjh92Wug": "Kingsgoals GAMING", "UCvjw4xygr1l8VM9EPOZy4pA": "Kai", "UCnMDWZOpZX4LdOZbzbozffw": "Khristophesaurus Dinosaurus", "UCHyK_YUep6F_Pot2oXf6kPQ": "Kalan Hitchens87", "UCzGTcf9lTHmV1tBLC3C3GuQ": "Kiki", "UCK7kC-m2ldvkDGVCEdUbmfA": "Kim Benivegna", "UCsYaBiV4Uwfe4xoQc6CHAQQ": "Kelico Williams", "UCKa6t0a2dj-aDEYZT7FhxeQ": "Kristy Singer", "UCVuh0Lr2YU5p7JGmmaOn_ZQ": "Kelsea Farrar", "UCImNUX-bvL0sFhH4T4xv6EQ": "Kaleb Dawson", "UCvXwE7CoTFL04uSWw94H1rA": "Katianna Dorce", "UC0yFhYRZbcnYKHGTbDEFPwg": "Kid Perfect", "UCca665h5PrREG4ZZOZCVOcA": "Kitopher 78", "UCqWH4pPwUR4u1DKcw1rJ5xg": "Kurtis Blow", "UC3zrLosA72ZahPMc8N_hCHQ": "Kalease Moore", "UCnLiP5fTtSr2MFuC1AUeOJw": "Kent Ivan Jon Quinto", "UCdAbqpolVSyzSFakTLyLbZg": "K Asb", "UCK2RbrLhmxzrgYNWTgiAMLw": "Kieara Floyd", "UCbuIqfO1f_BawWEBVnVDzuA": "Katapila J", "UC9kuQ1JOaEOO7YPUBTM_gNg": "Kayak", "UCB6olayBigd2N9tkRESAkdA": "Kevin Chen", "UC_LOkVUtAQYe3OCx1FM7VqA": "Ktaylor1206", "UCmWBIdeh2LEANPax7-UegmQ": "KnoUrMeemz", "UC9Mn_Kuvh1FmCGH5h7wJrkQ": "Karmen", "UCXudHrk3BI8fkoWyYuA5yGg": "KCCN", "UCWKOnqVCGgaFs6QU5g-GSCg": "KevinRBLX", "UCEQYSH152R_DkI0LRyFRqzQ": "Kelly Morris", "UCkY0ljNNsgmcgnuD-MpImxQ": "Karima Williams", "UCoXnQdPrabrDi2cgAJXrS1Q": "Krew Fam", "UCPNW8JqbvQ8b5tmHmrKlIKw": "Kronyx", "UCIwX7B_bBcaOYwxKe8NkpOQ": "Kmpc 1", "UCW-Cs2TQ2Gi90qNe48ZIjkQ": "Killasim1", "UCc89r92KIPUwbo3w-vdxn0g": "Khloe Ruiz", "UCrsGaDinGD16yij4NIjz4XQ": "Katreanna Kelly", "UCaAiZutT2baZ-2O-KOXmyIw": "KoftaGG", "UCDnpIBC0HTOGcwvV_DcwDVA": "Kim Shahd", "UCDrj_1vUlJgzcAJKPxTOgxw": "Karen McKenzie", "UCRWas-2PiHKp4j2_QNcIIMQ": "Katelyn Lewett", "UCRSitc-DBsnUOlTLFXGIuLA": "Konrad Springer", "UCy23UNXNc8Cv1SXip0ICWww": "Kok Onn Chong", "UCZDMeo4L-JQGoeseOBTFFXw": "Kyle Johnson", "UCmhgQCAz37WxRbMUsoZidow": "Kyleem Lloyd", "UCRfr_6zT_60zwaIWAfepAmA": "Karl", "UCbYFiCbIDGyFU8BTFaeR9ng": "Kookies and Tae with Suga cubes", "UCJAPuDiJcZaSilr9AhOaeJg": "Koenigsegg Dubstep", "UCpyXx2-6Jnw0reKYq2qOVxQ": "Kent Matthew Sabanal", "UC89ecQsmnK9dXebKxI357Ng": "Kyle Fraser", "UCQeg4pcUIp-J0raVtrIu7qw": "KoroPirate42", "UCeymM7MUoeLPYMj01iCI11w": "Katheryne", "UCXhEir4Vmxldv5NLBLsfw-Q": "KENESU BABA", "UCX83P7v__nAT8h7U_RMQVZg": "Kris Jackson", "UCXn7duDN0kaDcLp6jqLkv-A": "KIM", "UC12qJTTOcmdQNrIKKDkiABA": "Kayla", "UCy7gd_aFMGRXpanTwGz_gYQ": "Kent Arce", "UChOnWGkj7KZvrpb1cxlOKuw": "Katie Huck", "UCqsqsE3JtTG_Ao3X-ZMfQiQ": "Katherine Barahona", "UCHYiMuIh4kyvZffTfPl39zA": "Kenwan Miles", "UCCUa54cmb9gVTAV38qUcDrw": "Kaleb Dunaway", "UC2GGg0i_1zaxBZEhsDWNxEA": "Kyniesha Overall", "UC7RdFBjIk_j6AGPdZbHzHfA": "KTM", "UCSyOF-fPX0chU2PHfNUFKYA": "Kev", "UCQP6i5JPjB2pgodfv6-dFfQ": "Kyle Griffin", "UCb4nGDestFNP3jKLLgnJ2eQ": "Katera Avery", "UCtIu0N_e80DPzLo2x76F3ZA": "Kami Art", "UCJFtkaYle9BoqWMKl5gKFUw": "Keisha Knell", "UCxObYbTwwW0B2u4TVhDzycA": "Kae Pugna", "UCYKIRbBY8CJO8BGieVjRxYw": "Kathy Rosales", "UCOMNmB8mS6GpSuaajs9hlzQ": "Kimberly", "UC0fXUTSbPGqz73qmCKbFSPA": "Kahn VonBonfire", "UCUzNyztr5p8qldbH-1mLTxw": "KYOTO SUCKS!", "UC6fPoABFVacBduza3mJwKkA": "Khadeeja Ibrahim", "UCEjsnaqeMa5Rk0X0YFTa61g": "K M", "UCU7E5DGCSVUADrV6rU7YvRg": "Kumar V", "UC-rGNxJXysguhLdNzxH8BUw": "KAI HUANG", "UCxr7JZP_eimZzPtB2ufylyg": "K. Carneiro", "UCvLVMhvCBr0Ao04vDrcuRzw": "Kitty Alden", "UCutkXAgTk8IgjCWWjPDcVpg": "Kylie Eileen", "UCBp3nXQUuGZR72iCn1NwCaw": "Kobe Wan Kenobi", "UCKbgnQ3mKErGnr-Q9MliMrA": "Kamlin Kilgroe", "UCKX_ghKMW-ymrWQ7jBJAq7w": "Kissa Kissa", "UCaiRmE7VbIjekrRmpblu55A": "Kane Worsnop", "UCMaDW2NTAih4CR_AubTZjXQ": "KEIRRISON DA SILVA AMARAL", "UCYTmJz8rS79QG4LDiiH7buA": "Kids Zone", "UCtLk8k7CyoeeoX80PWY4fFA": "K O", "UCm-xGrt44Dq_yTZ1Q7yboxw": "Km Pee", "UC-8QRX5tfN7ae73l5I_UzaA": "K L", "UCechXZ1R2Xh1fTnt4-LcOCQ": "Key2TheCity", "UCvLJKdjE2ID7qOljOoY6gxw": "Kitchen Foods", "UCkE9qUGvgoAFTfYf-3P2C-A": "Kusha", "UC-ygvdriIgABQGXstIpnBwQ": "Konuvis", "UChx3Kvnnh4JLKQ7tSHSAPYQ": "K V", "UCa_TLmhDyCdrlTd-7EFuICg": "Katelyn Belanger", "UC2f68gknZTx-Z5bmIRXc2iQ": "Keith Harpenau", "UCIC-Y-COYuoDR6wOKVPDhCA": "Klaudia Rangel", "UCj4kkqRuHXjfEABvImQUjDg": "KaeAskavi", "UChgKU5_RIRVmyoh4l9UP9Tg": "KrispApplesauce", "UCIeAyaUUXCFq8LRuunmeQ4w": "KP_SapphireMK2", "UCxj_9_94Ld7wuqGLNbcLwyQ": "Kaia", "UC5HxAX6hBE6AtjqpXlILh0A": "Kim Jong un", "UCETfoalzFiuMQ5-eWYn4LpA": "Kira Simone", "UC46EGfbojftGWw-cDbUj6bg": "Koi gaming", "UC27nNHIMlfv6MqvS_baRW1w": "King Aphelion", "UCSUL2HFz8SWgwH2Qu2Thmrg": "Kian Wigman", "UCsU9M_0eCPsbdYyuG__QOWA": "Kati Okay", "UC88idoj3hIoBYIxr1oS5bLA": "Klarin Berc", "UC0NnjLr7qh0p9bWYSXjV5JA": "Kyle Johnson", "UCvFIHxIVAh5NJa-XeoQ5-fw": "Kayla", "UCcshf02AhbwigSZ-nZMUiow": "Kat S", "UCMAsM3jBlQKN-dFxyykvrjA": "Kamiko", "UC_F0POSHj2KSv31R1yAhUyA": "KAYAS", "UCQUvpiiz2MbHFqHMzSz7lww": "Kayla Poe", "UCNsCcuLxN2sCSd6yOMus8ig": "K.SyzaaH", "UC8AsZamQ0FNJ5bQcXvEiONA": "Kim V", "UC-MsISZ3d71bfJd9ublLb1w": "Kiroto", "UCFZ3o8LpZkgqxhuv7y-G76g": "KRS", "UCG2Q7l0V8UtSwOW1Ay8XI2g": "Kakashi AMV", "UCoEDZgtZGo0BEJ4rKIRJ7FA": "Kayt Sippy", "UCqv6FrccWAWa8kWsg7pIrhA": "Kamila Umarova", "UCSsDgy7k394reu_QOD9uqEw": "Kiwiii :D", "UChrv0gGzzKApwfQjsh5S6eA": "Kacy Spence", "UCymJviayasHu_nEO7RHKnmQ": "Kayla Johnson", "UCnNf3NJxl3S03--3E8aXEVA": "Kevin Reeves", "UCwMzukDcwaFGNGLepsXNI3w": "KoKoNaut", "UC_QA_f-1A158ciBWjuVMk6g": "Kacper Racisz", "UC9BMJcwJ6SEVwmERm_1nMqQ": "Kyooophotography", "UCt69phk3nZSK3rBc4D59DFw": "Kyle Reynhart", "UCIl07wFWrSO-mn1L5stkndg": "KerfuffalPenguin", "UCBpyZLaII7HBX6C47PkJjFg": "Knightgoat 4489", "UCVNrmZw3OIBi3sZZUPBkoCw": "Kendra Dior", "UCBi5Z2AdHckjPs8FY0RxUQg": "Klaus", "UCG9d8S9TvqL3N2AIdINQSHg": "Kaitlyn Martinez", "UC51XseP4E6yJ8y3QvGzwm_A": "Kim Guir", "UC48H-5jMNfnoi8ACIEi3Zjg": "Kriss Coss", "UC5gaR6q8bnr6lqtf_QdAkZw": "Kit Beaman", "UC2ugFFo-RWwjcx3ChFIf1tw": "Kon", "UCTqmIlrf4y0QVpcsjTr8TRA": "Kari Marsh", "UCxZ6rBrNoj-SgoFTi3xh_xw": "KObiSkra", "UC0Oa2qnh9sHP82RF-vsiy_g": "Kathy Patterson", "UCXGgMUx6wp4Pa1vZw7KxCTw": "Karl44m The Battle cats noob", "UC4q0T-j45i_E3qM-zURMQEg": "KaiGonSlide", "UCwX_XW5WxTqoVCJvQxqjObQ": "Kelsea Hurd-Smith", "UClNP2Jozd6R6yw6LkGCNkmw": "Kiere Luurs", "UCStCXSUBEqgb7ncqmcXIvuw": "KaiDoesThings", "UCaZTkZYT7lOTBbmtE4JVwFg": "Ketlin Remington", "UCCPZmSTIvwadvWAmmpkQxCg": "Kwills", "UC4-O-Z3Wyyag1HkogKClHtw": "KasD5", "UCP-RdR3CK0qtQKiJNpZEhBQ": "KingTurk", "UCOw2rXw8VYe7nOoFC9_AFKQ": "Kavish Jain", "UCB3rWm00syyRWFN5erW2zIA": "Keisha", "UCykxghoU0CNWt_yNcy0LkDQ": "Kendra Owen", "UCipPZPVW7A_ZXHNtusae1LA": "Kaylee Johnson", "UCIxgaQLZPpz07I1j6WqEKkw": "Kim", "UCK7Qk8T7e4O0TIFkekQs_wA": "Kamil Mallari", "UCMi9Uj9SuGamFIt6WJtXfJw": "KNweeb", "UC9z_QD16FcoUbP4dPkMbdGQ": "Kiki Burton", "UCQAVYEyjiITJfePNxiDB_MA": "Keviyah\u2019s Worlddd", "UCZUQH_VQa6sq1JBG3bvmrMw": "Khalel Abreu", "UCUSavyarizOLTxLZu35kpcA": "Kingvenderose", "UCutuPEnSdgYz0_pspwhiD5g": "KD Rusha", "UCFCTKQYq4DAq3LgdkpqZGIg": "Kristoff Nathaniel Buenaflor", "UCe2RCrfNF0_X5sgVCWL8HlQ": "Kennedy Benz Tabbuga", "UCupAMlbvdJTIW1fKUdm0r5g": "Karma Akabane", "UCyuYGfuViiOjXSVRIVzWUkA": "Kim Jong-un", "UCmbSZMeejYQ6idgav4lUp-A": "Kayla", "UCbd5RgEAbahaeAcnRHYS3ZA": "Kevin Vuong", "UC0X1OIyXPYHF45hBfB23QMA": "Katelyn7814", "UCRQfv9LJMtzis0BoOgMgBFA": "KrakenPlayzDab", "UCsFL8cIG1wI6TzkxKJ4fFmQ": "Kermit The Frog", "UCv2fXdKYUqTp7-to4i0u5Pg": "Kevin Talley", "UCvWebhfO9ftDNgK24BGOn9g": "Kitty Vikki\u2764\ufe0f", "UCmflT0B401NEmxMFsFKBDcw": "KB11", "UCji-oHg8supxRLLnkxzq1hA": "Kristen Hand", "UCxiKk3mIroTC_1U6vGEFowg": "KING OFFLINE", "UCI9v3riQE5rf-AdVibpOsGQ": "Kyra Carmichael", "UCz-Cjvd25t_GIYi4wJZAlAw": "K", "UC9IXeu5mzTEppGvdMM93E9g": "Kevin Collins", "UCWjGQfoEddPru_KC9zYfLig": "Kazwire", "UCUVZ6DKb1TL-jX8LKyQnKKg": "Krifne", "UCqA4cXCw3Kweh9w1QeKoBFA": "Kyle Max", "UCmPgS46DnhpUowxrqgI6Eww": "Keyhan Kamzan", "UCP_EvndJzbSc--NcLBbkxIg": "Kyle Gerhardt", "UCQFb_cZ0ozdztIJQ342QCRQ": "KenzieGames", "UCzVa1-W6_hFuMdp7EGVF44w": "Kitty Vixen", "UC-c7pGcEiQSEq1d1K_XhmDg": "KHAIRIL ANUAR Mosmin", "UCBb0bvzXJ_wAXBrP72mNN4A": "KK Doolittle", "UCJA2xW1lh56htJL5ZGlW4kg": "Keniah Le\u2019chelle", "UCA1ugAM4Zii5ITjLfxu1vtw": "Kirthi Devireddy", "UCy902iozGFVXyQSC1kCAUlg": "Kryptonite", "UCMtswjqajLPKt0HrpZ6XIYA": "Kristel Joy De Jesus", "UCKTnsXbbn8aXBot9wOWEzeA": "Kennedy C", "UCuNCf9b7Ca6oZUV2ElLvyIw": "KZK Ultra", "UCbWOZrFXB-8HzMHiF6CJbuw": "KarmaBish", "UCV_hbSLJVOCquehiioeqkbA": "Kim Army", "UCGbLu5_18Kh0fzXGK8_k7zQ": "Kirioko", "UC34eFFjeZHvFjwlBp4diqGQ": "Kat Jones", "UCo8w60Ag4eZ4-S5sTxFCpHQ": "Kim Urso", "UCKW7ccNk-3Vz0YELUoIJoyA": "Kent", "UC6HTkXHAHj1HKc_CnlYtfmA": "Kim wizard", "UCrQDz8Fcks-d6ABXXdqJrtQ": "Kamlesh Kumar Mishra", "UCZNz7L5j4S5iWjKWpo8C1rA": "KrishX", "UCEd3fhmFSrWNxycc9T3ug1A": "Ken Louis", "UC9w6FtKQlroexAiHsZHhmaw": "Kody Dybwad", "UCrp-6Tg-XJjkfHxZatdo4Qg": "Khuram Butt", "UC5AOinlHGT_YKY_fHcopYKQ": "Kult W", "UCttdo3cmEiFUDkz_fD90-YQ": "Kamron Muminov", "UC2vd04PASQzS30ebS1GT4TA": "KS", "UChj9yAn7MU4yfad12znHPJw": "K S", "UCCTpKl4b5rYtdRIdFovSSdw": "Killy Dakid", "UCe-D6yp0VkAF6zP60TWN6eg": "Kh Hasan", "UC4LZRuR2HwPya2d-Vif8GzA": "Krakky Wakky", "UC0xBFNZ9t1ddskU6DBVx5bQ": "Krystal King", "UC04L0-B7I2UZeJoIQ3qYJ_Q": "Kenny Xian", "UCxqngSUKAa0-8oTty847tgQ": "Kaiyuan Shen", "UCPtjE7zXmxyfbH_Ua2ffKYg": "Kay Delahunty", "UC4TQ6ONxkUL5pD9ewqjQ33A": "KatieeBoo", "UCGOU1ZPBWBxqMgp7wiQ7FKQ": "Kevin J Marrero", "UCktznFI6GOd2ve3MNFP_Gcw": "Kevin Jacob", "UCjqW8wc3_3BtLusia6CCi8A": "Kenya Tanzania", "UCNXjUHlRkPKq---VQPA355A": "K4L", "UCRJr5p9Ph_-Xpi6GsY07Uzg": "KimJongUT", "UCtnAIT2iRFLtOew7j-9WcRw": "Kyara T_\ud83d\udc1eNoir", "UCCPp6DgmWy67K8mwSjyKS_g": "KingOfSpades", "UCwmjiIY44tklw6m3fBc-RZQ": "Kadeem The Dream", "UCCRf5fClw4MLUcSfYvzZoGA": "KOOL GREENS!", "UC-XrFXGVbEHXtocC0VU3gYQ": "Kelly Cundiff", "UCYakI1bVgRK59VqOM4eS-0Q": "Kyle McCracken", "UCxtRznQiGGTnijvSIh1AABw": "KOKO Gojira", "UC8pDrPaQMgmUVJzfHimB8Qw": "Kelsey Forester", "UCkreUcJsXNunszgfrts8aUg": "KD Johnson", "UCN_n7NFjsjIvWuEE3gA9RIg": "Kevin Bergmann", "UCVbCTlSbaRCWr9tIGP6eKhQ": "Krairat Ruksakul", "UC8wvn3VJsIlmYJ6QSXL0T1Q": "Kellylyn Cottrell", "UC0vG2euduEq4JvPNbCpgIcg": "KittyCatLoverUWU\u263a\ufe0f", "UC4lJ-vYvkJiadj_vW1yxxTA": "Kristin Lynn", "UCnZgbKQh3BFNLeLElYDjQfg": "Kasina Berry", "UCu2cIlhCcpH98VFh3IHumXA": "Khaleesi Snow", "UCwiI_bQrEQMj83-shIvDu1w": "Kat Dc", "UCFBLO7CRwR38wMmLx3nyzhQ": "Katie Brooks", "UCAjtLHpxGUvKJmX9Waq6ZOA": "Karan Agarwal", "UCJMxTM9cTv4dzJx2Ma4Gm_w": "K James", "UCaRXk9Tw321hZ-A_F-vXN4A": "Kaltrina Demiri", "UC12f6VGkXDMlnpfZl11xCnQ": "KK13", "UCGyo8itKnEc0TzLTc-p8Icw": "Krish Devrukhkar", "UCkyl8V1fNehNHlwFAHg8t8g": "Kombat1271", "UCjvjUvWesL0Yqsk3WTdbIsw": "Katie M", "UCEfuIx7SEkoPDTfE_MaVbGA": "KazJaz", "UCM6pPnHdHr0VeIR1kaESZ0A": "Kama Shafik", "UCk0ytOnAdrruWkoC7uJrz0Q": "Knightmarin", "UCt2OYul-zGHqCRax6ZNeibw": "Krypto", "UC5QGiou9YxOpW_u1z1ueu_A": "KyoukoHori Osamu Dazai", "UCiDfq2BP6eM4qf_FAjOUDBw": "Kylie Travers", "UC0SimXIxfOA6BrFTP7DlWmg": "Kanav Chaudhary", "UCnuC7eUNwkUbso6OEMyN2YQ": "Killiam Fancyson", "UCAEFQQ1HgNcbTH2cIxM7lzA": "Kandi Heart", "UCLrBQGg9jHCNANxaJvyQPGw": "Kiara Eason", "UC1mvqxBRmx6jlCIph73tFZw": "K.D.tv", "UCpkaiVA7m07G7KfMHR2F-EQ": "K1NG5T0N", "UCof75KSIalrbXyBLk8IFx5w": "Kaneki", "UCFM5CRpLaQYVvLxnSgMZOGg": "Kyle And Mocha", "UCPoN6-e38rD_KVj1975LEHQ": "Kirsty Campbell", "UCMl4cua3MiezQKdkTscwAkg": "Katerina Tsinavalou", "UCSuw-kDUI-VVYM7IRsA0f-Q": "Kenyon Carter", "UChJpALayOCuono2VZ3S_ekg": "Kaya Smith", "UCZo_vEPozHxdt9eXvl9AU6A": "Kjsosmooth", "UCEjzeSZtvembyNOL0-9kmgQ": "Kia Romanov", "UCYRDzrP-Y7hjOcYTLa5Z1AQ": "Kyle Cameron", "UCPZjska5l-Fio2fKCAK_wLA": "King Campbell", "UCtew5V1gRpNXG88rmszoE6A": "Kris Pritchard", "UCMdqftgF4PX_WEuIPfu-72w": "Kaden Graham", "UCGXi-CyOb-_HpxsIQtJqN2w": "Kassandra A", "UCVLGwo0LzWCnCun2B5SEP6w": "Kanna Kamui420", "UCqUXRv6iFcJSkWL_ARSA5ZA": "K. M.", "UCm8RLYq1jZTsWvtyXMjrxRA": "Khal", "UC7GA8kDqtH_KEVdg7CCsMxg": "Kyle Hubbard", "UCMZe8hthMiBai-eVPCfbRHg": "Kevin S", "UCHI4Wg6MDzWtlUasSjccRjA": "Kasey Morris", "UC_gcqMBD2a-1I7bl9yTzqbw": "Kryzzz_", "UC_JaZ5gpYzI8Dtw1zBG-hhQ": "Koach 777", "UCFHaFN1fUH9pq8wl4sfxBqw": "K.T. Watkins", "UC3KOvvroSjH7ngURWXz2jSQ": "Kim Romo", "UCoBxDK0n23I2H5r2AgSSN4g": "Kim Schwan", "UCiclCJ9o0kHeGam1pTOXTdQ": "Kyle Cormack", "UCrJTJ0lxr1FiyPdTjgq1Iqg": "Kyleigh _", "UCsFHaNpUuj6pfF7sn7NbGFg": "Karl Hess", "UCDqv7RJCMKe8vIlAtDSBgBQ": "KAES ASMR", "UC7ymW4NEKdnU0BK0gkuX31g": "Kevin Santa Cruz abad", "UCKVpLC4TMWfrP3pNH-TKznA": "Katie Korodi", "UCdqbXGAzUAbhZX-AL0kacOQ": "Katie Leigh Hilton", "UCDCZjufSm7AFt-LSpZQNRMQ": "Knight of Oath", "UCMhQ55kDfez_7tVowT8lFxA": "Kayla Diamond", "UC-UeyNDc3NBf3CzbAS2LpXw": "Kartashuvit", "UCPbm_SErBUflWKu0ipoOC_A": "Katelyn Scarlett", "UCFi2MPoGjbc-jdBctMCJFJg": "Kyle Lalone", "UCQlZPiNYO46_I8GxoQKE6ww": "Kerry Brite", "UCq0m8vTzZlAHEC8HPwGvODQ": "Kyocdra Tranqer", "UCVZ6z0OZ-MMzdEVzHX0yaLA": "Katetanic", "UCMrm4_wpoFSkDFJXs0mjcRQ": "KINGSS YT", "UCKUEMA8SHl4tSwoKesK0dWw": "KaeYoss", "UCzEBxiK1KL9L74QIzUmdLaw": "Kitten]", "UCGV7E7ptWEQxaXh_60vR25w": "KULCHEETAHSLAYER", "UCDu-8kiTZPfXsAw1_-P01tQ": "Kristopher Kitts", "UC3FPZMtcfHUIvWgrEAdhCkw": "Kumar Utkarsh", "UC-2USo9uEs6BBo3rthWZPNg": "Kyle T", "UCSPmMmQlh7WcVOxu4b79QRg": "Kandis Felux", "UCLQJNdTLKi7ym40IieJQclg": "Kiedane Beharry", "UCdTsy12iu4OSbvryecwgT7Q": "Killerbee edits", "UCUesSHnt0kSKoqqaDw1hN9g": "Kevin Velasquez", "UCrF-LPxtje2WjQJqQ3BRLYA": "Kanen Balderston", "UCeSB8rFLKK0_eYiZkhneaZw": "Kareem plays roblox", "UC5oYicE298dA-pCxQWndRVw": "Kimbap_ohjina", "UCcJk8gAgWwli5qhlaiqwcJg": "Kris Overdrive", "UCkd5GmrR_b1v2sMxkhw7P-Q": "Kim Fox", "UCYelLxaCURYYJfOYY7gYaoA": "K.J.P.A squad", "UCN4DhY5WVyyUPU3nsnk5YFw": "Kim Yuri", "UCqQqL7xZUIi0LkqqyPYGTKQ": "K cake", "UCkhdz-c8cwfD5Ub4WVydj7g": "Kylze polaczkowaty", "UCg1fnWtXKjXshJLWl5l6JtQ": "Kgatlho washu Phiri", "UCYsJLcKzf8VWCOCW28Ywupw": "Kanti Poddar", "UClSfHRBZhEpIsMB4NJcZ5XQ": "Kaden Kastberg", "UC4PzMnva2jDNrh9mapAYY0A": "Kennedy Love", "UCvAD9zL2M-0IEvEtj7Eppbw": "Khai Lee", "UCv16fdubTuMzp4q1WFq5wGA": "Kanao", "UCpmVAxKbGrH7b_p2UtegPTw": "Kaleb Cuf", "UCFOJrN6khGsus-UbbJXHaGg": "Kelly", "UCI-JW5sy1g7RsMV-U7IBOkQ": "K P", "UCjXKKmja-b8QnV5HHPCxFzg": "K", "UCjRLwZHjhvJ-9OCpct3pnug": "K L", "UCZVNDpc3FDYDMn2XbF_rorw": "Kimberly Tanjung", "UCA-2fo38x04vGeBrcrqofhQ": "KhronikleX", "UCJIAiaN3EkojD8BmIcuw-cA": "King Whales", "UC2tLWnbhSuLmpTk5WeQp2KQ": "Kess Dickens", "UCHlHla_OQIlMz5i1NhhGZLA": "Koipidgey", "UCDSqFe8t9gF8Iwq7ak-rxYA": "K D", "UCL2xu4-NPVH-VogZNZqP_wg": "KingCobraJFS", "UCtW1X8_jtdF825Nay4ooOxA": "Kimberley Brook", "UCFF0MSxhbn4JgfyEZNREXNg": "Kristel Marie Soriano", "UC0ihjdov9J1OXy7qPbdmCEQ": "Katie Satie", "UCIoPjQVmiBSsgaiC5mEsy9g": "KinyACat", "UCeW23eo0AQben5Ak3wKGOAg": "Kourtneyf", "UCwbcPxAz83a8d_UpyRyM7wg": "KingCheckOut", "UCBXWmm46O2mZfBsL8Ru1BpQ": "Kieran Osias", "UCiiR1DtA3pvWwNYEf5zEc-Q": "Krossfox 007", "UCoEsxO4MUoeuJkpsx6PLUaA": "Kirak\u00e9", "UCh0LenhGaLw6ileZMFse0aQ": "Kyle Olson", "UCW0vT45-Kk6boPAcaMvpJGQ": "Kafei _U", "UCFnPHSfDHC46mtdmNU8yNuw": "Karl Luton", "UC9h7AY6QPvNZWE7X9Rzq25w": "KEITH'S PLACE", "UCHwLczNiyYey19VdAyezvbQ": "Karol", "UCxr9RA10Yk9KlVf_ElGKXXg": "Klancetwins", "UCpastPz669BsODQ0HsmSN8g": "Kippy_kat", "UCbdoO_QPyzFY4hgB-4iWcdA": "Kora Wade", "UCPxPJGT4debLQgUYViHt11Q": "Ky Wilcockson", "UCRVY-oqocrE72gsQWG0V0vw": "Kiwi *", "UCBr7aqf7NyV2wUq2iqFfsfg": "Kiriswa Jobin", "UCfWEaD7zu2O3pFq0Xh9faCw": "Kin B. Mari\u00f1as", "UC4aLfSBfOQMbQYXrSr0S5vw": "K\u00e0\u015bh", "UCmyMGj9AU_TDQVkts0AqqcA": "Katleho Kronus", "UCV5IiK1NW7ugxQYABfXC5Yg": "KN Worldcreative", "UCMC9XOvDCzRkzy6plXQJFXQ": "Kya Godkin \ud83c\udf97\ufe0f", "UCALFzrH0eFIpdlwjxh9715g": "Kickin' Glass", "UC4VJjYVXDDgRhZ7MlAGSM-g": "Kory Tallman", "UCg-Vc_MOj_EL3AHk_PVb_BA": "Kasandra Banton", "UC9sFY3MDXJLbmG5atFDaKxA": "Kim Smith", "UCF9aY9tCwDNM7p7bO_3Y6dA": "Khair Biggins", "UCaDASZRYO3EjHS5ynKw7F8Q": "KingTheProtogen", "UCVepLpEAlZtbYALQNFNT4IA": "Katia Song.", "UCTXMVrts4Vs6d2R2QD1J3EQ": "Kili\u00e1n Kov\u00e1cs", "UCnvL33b93_vEmu7wV8PxMag": "K-booky", "UCbpaR_HDhBBzBZRh4GuljQA": "King Savage", "UC4rRt89emNY8RePefQHz6Gg": "Kamikaze", "UCVkNB1SciVlFtnV5DOogzBw": "Kayla Whiting", "UCze6RKpbWMGCur28xoJu0cQ": "Kmall Lyon", "UCGfQdDLg-iVoImbJyjM2OeA": "Khadija Sajid", "UCdszNBcDcMqKbLLyHkeotxA": "Khairul Rizqi", "UCt9E6Oqofzr8k8cqxC_4gyg": "KHAY GENG", "UCmDZiwc6sH7WmecyRz14Gzg": "Kayla Countryman", "UCFJxao6copQIAKkgBLhe7qw": "Kamron Thurmond", "UCHP2pZH23E06Xl2km7-zKIA": "KingLich", "UCumATCks9fRMTwaPRNNiOJg": "Kev The Boss", "UCBCfK_yZqB3irvxfF9i0jrg": "Kurt Tennant", "UCPMYhJZE0dCKDgdiZq-c0rg": "Kristian Henson", "UCA7spqBp_lln8cCghj38Mlw": "Kyamagero Florence", "UCfmRgLTOV2JvyVsYsuaYtRg": "Keneka Bennett", "UCw8Tj_mlE5tWP6EBK0bkX1g": "Khubaib Kamran", "UCe78tU9F9M0kMrhvApjjCgQ": "Kitanashia Kiratani", "UCXHJiqMSqVBLhKSCPqYmgWQ": "Kaidenplayz", "UCCP13KhHd63ySnh1X1wdh1w": "K Doom", "UCuplXMD6tJHPAWpmpTKwaoQ": "Killer boogie", "UCd6AeZjPVVRcLl8vtU_TfCg": "Karl George", "UCqnfCq77eNC14m53Z44Isfw": "Kia Safia", "UCxYEtjPubu16qXD2D_KhOag": "Karl Michael Sapar", "UCMSFUS_7nj3O_Vh7iXF7sgQ": "Knittin\u2019 Pretty Texas", "UCS9hcQmIASuGJmSP3xgIWHg": "K.G.B", "UCXloWhlKp6S4AEkUtU0-s1g": "Korey Charity", "UCBd9QiFvtAjMGtYDmXr0kgg": "Kasy Brooks", "UCY2b0md9bQhm2saZMqUSn6A": "Kash. Khan", "UC7JWW0skEMSVJqpeZ76Xlcw": "KyueYT", "UC1k2IMAvdHxH8_Y7CoXRPTQ": "Kat", "UCASg9CGlf4iSzNosZ4HiVsg": "Kacie Clarke", "UCssfDwDRz8LdPGKLsp4i9Hw": "Kelton Campos", "UCSjsoaSqRS9XcQwBF7HVBpA": "Khut Khut", "UCvW1nJPttyQ_XPZJNB1tibw": "KatIsBored", "UCX4yoHY_JvciTg9x3U_yj7w": "Kaili DiIorio", "UCDek0VjkPru587g_VeLV2zg": "Kmbeats Production", "UC_YWsbCfSe0aatuvWa00HIQ": "KING MARKO Mastar Bogatinoski", "UC8wNB-n3GiDZKsCUgMAr9jA": "Kiara the skeleton loves sans", "UCa-7i9IoZIyYd1MKk-lelMg": "Karter", "UCksCN1BKMHeAggxWOSN2usA": "K P", "UCy2ntqLD8X2z18jkwAdKSSQ": "King Wole", "UCMuME7hyorcLnqwwg8Dkq8Q": "Kaylen Plascencia", "UCUt0tr_gDtwfYszB81nozgA": "Kevin Moment", "UCuz7MR7W60A-jQXkQzD2bIg": "Keeping up with Samara", "UC0D8jMN6rg0t8f8j9-l8w9w": "Key to Womanhood", "UCBgxgXV1D9jOOzkYj5MDa8A": "Kristian Hearn", "UCrb4y5TvVJb0Fa4OsPLqU9A": "KXNG RXSE", "UC3tHmIycitkNvJnOQk2i7FA": "Karen L.", "UCcLcPi29kndOmbdT6PxZ6Pw": "Kalark", "UCq-35VgrC3sXR6sHGA__SIA": "KoopaKing", "UCiU8gq7_omeqP77oWa4Q6TQ": "Knowledge31", "UC728w9YMnveEd6BRmxQ2xlQ": "Katrina Duran", "UCwDxFkqdN9JCfzaMwRaiTvQ": "K.", "UCsCvdOFD82WPiSQ4ol6ToiA": "Kathy Syphrit", "UC38xzyGejomE8sxZtf7W23w": "King Kong", "UC0CS6nPwtd4NT68cDtuzDJg": "Kyle G", "UC8_r6qz3Bs1I-7QwnOZTjgA": "KC", "UC3oNAI_kRVjTiAcSUNNDaKg": "K9433 Gaming", "UCvoU26j0iKGNu6u5DP8QvjA": "Kat T", "UCKwRpb8Vy4M79_m6RFQPxBg": "Kat Wright", "UClQyaZdECCyqzZ3OwUI8_2w": "Kairey Marks", "UCWSFahY2y2Ne57xGSHjSuHQ": "Kisame", "UCCuOGKdql9dJ_JMpnZbSR5w": "Kay Dee", "UCSG1DfiwloJr5rnP3ddVT4w": "Kimberly Norton", "UClv26c1J12GFGsGFo6BBn3Q": "Kyle Willis", "UCUxsFa1c2dww2LI6NUjzzFw": "Koraxis S", "UCaS1U1FIrjFBpW4LCR8aXgw": "Kimberly Anthony", "UCMUNFTo6YZXsFzcmsSfZCQA": "Kryptnyt", "UCHBTRiCrM2nx-bG0mWFKY9w": "Kevin Fidler", "UCDTFXBuUMWCJLjiGPMy0R-Q": "K D", "UCbWI7dMsWPQTHkC4Lw_PYAg": "Kswizzy15", "UCpmKmXmcSxlHFdDh1kp1wOQ": "Ky\u014d", "UC07Bb7itYg2TgYw4FCcMv7g": "Koo Cup Puvs", "UCTxseVCqPsSgvq1_Sk1UmCQ": "Keith Turner", "UCI0z1_kKGp09KWTR-7PSw3A": "Kendra Naiomi", "UCvTAP2uN2U24ucWvis6s45A": "Kash", "UCqS9-G1BV458h7hyqhOeXdA": "Kavali Ashok", "UCWgoa7KJ4wmlkaKQJqdwyhQ": "King_QuincyJ 2345", "UCGrWPzrKiqorT7xokAkx6WQ": "Kwaku Oduro", "UCqnJKLeptbBjnE6aSCQgXtw": "Kitty", "UCifSXJWuQxdgJMVsozPsv0g": "Krampo", "UClrz_Jje7e4UyaBaf9ONo6w": "Keona Jackson", "UCvRM66lGTH6uZsO1f3eCRHw": "KAT-smack-XD", "UCyhihOeSWPilhf_L2d7QV1A": "Koukou Zee", "UCC9XZO7FJQSDG1h5i-WkWBQ": "Kiant\u00e9 Moorehead", "UCo5kMBRLrlUvIvUmOiQnjIg": "Kye Fox", "UCfk1vL88MQCYQGozpyqbdpw": "Kayla Gonzalez", "UCz4CYMVgi7psB5BHf_hzvvA": "Karolos Karolides", "UCERWgEydcgtkGy-N5wcC2og": "Kebin Master", "UCJTEGhgQPMWO_n0EQZcYr_w": "K_Oracle", "UC1XH9X_QeiB9qyk656KvlXQ": "Kadeem Smith", "UCW_WJzIb7BBUw8dH42Zb7iQ": "Karen Kingrey", "UC-aASl5qh_s34ldVUn9Bk8g": "Knowledge Earner", "UCMx1Ap8fZKacIIFqLFQTfQw": "KRITHS PLAYZ", "UCkn4PTsJoLEvEUAwWVlgs3Q": "Killslayer152", "UCPl3lzQwsgtRyVCVoUOgXZQ": "K Frowny", "UCYBCc-owgAybKCiaSQhf1nQ": "Kong", "UCXjz3pzqi6vSMHoDiYlSAqQ": "KAMKAM _Kdawg", "UClVaGmXihCl8A-6AGye3m6g": "Karime Ramirez", "UCN3WclrGvXaTCHFPq3i1l4A": "K Henderson", "UCFGO1XjHTLkHTDc73oS0u6A": "Kimberly Lozano", "UCwgQJ2vSmGHRE9wtQ-aL2RQ": "Kelsie Stuprich", "UCIYN7j1R9kF1ezj_q1STdpQ": "Kareem", "UCRp2ds3iqR6c2uTS1052tkQ": "Kaerius", "UCupQTYHD3s8Lsm7EaiG52Wg": "KrazedAtWork", "UCfZYbqHG2V8_jGmtrbjloaA": "Kashlyn Smith", "UCbsz8be-9Z-wk1Fk_99XkBA": "Kailyn Rojas", "UCjFBcYMAKe9pWE9VaN-eLAA": "Kevin Johnson", "UCMohf1ih7Ob2ahsyrKPdgFQ": "Kahlan Hefner", "UCvPRI0JoigUbOXQPWhXMOtg": "Kakonge David", "UCSv-yhzfjk8ZMmt6KoXKNzg": "Kevin Crusher", "UC75fKuKbSV1I_pvkG_K7xng": "Kayla G. Bologna", "UCFTyjLs6cLVrNqmd9e_CSTA": "Kel Rowland", "UCLA4sc8dFae9OHYHCMcU15A": "Kyle Fitzherbert", "UCr4p3sqixKyRzCWqmHvRNXw": "Keishmary Acevedo", "UC4YW1l8ani2uE9AgQ7JkJ2Q": "King boo", "UCfgwPEQod9HGJjuyCX0KbHA": "Kay S", "UCaiUVsEHer2OEVTZLJNS5yg": "Kiera Johnson", "UCwh0Quyrvv1oROJycuf9JSw": "Krysten Cabbage", "UC1qq7F_MG9BU2Pc-w-TV1VQ": "Koren Barnes", "UCjLviK1onWNUdkArYEWRIIA": "Kingvelo 16", "UCaISLepbo67Iz_4M4bDXKLA": "KAICK Rodrigues", "UClToY81cydFzU_meEJIzcZA": "Kermit Sends his regards", "UC_qEVruUYOzOALQ5t-BYw2w": "Knappy", "UC1feu2BhkgZaRLek_0SjKEw": "Kemwuel", "UCylf8g7K011ahRhY_8QA3Bg": "Kris B", "UCr4Zm6zLBDp8mGoqiedUQqQ": "KIKO Lektrique", "UCSC8mZeyaR0RAmCcUnzWnBw": "Kimberly Mckenzie", "UCncQxw7AxuHhoBYtRaTLpcg": "Kamryn Gillenwater", "UCZOpJB5te957cl3TkCaZRLw": "Keegan Cuisider", "UCYjI8OdBycyTs983QdGTCZA": "KingIrvin", "UCfkavsxWh4FM6nBx7s3CDAg": "Kelly Pynaert", "UCDC0WLC9O2l1QDhcHpuTn-g": "Kevs Webs", "UCmhadjgmkwTtKrPkAh8Yr8Q": "Kelvin Rager", "UCA5-B4jKJHj5_z2sjqd-u9Q": "Kimberly Eallonardo", "UCCfpSBB_TtRQfz7iZqDNxqw": "Kam", "UCIyDTLiTJ4F1Eqj85W0ntHw": "Knowledge Seeker", "UC5T-U98yIGn7XOEIbYtYdCQ": "Kendra Mclean", "UCPN-jjBMlfmdjHHpUkrJ1Kw": "Kristian Torwel", "UC5TjTaUwB17ZdyWXtncxBLg": "Khether", "UC0nvm7q3pQDqMyPHj_5nLCA": "KieMarie134", "UCFX2sQi9-pz4SAeC5LFD6qQ": "Kirke Can Openers", "UCZf2OPC4hg5C8TrTuAn8DWQ": "Keneken Duran", "UCMQAp-AR9gzrI4JArJnfYmA": "Koolin26", "UC_p66AQ3LvLTAeTuwpQiTiQ": "Kayla Lambert", "UC9eL4OR2pAhXNZnHLYzWzGg": "Kasim Distin"}