{"UCSJMSdUBxZj7ZF9UU3vqLVg": "1 hand3r 1_FN", "UCqx7dPHeiYUmrF9PtIwS8fA": "1 mi 2 mi bilim", "UCe8BUabrklakdBJF4mV8MCQ": "1-wheeljay", "UCIjw3FdBPr62w_hXVN1UVQg": "21gtmoore", "UC-gEY4stIQLc0Xb2qmMq38w": "65FUTBOL", "UCYOBNIxdOr8PYdNlAmaIv-A": "3rica Jonesss", "UC8_KppTSVIc22Qin8QCtTsQ": "11kele", "UC9QXpxviZRqHGb9LnRTVneg": "0426JayJay Valentin", "UCLaDKnijomPyNPauYPwMHZg": "8627roman", "UCKLm2R83aGZLRKlxRNs_E_g": "04mzwach", "UC5vBPXCpp7OrJVwrFz-CXqw": "11. Cindy amelia", "UCvcd_KJf5DLe0-bnSu4a23A": "5ped 0f s0und", "UCUv1fPDO8xODsqA0Wk1yvKA": "0XxJJ_JJxX0", "UCPIth-ZXHuopAM5MYBzj_XA": "02. Ahmad Dif Fairuz Zaidan XIIA7", "UC5x4V7piqGdHNyyUeb73F_w": "100 \u0434\u043d\u0435\u0439 \u0434\u043e \u0441\u043c\u0435\u0440\u0442\u0438", "UCmmHHWDCeo6AR-ErfNnN9fw": "899tamara", "UCTgi3inBH_jafUNM0-r8QHA": "60% effort 40% wigs", "UC00NY9v5mDHEedVrsKLSaHA": "1234 hcr2", "UCh6wjBtNbeX5jqSyr7gLfXQ": "2 B", "UCAPO1Mqdmg9sw--XIhQTTEA": "946 Joseph Vanlalfela", "UCv3Bvqx9mSBgOjkkXb1nTgA": "1Jukezz", "UCeeeHQjnS7essID9rz8DzIg": "54321DEADful", "UCyDQvN6M1IcEnXXWejaPN1Q": "8bit roze", "UC-gnojlMJAn5ALNv4OU7Fjg": "100 % Chicken", "UChChePCSuTmV6Wn1gua7iTQ": "8-BIT - Brawl Stars", "UC6VnRtsDUJ36479g4MQb4bA": "549RR", "UCs_D0mQ0R-q1IN-UmiHX2pg": "0shawhat", "UCVrQBCyQU2vZ8bTRa3WEonQ": "7liner", "UCyqehND0ktMTzm41DYMO5ww": "670Robin", "UC0QnYI4WchKChcrpCjszqVg": "8cee", "UCL2GNc7dqYEYDnfb8PtuAdw": "410merc", "UCfwP5Mt1Y-LoZcT1Y9c4Bfw": "73honda350", "UCT7WM-95qP8APcWV5odwfJA": "2Fast4Mellow", "UCTKPkQi7kJYpUwlPVR6F11g": "199331939", "UCQYvW4NMCFg9lM8fmAfQhMg": "4954mantong", "UC61KbBnlW-z4DA16BnURYBg": "80 Duke", "UCutP5dluTQ67HTBkAkiA3zA": "24JAEC48", "UCd_VcrQkqaCbQ60_foGB6QQ": "17AN", "UCiKlVM_tstd4z1G-rep-jNg": "1lols123", "UCZ84nYoTTk_FYh-3riGfmNw": "2wings1bird", "UC_zeJDXJv26f69SfSAh-Huw": "24K InfO", "UC4jfml_7-Gh4_HOK3_jjOeA": "10\u0411 Renchin-Erdene", "UC5wVlxtb2vuQfBiHuW6Touw": "3Stripes", "UC3tgM9ZNUWC1XDWG9fJlk7A": "20 Second Cuber", "UCB4i0fyuIQkdCNjBViP0C8w": "862Chaawal", "UCNRbiCv-_8j7DP8tJXnFpgA": "369 Rising", "UCYI9egsJUD468XXFR5VlSvQ": "8057 Swathi 9B", "UCJTmMRPeFylx0QZwS7IguSA": "19_1_1_4", "UCT3nX2PSm7PWgQB88xHbSOw": "177_Elzion_013", "UCe_QqhTsWiGxkAplOv4G_fA": "2x Drop Chan...", "UCGfCzNN3CrGWSIHmrSV-hRA": "6 Mane", "UC5DvhX7Gcfk5b7Dv5rgOLXQ": "60yobfand proud Mills", "UC8LivTR0NwwNAZAj6pMhnLw": "4NN13 H", "UC2_jKgHQP1_k1cgoQjNnTdA": "86Themadhatter", "UCz8yG1QRm3WpHDDp3KiWhjg": "13 Miles Apart", "UCTJDYTBu4o7Ny57r3tb9YbQ": "0-0", "UCy9kM5ycCqGEAHPS5fN8gxQ": "815scorpius", "UCOMiFxDFaw8INfhgPrvj5hA": "2Based4U", "UC7XBM0Bost1fswgbfHP4A7w": "5am Fishing", "UCjYHkx5h3E0ldwUlX1F6vrA": "99MRSHARK99", "UCwAMwa1k5eE4baxVa1zjqsQ": "3044Smike", "UCdm9qriwjzgfhTILcMaRKzQ": "100-Bit Fox", "UCCWdcbeJ_WfE2orvfr9YIDg": "7101 Studios", "UC4d_qL2dVqr05659mnOqigg": "13sangheili", "UCqTygsXj_RAHc7LbVPLochA": "1990 M3", "UCro44TwqluxdoY8jvvAQSWA": "28_Lintang Sania", "UC7Q7wLDDVqsXrFiasWQk-6Q": "100 jsj", "UCMgLyHwvY1x4tNrWWXSWpSg": "8letterman", "UCd_DbL3RUrql2_5SY4uzwfg": "13din", "UC9eDs-h8eeSM-31upj9j-aw": "3z3o epic channel", "UCIwf5U9V5ZDgTTETfiMhpIQ": "4363 Jashanpreet", "UCKgli3trDG2CkcF_IbgU35w": "0\u1515\u15e9\u1662\u15e9", "UCB78u0EU4j9cVzOyNrre-bQ": "5280LFE", "UC585sKylK9gC8c_es7Vs7pQ": "123_Daproishere", "UCdiwT4L6YlhaEvHLb_xfPMQ": "919dd", "UCocbpomyJd_CXgJeHF0bXLA": "8 and Sk8", "UCboVyhuML6F8XI7-iT3zKvQ": "3V0LUT10N", "UCfG5TxaMVqvUdxQlpvL554Q": "2L82Sk8Bye", "UCnYKLqP68BX83bw0pwNA18Q": "2k Tips", "UCzn31oYQXtcdkv0_wVZarNA": "62.Mashiat Shoury", "UCIr9tizKTEV-7OcADg1ufOA": "350 Degrees", "UCkC83I2pYubS0e9uI90bxmg": "99Seer", "UCG6TdEBpUz5iiR19Mj2shJA": "0nyxWasTaken", "UCKar3EIB16Z1YwYPa0YNK-g": "26000king", "UCJXUczCTMGskIyfsvoS-Pxg": "1 \ua731\u1d1c\u0299 \u0299\u1d07\ua730\u1d0f\u0280\u1d07  2069?", "UCvvx0FzDQJoe8sPRNPv53Cw": "1221 31", "UCm2Xzs2Jkc7HU8G-i9axE7A": "3ric585", "UCbIXbwQ_3POSh4BZegAPv1g": "4G", "UCpYCHmmV0VE-rHSKQ_9B2Dg": "1 Playstookin", "UCW0P8Og-cVAHHTlP0VwpQyA": "365ral", "UCMVjRDlElnH92qf5WK65PlA": "6 big ears", "UCBHF7uKpSJjHeoyDeEjgSwA": "3L1T3 Gaming", "UCJVwuizPlhtgMkXcZraYBcg": "4StringsNoMercy", "UCDgyvIbDsY7wFIEwKNnHlqQ": "6 Bell", "UCoy3xK5qELBUskFOhJNg8jA": "5555H", "UCEeqG0EYSU7bGTuLRfUO3pg": "7th Orisha", "UCu34BPLrnE5xWXy-EDC1hZw": "100amitty", "UC_rrPVJtPwgEKmk2PjQ80_w": "33Chimel33", "UCSuN4IMnh3ZoD9VwI79q_lg": "90sgrove", "UCu7GeVLGrQk9FDwOevaB9EQ": "4141 zeyno", "UCrA0MlqP-nqj3iIYpojc8DQ": "11. Minh Khang H\u1ed3", "UCOemL-JT1zcE3OluJcUo8ZA": "100Element", "UCeZtaXOTAbxyM7-OM622ZuA": "\u0b67\u208a\u02da\u300c Hyuki Kanxzii \u300d", "UC4PFJYULjJiPZvfRZbaBTbA": "667mumble", "UCK1t8lzbuxb69La0PNP1wGA": "1bang DAN", "UCcRY8uIudKGBiBf5pN55L-g": "2097Pyros", "UCFL-lB9yRQUP58t2FfHtxig": "7SKYBALLER", "UCG26pqhG4Tir73erc1tD1EQ": "01 02", "UCEPGMys22AKV9mMEH22xT8A": "1234KeithB", "UC9oMh5lCJkPCKSjVExfelkQ": "901apple", "UCWmoWJn77xYWHC7E7XekGRg": "720 Zone", "UCh-HIdDPUMmICUDetVTXV9g": "0xSn1pe", "UCEHfMXC8-HPMIYyECzCsGqA": "265Stan", "UC0kAENAbIop2tWvJBYcYwkg": "13 7c Mohul dutta", "UCkIAomzbP-2a4ykz0p_DF4g": "7 seas", "UCip5Fl1A-wTJ22eIcg4N9BQ": "2punish1", "UCt6xVUKRZfsn9OkLDa8W79A": "4A4-17-Wewin", "UCvT080lk4vsgPijdNQutg4g": "47_Yagna Parhi", "UCZSmUqmt7kZWj-NHZBPy32w": "1zzy Duz It", "UCpx_RvnMzrhZOgPI_2MTSHA": "1 2", "UCkmQ9ZEqydDibJmNlVPNoSQ": "13soap13", "UC40X5SftSylz--pisVsjtSw": "1990PK1990", "UCnJ4ro9TC6HtuFlR4EPFEcg": "1acer18", "UCrlnJmUon59hz_1XgHdic8Q": "41Fivin"}