{"UCQkxVP87dkLxDPkeECeySLA": "bad_ben01", "UCZFTugUXB0VPuDtJPFvdTRg": "burnt toast", "UCePY7BTTSGXGTk5v-uh2-xw": "bl ank", "UCtoCOjYg9J0JkZ8ay6EEKhQ": "bakayaro", "UCy8ndHYGpnFj7wrH7gEkwug": "bigfoot3555", "UCfjCfdyRhjpAvgarHcBZcMQ": "brenda gallagher", "UCpiLL24nM3vnI4YK5FX6B5A": "blaZe_bray6969", "UCRVX-R7voQft2M56rBIfe9Q": "billie beck", "UCT35bVOHt0XvfzfRU13ZYsw": "brianna lore-flores", "UCW8K9boMhdgnTYqR4X7bzUA": "brayden McKay", "UC1sMoA6E7i6LUgxcPZFvSGQ": "brisette maribelle", "UCVoPzbKbftj4CM19bRy68yg": "britney padarath", "UCy0wn8d-fS2qZvcr3CELWmA": "black sheep hebrew", "UCIz6sbdbvy-y1kvmR5poA3g": "borisxbg", "UCAh0mlMH-oCMJKOHYsg4HJg": "braija", "UCSC_VIKb0XrmmaCcxmtiMqQ": "britt", "UCGPmTb78fzEHhHr_fVGpSIQ": "bryan del mundo", "UC0XirRZ-dJn9VuHFx9_G8uw": "biskuit", "UCnqrdbsd7S8d4eqeLE2Ddog": "blue;", "UCZP8_XuSMIMXZUaN8cXmPtA": "bkupniewski", "UCXVqzloH9P-5oO99ZDBGOQw": "blue_is_not_sad", "UCp7sSCpFCe6Su6to8d97FVw": "bangtans.army\u2661\u2661", "UCB-h-m4DptFzHl-WMQw9phQ": "billy staples", "UCbFlHwHfLspoQhvwq2jLdqQ": "brie", "UCUZovXwuo4wZae-HjBihR5A": "briargoatkilla", "UCpddvMR2wlZwrOrlbPJGG2A": "bean bean", "UC79lqGGngaYAX9sllhfl8ZA": "bookswithadollarsign", "UCYEJn-G8lpEzDvEDmb-b1mA": "brr", "UCbk_1Afvks5RBxSpGJt1lPw": "bad token", "UCO6kd7Dmau-lE4HQjeZBcWQ": "bones", "UC-zs7UoRTswlW5lvz3av_Tg": "bzrkmaniac", "UCk1JNANvIrYuLA2LQP2ifow": "brooke love", "UCRInJh4yAPU2UW5DybFZFfw": "bludrag0n", "UCnd5IJq4sTNLz4pobnbglmA": "browndada", "UCJo-OJIfgIV5L3YAZ_IA3TQ": "blahhlucy", "UCd-NA0-TOh1kmb5CwiTmxvQ": "brenda hulker", "UCOQA7fAw7s-Sa7dF9ck9bYQ": "bobby norwood", "UCv0iCrIxUlGArAiuQL9z9fg": "burningpixl", "UCTS-H_2Zi563NwKNDWD3idA": "basilrose", "UC6z6_lvGMAWlUjd7vfzj9Zw": "bruna machado", "UCLTQ1K4FPx80R7MKJSovXCw": "bare dogs", "UCHS7NIyeZlLNjxFBGi-gPvw": "blue_mondays", "UCTG2_QEfOVGEJqY6NbWrYyw": "baaadddeee", "UCnmpJbZ5nIu9SApw08C28dg": "bstone 1193", "UC6ptkU02oBGBJzpJNKOz_2g": "bhaddiemadi", "UCwtr3Quc79-8-ifhpHSHETw": "bader alharf", "UCLCX66YHe_GdghaCygSUj9Q": "b Kewl", "UCFsO2mbIit-StKU4ER1730A": "bekahhh", "UCsxm13_zWoW8hTOPFQ7aXMA": "brody gray", "UCNBk82_ria8e3qPXrBk8SEQ": "braydenbassfishing", "UC3sC300AxU03gRR9RD7U7rQ": "brainflash1", "UCRtyO2C74P3idGrROsA1TNg": "branzombie", "UCo_XpldNgOSs5U_Q4Nikbdg": "b gatty", "UCez7WrtfAcgOdUWDEAqwrng": "badger", "UCSKgZgqub612dlBgXTq2-NA": "btcharlie", "UCUXLlBCjiL6jM7R662GKGKQ": "baaren 65", "UCUvKCjkupKZgevXzpCQKfcw": "bananahira", "UCRTcw3EuJGKNYE-HUDXnjqg": "beep boop...", "UCIE9PE2u9z3VnK-6fy3_-ZQ": "bladeisnoob", "UCE8QUIGOOyzuePAzPINEI3g": "bh_dolphin", "UC1UcytZO24jlvCmZYjShsIg": "billy kuo", "UCyra2Kyf7htrkfVSUgNbdFg": "boogieC", "UCRbf04D_MP7yKFjKX_s_iLg": "bronte1987", "UCOZpBC0bTF_j7HNUbSj4OBA": "bLanK_Ninjastarj", "UCs1UeXkuwrRfrcKTaMM8q4A": "bro row to 10 subs please do it!", "UCvyNWn647bs9ng3DsMabT5w": "billdale1", "UCE-jlP1ZjH5KEXMRNgOzKXg": "bud", "UCbyGawElOseo6UT8F2muTNw": "brakmaster", "UCKZWVutkBx-HiGF9lyBfJ3Q": "bryan aquino", "UCebOQDpgdjoe5hveBN6vt5w": "bacon", "UC1RYV1zNFxQe8o5eNYtplkw": "b swogger", "UCQUtKzc8H4e6LJpumw4O-4Q": "blackvial", "UCkO0-tRT1psFj2GMkB5lQBg": "brendalou58", "UCXChkuDA7YGQk-IKK9wQahA": "bmello2583", "UCv3fzsAMN_lkNg17RHjur1w": "boucephales", "UCYKcQq7fqPwOer2jut-ggNg": "bulletproof tiger", "UCGYI0UXp4FOqP52MrhK80Qg": "biggmoneymobb", "UCZTfOteHPNDLOfC-Xwr2jqA": "bravado7", "UCjfR0Nc488LJtCQt0JR1qAQ": "blake_nikeairmaxtn1\ud83d\udc4c\ud83d\udca2\ud83d\udcaf\ud83c\udf51\ud83c\udf51", "UCmqDegwh36dD6DM5mzW-Dow": "benjamin", "UChHAeWjpMaGeVhoawbtk0SA": "bro tube _", "UCHttMD3USD2PWIoE_D4iUrg": "bruh moment", "UCDNHgA5ucuTiDR0_Tg10kkA": "bob the fish", "UCeVPQh0tc-UDJbxWGgXWrKA": "bow twins", "UCLxMNxb6_bbXsLU27d5PQnA": "bradanz", "UCPXjUH06zQ6TaT8wNg12iRA": "bernard steele-dadzie", "UC5TX2XgrMtGaM2a43Kt6Vmg": "bun bun", "UCgB3roazaBi-lNhhyk4rrrw": "bua becky", "UCbtHrkVkXAPcoCCfz1n5caA": "bob bob", "UCJMjPi2yWQVWz8dNdjnG6lA": "burito hoover", "UCWI3ibYf0e1DjV3SeTlzBfw": "bernardo pereira", "UCdUmJkl9rl4McQIEHd4fgAQ": "belovedrm", "UCxhNUCBKY5pbIv5eCOklFOw": "backend kiddo", "UCc7tHJjrou3MIKOKf5pDgzA": "bradyn Anderson", "UC_R6RD2wxHkzjOv3ONJ3v7g": "bacolando", "UCW_eYVxgFgUfkMm_bVcXwjw": "barbiehouse", "UChzKfg2IwbpLBJ6TIvqb2nw": "beni Sapp", "UCyg0HWR1cf9cmV8qk8Hskfg": "b smoove", "UCbGKSJHxtVotiWSnMRHCbuQ": "bombb", "UClGCG-24g6DZppIj1kv0ukA": "blackwolfbg", "UC-G-GSTx3e2LuymMUd_lU_w": "brian", "UCg3uZkRtOvJhkcHeDLPXO_Q": "bill nye", "UC-dJEa9ybZNS-ZaMSj8hEdw": "bunny bee", "UCugip4QA0evAOBckPHSKVsA": "boy' In \u266a", "UCmpRbJexizuup05H4_swYbA": "brandon leblanc", "UCFeS0K8YxhOUPRlg84S1rYg": "beet rice", "UCT3tHOM6-HUKwMXpzR5eC9Q": "bubblezz 4444", "UCfextFYZh3rRDciJ658UmvA": "ben luck", "UCRn2bv6uMCyVWMgOq6r3XKg": "balsher singh", "UC5zrJ8YETA0jfNcH-RU8qRw": "binaryalgorithm", "UCPaNH-w9Gi4cI33U8P-cXpQ": "bunnyroo!", "UCZnbN-sLuvG40DKr_pmlfng": "b", "UCTwhKfWPv-B8LQnoi1QF8_w": "basti and sans", "UCNNb7hOvBMdDAg4Vk-VdL7g": "bert dicker ", "UCuwpMbd5OkzCvIRBVB3N59A": "bunartist", "UC_TZTt5jHQoFU14-VMQzZaA": "bibasik7", "UC4hs3HcEamtVtzgGijHLHPQ": "bruh i know u see the link what r u waiting 4", "UCU7rrya9zEGFmYkLPv9bLmg": "bbbritish hh", "UCn0fLJOFYXXSpwW6mN-CilQ": "bill hollinger", "UCz9DPxM3OnuBZjlZGIq1CwA": "bR3tT", "UCxfN26fiEi9nDNudForsU7w": "bellablu66", "UCh-FnP7XCu1_EKKxztWjuSg": "blackz!!!!", "UCmykFXLwsHZFail2amEDquA": "bassket case", "UCZyI1mU3NZWANDb5YuqZjaA": "boiboiboi", "UC7gILuHev-bc9HsjmkAvjvw": "blugobln85", "UC_3mToj2hqkI11JWQbVhvag": "bellplaysroblox", "UCOsEUnnmaTSXUd2Wbnbc1Wg": "brandonb72", "UCBlPtpSHm3uESS3-ZdSg3SQ": "budi santoso", "UCFRE4nD_kd2Cge6zPaNqUHw": "blueskiofficial5", "UCb9Q4YVEWUewcWkF8xmBW6Q": "bella.\ud83e\uddd1\u200d\ud83e\uddb2", "UCjPh1Fy-YrPnWHzj204JsAQ": "bilguun togs", "UCox1Y1p-9n2Iy0fciFejqsg": "bimblaq", "UCjU1gYMDIMoNjSGSoFercdQ": "bill cipher", "UCOMAiUpFQGENcO57q-9POPQ": "boba queen says hi", "UChxPJUwGSNocdHXDQyQVrzQ": "bigdaddy cain", "UC8pnw8_2GHiLq14OWgG8Xmw": "bernice banta", "UCEfaxKhZPplqwhZHlIWl01g": "big reds", "UCO4TrfYbxUiiYPrTCEN8pUA": "blitzs", "UCtBXDiEEzef4uUXGdX37VZw": "bassmith448 bassist", "UCFYWkaDL3NEEOQ6QlnW01CA": "beth c", "UCNgltas5seoa1JJaxWvaQSQ": "brownie003", "UCq0FQ_NLTjwjuOmWuXny5cQ": "barry dingle", "UCavUwxQGjt8GSWQ0BCVd7uw": "baby", "UCKZ18GVp2_pRAiMZtxa0-7w": "bofo85", "UCSChzp5W7xRPghE61UDrWEw": "bukasa jonathan", "UCnrb7nnYHJNN7-HRsHAArLQ": "bambooknight jk", "UCPu4tds_brORBgCWX3D_WTg": "bruh. ", "UC48yI76kLL0xD0_bMTmgaGQ": "b1ngu5", "UCjrLDRWwpHrBSB2GPz5q-Lg": "bxt_ahmed", "UCQUpgyq8zGsTcbRBSfcxlhQ": "bacon king", "UCOQKOy8JgGSMQFKLY0NdgFA": "marika oakley", "UCGYxLYrSK-FhloQksvG0YbQ": "mylifeasleenoo", "UCc6d_lRDZtRqUQYBykSnV6w": "maddie r", "UCZBXrsDo4glYiyq1TcceOdg": "mayi360", "UCP1_4bdQf0oXOon0I6thSMw": "muwumuza annet", "UCs51D6dZOw3KvdTEO5D214A": "mexican crusader", "UCXecL2It9zclNORM7iV8Y-Q": "mai", "UC-j8mMCaBrl4aAbRJdrQZrw": "madhatten00", "UCVKQqnOSQUE1zOaoBgvOgNA": "moisha", "UCBhpQXa8KC4mSuLWoBX_RJg": "mark aratom", "UCFzFXZtdkc6XT87GuCjsB1g": "m adi", "UCexOiry9hIEt8L-JlZIHbLw": "mozartmozi", "UC6OFeLsaH1E7H9jW5EFrRsQ": "mike bar", "UCBfXdL6GSGiSUm-hDKxYLoQ": "my.brooklyn.flora.forest Brooklyn", "UC4A4-QxG9hQbD99Ux3xlc7Q": "mamilou loverita", "UCCu9XpK5JrO8XA_8IOJ9Nfw": "mccorama", "UCCJQ6lxrE5GahuFUaTfiifw": "mariz nuguid", "UCMksifDabFg2xNiuUoxZRyg": "m8s1", "UCXEsOo440iyHdsT6-WQfjKQ": "maddison-yandare stuff", "UCTRh5z5zZU-Lsl4d84KRM-w": "mit sulu", "UCtbPbkELpUO8IqVnKHjetEg": "matt wilson", "UCogzLNcPb1HB64vUZ3i2srw": "mia bobia", "UCZeeuEeS_e210Ejy7LJ84xw": "me", "UC1224cj_b7FbXOMLqhl12cA": "mindlessfashion 21", "UCpD8ZwQVKVBdkmL0nlz5FrQ": "michelle camtemic", "UC0fmKNiDDtFJvKtQg8x6p7g": "meg", "UCCYbCdK4X05eEbOUpM-kwkg": "mathewpist4", "UCG-LjEWdafUC2Ob67gKVKnA": "majestic Mesa \ud83e\udd84", "UC-GH-JeXRy3cAlSRrDy-nwg": "marcy419", "UCqOiavemODGVHQyf7L2PRPA": "musicandmagic909", "UCbXlsdwYEgaZkX_5vlAwWCA": "mohammed troy", "UCmy9lF15qhmPdkh2gbM1-Zw": "momof3 forever", "UCIfRAaICNlOLmyC1_D8_tCA": "matthew howie", "UCQ92_NoGnsbqtgc3iK0i_dQ": "monserrat gomez mathey", "UCpl_CflnAe_tBeETUyEecCw": "mounir tohme", "UCkeD6ocnBGq0oPIbQnrsplw": "mathew sargent", "UC_pNwLr9ZIQ6jpDVxbcsMrQ": "mdb831", "UCh25AcGn6hweWkq6cIBFCww": "mrs Ramirez", "UCmuqcE1Dz0hGlcX3wOKK-Iw": "mSiDraKo", "UCk81JTq1cHmXN0K-7t7sWGA": "matthew fanous", "UCV1x0BJTkVkfNBJnP8QFp8Q": "mani harran", "UCpPPpt-pKx2OZKDouU-fANQ": "madisen snively", "UC_MA59fhje0-2EwOZfIo2LA": "mikrobatery 13", "UCyTneEura2yyYaJgH_Pw_lw": "milkmandave66", "UCpuylMrSc0Sio56tPLUYp_w": "maruzencentral", "UCIuKbzGT6AEseACAexhYK-w": "mark tito", "UCmNRzssPrbTbf2kISjAxpiw": "mignight snack", "UCZ7KN7EAgi_IXuYMCdY6ZXw": "minnowpanda", "UCyOACnV51mWeqTTZp2zQ0pg": "mrcabdriver", "UC1FVKDWer3r0FFuy8F2cONg": "manusia", "UCGHiRjemzJLJ2XAoTK68p_A": "mr_random", "UCxmrV3Ifv4g9YSTUwVjSx1g": "mrogface", "UCjqhCiMZi6UNLAbTJQ9dDQw": "maria gabriela Farias", "UCWqUet0UDaHlm70Wmt9umpA": "matina kyr", "UCVecEPPTtu4pQcwvAemkZDw": "mrkonsu", "UCBkxpjTtODa4sKTZfUHdV9w": "monster2slayer", "UCuuYA3pGddXkWYyFM03B-cg": "murdamechanik", "UCqqRMGGsDpeQUkWe2fsFMJQ": "mikey Dobson", "UCk28eorbJkXtVEKHFdzrfiA": "mystix", "UCWBQVo0L2KvT7B-2BDc2tJw": "masterwindu1234", "UCObfsLnIhQCc-4zgZ1YOs-g": "medhat mahmoud", "UCTjq2UBvBqSjAyg_lGQR3iQ": "momma4na", "UCjxexjCJwa3cGN4cgTlEjdw": "mei", "UCshiVxZ7qse82Yuuc6Yu0Sw": "mia1shooter", "UC2Wy_yxz2mMoFCcrghmcpmA": "mr fox", "UCHF1E50dJLWJq4Didhpr-6Q": "matti tenney", "UCkjEE1wWgMP5TxagM1SUPpQ": "mannan gamerz", "UCtPjM3etCwuuqT7ZhTeaKYw": "maddox Zimmerman", "UCBG0tkeYnY6s1WTupyFqc9Q": "moist critical with drip", "UC5fVMQkW1gzsFQb_SfbgTCQ": "megstar", "UCi9GvhQ7zhPqs5Hyjm72ggw": "melanin butterfly", "UC7R5L_xN3LbBeX1onWNT1ow": "max cusumano", "UC1LMllJIa67pt_RsGX1RyhA": "morpheues2127", "UComDhWjsxwCW8vJ5qKgtRyw": "minecraft boy", "UC9VD3g7l4qOD9QtTXP4CppQ": "majica", "UCUQbZeeg9PsPd0xrKYzU4yw": "mochihearts", "UCpH52sag70VBBWtX0So5NCA": "mo makes vids", "UCI463hbVhfUH0SsDm4HnYUQ": "malleswari madala", "UCGn4XxaB1DmLqLyKjWSefSA": "mikah rocke", "UCWAy3teFK6uGo97bRw-gc_w": "mike mills", "UC8prZaoMR0rTx-1iuJ3nVzQ": "majoranna", "UC_JhCK1zN3Bjo0IthsQLPnA": "minot60", "UCb_Uis_NiXao4sWwIIqW_WQ": "manboy TPOT", "UCtM-UfIxI0CYOvyGf1rDMrw": "maria chantal", "UC1Z6huvoS83UNhzFPLdy-hA": "memelord21 3", "UChsPhdmNP9fO2yCG1saBU4g": "mike wilson", "UCPZC06iydQ_0tQ3gttFqAOw": "mamta pandey", "UCqv-Tic0J92fG1rnisDQKQw": "mark babb", "UC1t8ogyLENX-gAYZytCbkhQ": "mel \ud83d\udc00", "UCFp2rOX4ycghpy1Dij4fSDg": "michal akram", "UCMS3NOLAmiUj28Vt3iNI60w": "mae", "UC-SfdRw6Y_8llAMU0kFeJgA": "mike", "UCBqtCS1V57XoSGGXiIikTVQ": "mike klaene", "UC1bwtyhEDFrmZoBF424Nqaw": "monstermash807", "UCpV6FQ5Ov8eyG6-YdQyKb_g": "msjingles1", "UCl5_g1Z-AwE1P8D5x09brsA": "mandycardeni", "UCbqhXeRlGl8JJaY64lTHjFw": "minecraft tips", "UCrGOZcddWXR1dVkKmr3oUKA": "mindless", "UCPwSvnm9MljFOs9EiimwJXg": "meme the memestar 69", "UCcGHg56M5j1hUPTFPM5Xrtw": "manoffewords1", "UCYYUj7D_g_hG2fef_p72VUQ": "monlifes", "UCIzVMV7uX-dRLC9tllc0Fww": "mahdi 478", "UCVl8PtsiWCasaPXbekPp6VQ": "musak ing", "UCnmYEGROOy8Oses7vc0mW1w": "memeslong891", "UCj6FyEKHxUPkttOLY9a2vDg": "millenniumf1138", "UCoH8hB6rfsleZMrbn8eqEGA": "micla 62", "UCtrNjYoXkUG3kHuU8q7yVAw": "melany lizbeth", "UCiFXxEhO0MzMGd7RWgEIdPw": "marcus gonzalez", "UCXzqmVtwCTw53tIOGKU7EFA": "martin wilby", "UCAddx9ACVZeKpE9HptbYKFA": "marcmmclellan", "UCrqnqs-eL-nT5Dm16SBiwUA": "ming yan", "UCAqUT2ZRwaLrwj9623ZIaLQ": "mellisakuntz", "UCw7Tf05hehRkX3XloSXA8hQ": "mentalmelt", "UCW218DSaZs52xlwx1NRiYRQ": "melvxn", "UCkVpfp8LF0LZaxgf-fb1YEg": "mario and the bois", "UCUOpqz8_ucE4Wq0NtdYaSDg": "mihajlo kiss", "UC0mv53V7MG7P76XLKS-DxnQ": "mykheL tresE", "UCa06lIqRXMCyxsjJnGD_4Ig": "mohd faisal awang", "UCFm4jfhjTxYCHu4hTj-V0Tg": "msh3loon", "UCF_xhg57asiJMuTIvGyiTYw": "mdptg", "UC8zN_zCXHOkYpTEKslNRpoA": "marchi fleming", "UCKJ0z-gMcAKBudQySliTyaQ": "makayla", "UC4i3VZu9SNSJe8DdWVco4GA": "mootjedoet", "UCwLkijt8HuApSh3-VX671NQ": "marwood1969", "UCel-FcaMlh1PABB_5dDAbvw": "miggy silva", "UCrd694yqX3BanpYL0gQr5Yg": "meloD30", "UCE4khFz3Sa5onK3EVaBRkJQ": "matt hazelby", "UC7ixjCJnZLM_-akjToTGRow": "marty47", "UCKO_5JRjrGpulTJVVb2B3nA": "mrshoutz", "UCu_YfU3CTpfc1HhpEzn9vnA": "ms. Aayoo", "UChM0Y-aUG5s-LFo5JObcZiA": "madihah masdi", "UCAXtA-TydHA4DX8B4Mem9Ng": "moonstruckfaye", "UC45PWd6dk_x9nHmUTEWat2w": "mr gamer", "UCcy1TCQ1_G-_v933bptXKrw": "mattnjaycee", "UCmkbM19_ZsMkaDb1n3Lk7lA": "milk", "UCyXw9e1eC0FaqFDoAH8sqeA": "markas mitkus", "UCX0b8n7V6Bexrf8_CI1oO4w": "mouth suction gangster", "UCB1SyWsC-kbkG8ceggZCNVQ": "mike severino", "UCKYSruza8COYdOoqiXiUyhg": "markyishere1", "UCvrcjW5crvuHe4J0WYKAlCQ": "madi-eliza", "UCpzalh66IdoSQHFjWz2t32Q": "madanime", "UCdI7Sfk3nX5XRVW7OrrDwGg": "mikah rocke", "UCZVG1KHjlnDaSDM1zZ_wI-Q": "marcus liew", "UCWCkIGYgAG-L4b_Gj67cDpQ": "moscardo", "UCrao2He-q9gf2gSEKVqmYyw": "marlon wimberly", "UCt6AlT-2wl50910JES1Z8gQ": "mikecw24", "UCkqisWDe71suzeuxgKVMneg": "maxwellsinfinitygaming 2020", "UC9Ts3mGxJbzNGA7YWbwIFKQ": "maya chojnowski", "UCZRKU8DtGHBMyT1_5wiRclQ": "mikeruck2888", "UCAWN1o2vT2vRRV97bcZ3Xpw": "maricela alvarado", "UCPIxd8YqYp1T5M1Vktyd_zA": "marianne navarro", "UCL3keZyhxF1yCHvqf7KtqDQ": "mzurilove", "UC_0xhd-jPhGDN2B_fuXCrhw": "marinaleemeow", "UCVzC0G-6c7v-jyKeXnGsfCQ": "mark northern sr", "UCCJfoA8-Gfc1Rv9ArxFldbw": "moh vlogs", "UC9Zgj6OcqQxbUQdllqWncsw": "mark thomas keller", "UCR418jXM-ZgGl56xurwpMNQ": "mr x", "UC_bEaSQttlVHa0L__q_aAvw": "mobetter25", "UC1ufCVKSZjMvCnPINiBAHuQ": "mckenna random", "UCbIRy6Tdh8A9V4_S6FXdc4Q": "melanie magana", "UCIW4jtEnMXsHCUoOYeMe_UQ": "me when my boyfriend wears grey sweatpants", "UCr_jGh4jNRPMpWWAv6PspGQ": "malachi rhodes", "UCc_BfS_k7HE118V_FRNlOuw": "maorihuskies gaming", "UCd9PiEEaBATw97Xt-1IKf7g": "mad sav", "UCKEEORA8fQsU6URHBWb7Qyg": "macfacers", "UCGNm4W1fyHh98nCC2Q9vlTg": "margaret neanover", "UCp7cSiGP3F42ucOAGZPwyrg": "markpkessinger", "UCFezZVzhgo-h6DUpItTLEPw": "marshall solis", "UCsSVAES35C_8XTL3FtbLP6Q": "mjarboesdf", "UCfL49R_sFl_xI8vdLWX1AVA": "marielle smith", "UCpToWXxmdDtluHDTCqKewxQ": "mount d3w", "UCD_Qbn0uR5QXWjmmwNJpF5A": "monkeychife", "UC3roWZ5jPe7JUxYR7KzL44w": "marzipanmenthol", "UCVzFl3hHGP3HhU8z4WwMXYA": "majestic1979", "UCbHREY6aVJiP8MWapEdb1Zw": "mike james", "UCGzpBw7NFC6uMXWLW9k_4Cg": "mrcheesemunch", "UC21jM-Ls1w_AYxWEnnUYQ6A": "matt!!", "UC_3PWdXVY9Zf94ZMD6sPo4w": "merRr", "UCKbXIfMugQJY5qemvwm_fbA": "maya and the homies", "UCXVrb3-LBWiAuJyNdg-O4og": "mr string", "UCKbNJeyR4P9L9FaW18flaUQ": "mikgus", "UChHTDIIn56xQir8YkwGrFag": "momoshoe", "UCRAk_5uvLMjlWV2dqd2X8vQ": "melvin2351", "UCzrEvXPIEWttB08yiJOYk9Q": "marie Orr", "UCYhcpSmZoNXlqwj7YBnXcrw": "miriam mukami", "UConUfyVKqteYP9VZgmLoNQw": "ma bo", "UCd36xMV28tsOYpNG9fDxXcQ": "mi neg", "UC0a2aLjP2ZgGPGopsLjvhhQ": "mister koneko", "UCxtg8UFIomyI3c2Ey9ISEyw": "malevol3nt", "UCNZId5M-8b073468SOD8lKQ": "moadtouhami", "UCPMJjsJyXvGW1P8DikAkCOA": "mreo mohamed", "UC3QKB-ZRt4X02-0C8qIuIhA": "madison hickey", "UCOIOWMKu2mR8WRWEBumon9Q": "manji", "UC_QezLcRoR7z6uqI7cXRf8w": "mushfiqa hartley", "UCOCSxJM9a5NCctsrdQgfnjg": "mcm", "UC3zdpy4AC4ysByn5_tdewgw": "mason_248", "UCD8FEd5x1hOnecKd9Ce9i0Q": "mr. goods", "UCBlzIaOlzEe1Ni5P8gZStiw": "mm ricci", "UCqhp4IFIK7bW69DKZBYvaxw": "melorg o'molox", "UCD1oTjZfDmT0giK5DIe4Djg": "m\u00e4rkl", "UC8t5P4m1_LOecgzgAX4QcsQ": "mROABLOX", "UC3-Z3qowGSRMWE2u2GwXN8w": "marcus lewis", "UCx8WQtOwSiNNeQLoeR9t8kw": "midnightniki", "UCMQCHGrG-g-ydJSx2xBjb9g": "masterspy007", "UCfM_3724My77TzwJsQ0pJYQ": "mr420", "UCstaEo4SVIfmPzGsOHSJnBQ": "mexican Perro", "UCMpk-IgfJSVJ1-gf064Wbxw": "mindofmyown333", "UCKeHKPmA18ApmToNauAHPjw": "michaelbuddy", "UCRoKFgU15Kgi7h5yoPw8Fpg": "mrconcept", "UClC4H7PdgKjkTJWJMyt-Ujw": "mystic mungus", "UCZWH5WZbw2b8uQ19aG2Tdtg": "mobgma", "UCtVirdsWOw5oXXhguIZU_HQ": "marissa juarez", "UCbLOKThmXz76txR8clXlALA": "mik 02910", "UCRxAD1YGIbsILzSt4u2-25w": "moksha patel", "UCDlXW7QmXVkh_IUpz6FOQ1g": "music994ever", "UC4eEoZwhtJ2wjh7c7PmYitg": "mallory dagreatest", "UCtFifYgoEqHj8yTkbOMpPVg": "meh meh meh", "UCtbPoUu40i3i7D_IZtx_XQg": "mictlanian", "UCGRki6irfkVeG10OgDYUwwA": "monkey tits", "UCsCeIMaKcrXrwOGfnAH9tww": "maga7960", "UC73RElaVJIbCOYTLxhbv_gg": "lighterthieff", "UCp99XqavQF807ZeC1ti5cMw": "loredana gabriela Panciu", "UCR9YQV2_SDSB5MFDkN49EBQ": "luka machabeli", "UCa5cstcFWmdtVd3VK-QIt-Q": "lh9591", "UCPncT9tDT4JFKIBWgCbuPzg": "lps mavis beauty", "UCYbHDQpq13wp2xDcj0yfjlQ": "lil - potato47", "UCE708FnaboPEsUrjZ1NSS2Q": "laura Simanjuntak", "UCQtCxYoXZ877YElEGhyTEFw": "laken mahara", "UCUcDCV1R9QhD5NNBhVdgq7A": "lj.grand3", "UCBTuNxpd3JsmVscGa6ee8cg": "luis ruiz", "UCDK0Md4GClEnPmiN0Fpbnsw": "lego gonk droid", "UCbxVQOC0DQuDhUZHiJ0KKcg": "lory vanburen", "UCRdjoD2vh8WnqJO9Nrf0jlw": "lucy scott", "UCcr1_5Z_jsjlRk5US0s6ahQ": "letysalas", "UCH3AK4YPkDaNs7emOA4QySg": "lover of music", "UCF8-rEuihJyG7OuawkzYkbg": "lpvmens", "UC_STOqT_T5gD5a_A068Z7OA": "lex vdotto", "UCoULr1IKyc7x8cXEv0QaMxA": "lee won", "UCCbG63lnuAHPr5X4kroDJdQ": "lonely hotdog", "UCrPJIYw2zo2tRUYgm_GrLXQ": "legomotion77", "UCt_AA3tVHdu-ULWltznVQSg": "little qb", "UCXHSeNroPk4Gow2P9sLhQaA": "leahvv", "UCrUG89Dzsnf_Mx1UV86F26g": "lucas thibodaux", "UCHS7ZocYw3_SEQVWazjRxHw": "lifeiseasy69", "UCxWigA5bZ1qO3ABffvfDOtQ": "luis flores", "UC0XXIzepdJr7ijLnxPzPcBA": "leya", "UCCqg7cAvWIj8hiDDn00wTag": "l", "UChcbuj9SkaeCaCAhgQ3yOFw": "lord_god_aternos", "UC_AbbPJypEipIoePd7appyQ": "lolz", "UCa33FxGa34dZLpMlyvT072w": "liam", "UCLCLI5EnvRjlMFrn9W-bUaw": "laura chamberlain", "UCbozwWetIfSLzhUp0wmZglQ": "las travesuras de mili", "UCG_A1laKGZ_9FvpWsu4JzlQ": "lar son", "UCv_ln4TbrqDo5lkNrKrTbiQ": "lizzymol T", "UCFCo4xAMPDFRea-l1_TUUpQ": "little gang", "UCtRGZDILgFNhmKBrGFeZ1xw": "leekedleek", "UCIdYCKR3QrgNdqkRgZc8VNg": "letyouryesbeyesandnobeno", "UCQpP5wtQ3A1Nm7S_mZepMRA": "lexki01", "UCyHMBqDlsdm-0utQYMKNiig": "lepidoptery", "UCC92vWQz4hcjLbbHyqWAhqA": "l paterson", "UC7h844yw1oRxvkg_Yvdm-hg": "leijie w u", "UCKHE-zFofAOh4liCvRqpNKQ": "lageri", "UC8_-o-W84MbdSGHNd48Vg1g": "lim ext", "UCw2MZNAC6Jz5UT16U6IBnag": "lazyjoe99", "UCj6EesylZ0cHZDHs9M2AUCQ": "lugh einsfield", "UC8FLgfnddP0-OXJyz-ckkEQ": "lin ^^", "UCqpVx8pRq7RJChcWpoAAtkA": "lakshalovesgaming", "UCFedHuV3zeR0IC0BfDZalQg": "landon estes", "UCvekzK6JiMr2_PK_TkoxcKg": "lupini12", "UC7YOFUPoekpwoAZjXft-HfQ": "liz", "UCps11_zhPTGRYTZEYg3vZSg": "lorayne perez", "UCvADX8v7eE-DHs-040AtrxQ": "liarah U_U", "UCqN8CH-ZztSNrpGEqICRRvA": "lightningjuniorsuper", "UCRzyvQ0SO_QbCLBHKUTC0Uw": "linksey", "UCjz_RkXsiUqkq_aU7H5qOwA": "luissuazo31", "UCd5HddjYQ7Gna58xCHE1-KQ": "lian valdivieso", "UC_avOCJ1hLkTsq92hdh1TBg": "linfml", "UCFoUTBPC5G_t-AECK3maRBA": "lovethegames97", "UCONlM7MCYureMw1T5R8w0Bw": "lafan2003", "UCXkm5UJUXbSi-JCNUsPCMtw": "lucas Scotellaro", "UCLKBacLTBKGI1KbY4p6ktxQ": "lydia gutierrez", "UCp5QsQs3OpJcVCF2WR5xj0w": "lxi", "UCEr3Tkl7FMshQw4ObD2eiiQ": "lauraine", "UCud_PK4qg1ycBodvaDpUtcg": "logan 111", "UCI3BkDL185AFnnopGE39mCg": "landon gest", "UCPqb763-48caSERqPM5nhqw": "laleterest game", "UCFQK-z1Wr2mJh2THW0EWqZA": "laptop", "UCWMe4MyJcx1B6WFNaK4DVBA": "lovebug", "UC1N5b5qxnUl_C3VGSHQskig": "lights00", "UCJ4zHxyo0PMYz_Supm9tppA": "lele. nawle", "UCW9dmDKHX19okLoWC8RGeKQ": "letate3 Productions", "UCmWEYctVJo_aONTa2LfgNuA": "lollol", "UCrhq41JrlOFMRVVYkbf3yTg": "lidenvey business solutions", "UCuPjDXxd74MAZWx3HBlQP9g": "lisarenee3505", "UCY9tWKs_AxKc12qllu9E63w": "littlemissxflydog", "UCQSgDtkucUXQSRcYnAe1jfA": "lilwill6985", "UConQgxW4Fk-ltHZc1PEUrhA": "logan leach", "UCwsjqNFhiWdcVqXSNegUM9g": "lizard legend", "UC5Q-Fpz8nM7g5-tYVUbKPnQ": "leap duong", "UCJlTEMv74qu0iVVToXo9rxA": "luis llanas", "UCoeOD5flyi33eV_EAnsa1iA": "lukqz\u2041", "UCU1FFffpL5IklkDq1nYlM7g": "lxtteral", "UCsalZIUMHR4DrWZihdog_tw": "lxser_lxl", "UCZAUb6ySzr32D99ZCV8J2Pg": "louis reniers", "UCtculGkqs34lXksosXMDsuA": "leah angel", "UCkta68VcVM5Ry3wEyTIsgLw": "lazy potato", "UC6_s5j0CEhjFfrbxohwhRvw": "laila loja", "UCwBLm_Gjd_O4C2o1GQDN7gA": "luceropuentes", "UCW3aAQSaAFSEi8JdpvohdPQ": "lexro", "UCXUsE6K4LvFESlk01_gcHVQ": "locklear308", "UCe7DfeKN6uoobfKQoTWhjJQ": "lynn craig", "UC0M0vUFMESz-_gqtp54HhLw": "lorelei whitcombe", "UCIJLXip8hh0_7QTopHogYoA": "lsweed", "UC_XdY_otT4aHhcZGg71Ahhw": "lars", "UCLudEXgl9HU-8K58EcxbGiA": "looney toons", "UC-dtNZJcQ_xYtRJLT3_Ua1Q": "lsonorasl", "UCAErBuDduka9CoZtn12zlkw": "lightred itami", "UCpPz3oVH8mJR0I7fg4OoE0w": "luna", "UCqD2clgbWrcILv0HssDPVqg": "lulupuppie", "UClmayueM_0Z9x5LfXWXm0JA": "little Amila", "UCaFrVGHbxjOfsEc0QaIJc8Q": "lester james dela victoria", "UCubNiUNXDyC-xIKRJxKBrWQ": "letsgosurfing 1", "UCTI3HMPGF5x1M_5lrrIxHFw": "lucas parachnowitsch", "UC0ZJ9VpMAjKOOBgrZMUeGiw": "lily", "UC8YSyqpeUbpS5I5V92ucU1A": "loveableterror", "UCTOoh66lpZ1UevzF9lbUf2g": "lali", "UCZpyBVCREdm0ZFdmv9TosxA": "lamont hamilton", "UC3a0956UX59j2aKYwGBFAcA": "lemons", "UC_WQ_tVlxc5JIlDosdtwdrw": "lother cooter", "UCEZzKjkMsRiZkbcswvgAA9w": "lslhlalnl", "UC2juym6fqMrOd90nmdKkXXw": "loganthegriefer", "UCsbmnJvCWiZDx4S2k6qlJdg": "linkswords10", "UCTaCv2EFjinPQPRfvETbHow": "lisssers", "UC20cLx58nXriiSGYuLg7QtQ": "leave me alone please", "UCfQef69fwR2z-JaEH_O7-QQ": "lord electron", "UCOkiZIbn6FwxWcj8GpgOzbw": "le chillin arts", "UCCnkWTRi9iEoJqwsNT2jqdQ": "lethabo mofolo", "UCt0Wrk__975-psNZ8Iat30w": "laveturner jones", "UCBEIVpNlHvkZY-3bsK3KRWw": "cocorocho", "UCWBJPjTQlUviOgR0RGNhDrA": "c\u043dee\u043c\u0455\u03b9\u0442a \u1d05\u1d07 \u029f\u1d00 \u0262\u1d00\u0280\u1d22\u1d00 \u30b7", "UC5JAP20BRJHPtjo57aej_Vw": "cooper cooper", "UCLvMeeMSUmlljRcmg1YaymA": "crosshatch .", "UC6tQVPETXJj-NaM6fiXPeNg": "cute cuddle", "UCOXr80w4VuDcBdLKc8H5otw": "chandra bharat", "UCFVlwdZDQLEkYckhVLGon_w": "chris smith", "UCL9LJK0xgIBixFarwP6Idwg": "caroline", "UCA4C9KnGWjGvtijchL4PeRQ": "carl de wet", "UCqk-usu8j-XFFfJTwbJm8TA": "chatzkel cuddy esmeres", "UC0AuA9pH_hi6uGjw1261URQ": "computer", "UC20a79esUhyvcWzl-alBqmg": "coolelectronics", "UCzms1SliWTnfHqMaUD_j8bg": "champ01", "UC97cpDxQwLmctg_kCuSP1uQ": "chris copeland", "UCrwXYxbTYcdrw3nVSfyfUCw": "charlie limpin", "UCSsZ7yW-pyxrAcYOvIPDSxQ": "coolbeans", "UC1GeYG4b4lHISjfIdaeoqag": "cynthia brewer", "UCvCpFE5Bfre4zfx9Ztn6AHA": "cellphone", "UC62JvKf9G0wRUp0zBmZsdhg": "creeping Thingz", "UCI6qNURicKRBBoqA8YwefxQ": "c\u0311\u0308\ud83c\udd30n\u0361\u035cd\u0306\u0308\ud83c\uddfe\u200a \ud835\ude34\u049ci\u033ee\u0366\u0325\ua31a", "UCf0272rMYB6-MRYV0_3EJ1Q": "catprog", "UCueEfuJq2mIiUr-qb7Rka4w": "cyberwalkerYT", "UCJIAhFVB8xSNaThcmdtP6AQ": "creeper izak", "UCLD7GVye_3_1PrYMBDUavag": "christiane Orzschig", "UCWCQPAYyzK5A4K9XAgmkZCA": "cheezwheez", "UCKhWVXsRswvP-ekcu8GoDIw": "charles farrell", "UC__TSteObwOyJ6P93coas4g": "candicenuts", "UCYteGgIdwS2f1TWA3tAxbbw": "chapman2001", "UCI3w7uiSGqTKUGBlMXIu3Bw": "cosmocrash", "UCqvd4x7Pmo1UP7XHtq-D0lA": "carrot yep", "UCfvei3nm4o8Eql7wzi9FpFw": "cdfv4", "UCXaWfRdXcEdfJcuui6tmstA": "calaka 388", "UC53UyE6Fly_6f3_sHREu1mA": "clancy", "UC-mX6VGQ0Q8Fip0H6WOs8XA": "cane", "UCKl_zwWOpIUHphhxS4HvGQQ": "chaine", "UCMXInAFXql42C6UIso3zSug": "caster", "UCzSvffl3FOKRpGHrDYLr_0A": "carl wheezer", "UC5YS0Likn0nyalxFZMIjL6Q": "carlos rodriges", "UCWXK4L35u7wXHlTdOdzH4JA": "crisbella Bazar", "UC1IRS42Ftt9AM9SRErGPxFQ": "cristy_maple", "UC-ag1M_Bl8uFG9GyNMrbYtQ": "coolcat x47", "UCnbYrk4Me99biT7wAZm6Tdw": "collecter343", "UCRK_uykwQ6mN0-zF20rLnGQ": "cpuburnout", "UC-ZIEwswostBGNoIIzdX2xQ": "cat jay", "UC16opeLcVyPjhsxEw6YwZjA": "crazyOscar1234", "UCwmEQlaYd_doZgr36zrAy3w": "cheapshotninja", "UCIrswmjiDaBfXfZ71sNjEtA": "chelseatheblues1905", "UCkKylAPL3VnJ-mXANrJu5bg": "crispy says dow", "UC2NBdywi3NrSO6I6Gs4Xz7w": "crs", "UCX_4qkGnOaG2YdUPF9g2h8g": "carlokrenzelak", "UCFqS8-9aeWlTui5dW17VPrA": "clips", "UCZ-YlT08V8BoXdfjnv3XlmQ": "cathleen kasenda", "UCYLdE3XaJGqPcVLIN1jiNrg": "colourful skull", "UCUyrJgr4AeSf9_6dzSneZaA": "commentator", "UCGT8ZvLMJU3gyRukPO65n9Q": "crab", "UC9OCcqIj5Hs-FtryId2hRNw": "cc cinnamon", "UCJtxISXad79_GPnp3B_n5Hw": "chickenalpaca03", "UC8pwGJlbpl2Zv2-k2DgSvRA": "cl1ent", "UCcUHXtiBqZ9YAGxp5kddMkA": "copper'cats", "UCB1qz2bXaoLblNGlue7gf2Q": "chiyyavaram Satya", "UCCISHwcDtTpTrc05n3qcxRg": "carlos castillo", "UCbi6s_d4jZDtV4PZJBNpNZw": "carissa wiesenborn", "UCJOfwQSwHt3cYqIXlV7ToFw": "cyborg fleegle 2", "UCWNr4BlFp0U5aif4hIaX8kw": "crunchy_ crop", "UCx_qKpHtl8vBDBEqRfzkb8A": "carlmcblox", "UCtEieKxzDdLth28ij_LcBYQ": "cracked", "UC8mAp-cta3Ob8iYNdODLEZQ": "classic life", "UCcUBWSyjW8ePxfJBFpk6NFw": "cMaC", "UCpCkwxMrlZ8PQGR4Hq7aZRA": "caureum", "UCuKOCx3E-7XfWu_1alHldRw": "cool games", "UC7O5fdJomjFwy5XgQmENrdg": "clarkekrnstns", "UCeIns1KzePkAqC4FFRGNjDg": "cryptsub", "UCJtDyvWhWXv9LWBlSzpZyng": "ccmaster235", "UCTC6wwM6oukI6tw7rC1qFXQ": "chrisa88151", "UCQ_j2Al24-vavCis0AJVztA": "carjelgan noseimaj", "UCQL4Dla_nHd6Oj_4_3IQqLg": "chapel976", "UCu2WokXW5Up876sNQSdOG_A": "cMarcucraft En accion", "UCX-fT2mG_n9lO8I9J0khO3g": "chayala nachum", "UCa7UZ37tE-L-swe6FdD1FQg": "charles montgomery", "UCkeVrTFRraVgbfVxndnBq7w": "catt1003", "UC_BbqKFHl9azVEgUD7xODqQ": "cris studios HALLOWEN", "UCgCn6mggctgBdiLJkv1SuTg": "chiaki nii", "UCQkeJHaEHvxITaNwSbHjhfw": "ccRask", "UCAFwSk6znPc0S_yASmqSL4A": "chris s", "UCEhOtJaC8CmLIos8Ge2Fu6A": "cazmodragon", "UCuzwrkWubOm5K463MnvuWRw": "cash carti YT:p", "UCF_25Mhmc0XxLUDg8gYYijg": "claire diersing", "UC6ciiHlDJu7co-FShe6PZzw": "curse-ten not kyersten", "UCTqvAps2aVQdrUdH7qfeieQ": "chris", "UClAIu588CqO4I_Y85tj1RKA": "cherrie6868", "UCW0CHSgYJfdiNJOLpaD8btg": "chae\u6b7b\u795e", "UCSDTQeLd9jNWbboQDFustjA": "caiden forster", "UCi7VR1X3URlHF4xwhSvtmDg": "chatzida", "UCiv4wJUhcoJEa6bXAtYIIrw": "clint Jones", "UCV066pAJe1hRDxMfQCo1bog": "curxing-", "UCWjLar4qVu0yRIgTPKDI48w": "crazy kid", "UCkfUM-BhFvPlP6HklNippjw": "charvik pathivada", "UCI7QnPdW7BZzUxJnnic4LIw": "cinta ramadhani", "UCUWy3EZlDh9N5bHxm9L-XuA": "cjmorere", "UCjuxyTi8QFloX0zZQbZpW3g": "chube", "UCWpE3L4xB9nDn1qMsIAMO3w": "christos markopoulos", "UCv0sRa7n0aF7f1y2wHQnmCg": "clay jack", "UC_8FjixKDCH-wMJTWCerfUQ": "craftsmanm", "UCIUeR7tYuSw9lojJn48PbjA": "crewgnutt", "UC_MLfT2jqO9i3vCd4_sJkqg": "chinoel Deejay", "UC-Mqt40VxWRxipil2Isaq0Q": "caturiges joga", "UCQDO7ckeWxxaEQ5YKHn2bPw": "citrixman", "UCKCrFChh1NfF091WFPWU77A": "carlos gonzalez", "UCbs1R-mqXJzmZqCJMYpJgeg": "chyll", "UCapjsPBLE1dVk4Q_SpU7RRA": "ca na", "UCYo2WYyigHztzG-8onkGJ8A": "chrisb", "UCne_DvGSTmB3ZzMF-BkMh_Q": "chris wegman", "UCGNp0UOydaoM661fIDtPeUg": "care dragen", "UCeCuvSbStVLBm--R4xSs5Lw": "chanise bailey", "UCK5RQo1Txl4GkW78R5k3ljA": "colton williges", "UChjIyYaTJ1hpVw1xSNy3EMA": "chambo chubs", "UChJspq7zdzqYjPLDmdr3Ueg": "chill", "UCeQ8408zkM75mw6O91BgV5g": "cwtrain", "UCXFhoCv7e0BbXE8gYIiZcIA": "char char", "UCepPIDXg3L1pvJiJ5uRLThQ": "cloudy", "UCTAbsTOajQ9pq3XgpOxRbkA": "chinnowah", "UCsZpUmsQePornsoF9adBm1w": "chloe king", "UCMpQRvQVfRZCZyZMf35pOUw": "ctc149", "UCXZ5wNbRr13GHsyJ_w5SQew": "cool brother", "UCatJlXjssAYqo6L1uh50iFQ": "charabeth", "UCBEl9sH63rMrZ1GI24PFLPg": "cinnamon girl", "UCJyyD5hQ5VuKoeP1Jg9oR1w": "christophe Patillot", "UCxQcR2z9egMdYQOMT_L3kxg": "chaotic kpop fan", "UCk_F78dLsxbyFyDLZQYr8rg": "cool1503", "UCFwbMOYLdjvx196D0UfIuXA": "chxrry", "UCePEaVA3FbQPUXX4u07t0hg": "capalot 1400", "UCAML2GeRPh1jYpgjLGaN7jQ": "chanpon", "UCQ1kJRiiaA_ezpDuVth0PwQ": "caitlin marie reacts", "UCXH09fS0gsbrzrZtBHa_vEw": "cohen / detective", "UCcVPZf0GrZGUw-GPl2MJlXg": "curtis jones", "UCfRAueUZXZTcgLAM9a6InZw": "charlotteshimmer", "UChee1mxJaYyMuEWehYgi2NQ": "changemeansmoney", "UCDqd1lZ6uOU_filgmAvFNow": "chipsthedog1", "UCqln4R8zloPUU5wwuNzTrKA": "cZcheeZZy456", "UCz57TGAeG8tWvjhWRLnQScg": "chetan jaldhari", "UCxgzJCVscjfn5CW6ACnO-uA": "crossfire081771", "UCcu5-maMLoxeoHySKS-5tOg": "chris johnson", "UCf5y9TFs-ozWMEf9YsbMt_g": "con", "UCcqNZNC6voB_mqNlCdJ488A": "cheesy productions", "UCSrtkcrrbrYQpmnusDExqBw": "charlie tv", "UCogOZ3j5qnUuDa1IS4oPDog": "collin341", "UC5jPW9DIoby5ZgV9pKTpv9Q": "clumzycore", "UCtfmKZzG38JKabKFc67ayfA": "crowded crow", "UCWVoRHjKFvFEgP6aIY-a-JQ": "coda creator", "UCSYS8yHe4-W48iS6foXF0zw": "constellationpegasus", "UCYPMHN55dfwJNHBxIWiizlA": "cat unknown", "UCWl4nUdTuHgkji3LtwBO3gg": "fr0zenintimeee", "UCA34kGw73T7a7awZpnfeuwA": "free speech", "UC-S7epIPMQP9LexmJzn5WeQ": "full time", "UCB_5x0YPpA_LcpHlq_5_Qnw": "francomms", "UCQ8x6EpghrKUJNI93x7WpwQ": "fanciella mylove", "UCcmhqm5_zWPbb8qGXQjFRlw": "floo8", "UCv8Ou9QweVD_3negmHqRwSQ": "forbidden_channel. exe", "UCLD3n8gw50uI109yH6O1JKQ": "frenetic vema", "UCrxOlsz3jrFP2U5JZup2MyQ": "foxy gamer", "UC4NMvBkG6TeBrhbhOo5BuZw": "freaky-Deek", "UCiouLVFy16ONfYdidVzJsog": "ferrari3098", "UCcTqB8nPoNHDBS33Ax9MzFA": "froggy girl", "UCFQjfXidtpCDtR67MZJ65bw": "franco wtf", "UCUa9NCusQTvna9eALbjz5_Q": "fngf3501", "UCpa2e5Qr6X3e9YgCf0E5QVQ": "fruit", "UCe4Lt7lS43PIT9n5EioYmzA": "felixcatnapping", "UC0qoK3Jzu3W4ZqovCqSd8Jw": "filipo vi\u00f1edo", "UCz5N_oxRz9EWrvrsxMBvGyA": "folumb", "UC_UoUHkezT7SLGnzV_0RkbA": "fraz ahsan", "UCfhazUFYoT_AnXbwzhBjySg": "franketa76", "UCx0RuF8uY0zz0XklMkw7orA": "further bound", "UCRVqsuwOyforoK19464fSxg": "feonixfox9", "UCW_QSyjmKkwSF9xM79NUsHw": "fcfdroid", "UCWiS5ZDS733pdZmyl7llWjw": "friddilly Ridley", "UCoWQTFAmPEgt31gInMlDzmQ": "faboo2001", "UClJq7Yvzr9LZMYk0k5KeYxg": "fruitys do stuff", "UCTgG3ZMLRAlkruuJzY_p39Q": "foysal ahmed", "UCWm4GfWGuXu0wDkjqRODNTQ": "frais", "UC382tZL2tpd8mK9fabNhIBA": "f'Azhdwol", "UCDj3Q57oMCDYNnsqr5Swz0g": "fakebanks", "UCAOVxxJD1OhNJLI1zPS7bvg": "fortnite boss", "UCqH02Z85c8pJZZGyP1XZnMQ": "father please return", "UCUG4f6Tk6CDGzVlHNHyLPUw": "ferdinand awn", "UC0DFJb5px7OXch57vQFvmQA": "fine", "UCDHfZR48vdJd-QBU7ry7e8g": "fer", "UCzxSm89ZJZm5RH0K1MJcqPQ": "fox Egypt \u0641\u0648\u0643\u0633 \u0645\u0635\u0631", "UC22FOgmZA563wggr_qv5GPg": "frantzfanon", "UC7y9syfcCfcjOmwtS_uwLAQ": "felixyphy", "UCSHxjobEvcn8IFpI3Wo4Xvw": "flamelily", "UCKyiXf86chTKKJYqQsENWeg": "freedm7.62", "UCCpOOWqDPqm4nqU6FlMqB6w": "fireking 05", "UCRWSsWlTEWxbrZVtdEQRckg": "film-makergamer", "UC_lR_qcX_oo6ReAusy-gAjA": "fraxb nezl", "UCnrfUVaX9crEn115dJdu_ww": "fernanda vazquez", "UCitmnbnzH-n3c4mx7rR6DIg": "freedom789", "UCum08e0Z_pbJkbuTjwCMvQA": "football8897", "UC90z0pTYmgF6hnfJqxKPrDg": "forever peace", "UC6eCnR_SEuWFQRlEO8X259g": "frut snacks", "UC6rkJzbFhSfKR2fgtZ0wo9A": "fredbearcraft", "UCgvFea0_m8l_VZH6mXNM3IA": "freeze fm", "UCDVyUacG3AnhUgkM3puEtrw": "f f", "UCIvnus9pWDvwA42ZAddXDkA": "ferusaurus", "UCrGxSUB7qioH0gXpin31QXQ": "fana bot 404", "UCJagqlEA5V7gd5D0VQ4YziQ": "fabian cantu", "UCIWK0Mav85oU4_-HHAdawNg": "fallred1991", "UCemPJToL2AKv4igZNi9ESrg": "fatima sefid", "UCny5jsk06f3zSz2pRJAgCqw": "f f", "UCCM9zMry_vDWeM-SAwgvuhg": "foolish kai", "UCPOZ5L9-HODvhdzC3_PMIyQ": "frank ferter", "UCwc2Y1M45UD2Z-uIZY5iKjw": "fatima saiyed", "UCBpqqrun4Sd5OktUGXDbgug": "fitness cafe", "UCIVESHj0MlB09j8R0RdS9PQ": "francisco miramontes", "UC7CaQqRj9sTLqLE_1vdFnJg": "fahid hassan", "UCIzggedWiNwWSg5Q2nVCyaQ": "feet", "UCFTnT9VOG9d5ZQbTODPvyLw": "flappydat", "UCDDVLJomomEZpcT328_pADQ": "funi", "UCbLCP9Ya-kaliioahJrxWsg": "franko skate", "UCuCx6kdLU0bJ1ml-75CDQNw": "fajar bangun", "UCcPIYJohG-4OtlOL5K0Xvcg": "flamewave64", "UCmpeTO-fzqep5HQfTHZxi4A": "feyza yasamsal", "UCeOxc3-cfuRcTg_SzKm97uA": "fred6059", "UCccT9_ajJN3u6s0cTmsS2kQ": "freddies and snoopies gaming", "UCO2OcqkQt_u2Kx1FnN80FpA": "flo rida", "UC49RESAPQn_oPpBIBj6u_ag": "frights", "UCZvWurbUkVDXhRCNrCs-aRg": "french frie", "UCXrdSFDwjyEZaj3hIHbj42w": "fried4", "UCZLI36rtErd-13medXMSZsw": "fun stuff", "UCK04jgIxEE0jJcBgEB2sOEw": "fae!", "UC-xWPuTj5m1LQGdEighGjag": "frozenaorta", "UCF6t8J6EyyseKNe6Vnwv2UA": "froggy", "UCNfjhr4tkQ5n-uln7D5Wb0A": "forward momentum", "UCkGCN60mpFnCfIYnd1KdtMg": "felipe 458", "UCBgjfELQQx-vN8YHoprE5EA": "felix mendoza", "UCQevBggSdImRsYNzVvA8XhA": "fuck fuck", "UCRJ1h_RneVKBuu6WM5SKB1g": "f a", "UCynRpbSFzkgnZeS1Ad2aLbg": "fck stfu", "UCvADLDavzJFpaHjtGUUFNRw": "flamshiz", "UCeRom9J7YOEdZ-ZXjHDSmqw": "faureamour", "UC7_4NwEsFwumF9ENkiRN__g": "ido udo", "UC-og7Yl6HrmJRv13Zo_M4Zw": "idgafjuslisten", "UCEZDYlkeemk18gqTV-JNESg": "iknowlinda", "UCzahZDcyb7N0G5iJ-P5nFyg": "indomitable reasoning", "UCmIjmAM3i6CU46fANopNXUw": "idk", "UCaGn2lLgAESCUmPXYmEKxOw": "indiechic09", "UCuBQxOia8TzxuxuCZjXObBA": "ispeakfangirl", "UCJLFfgcAm3whd0johFmyZqA": "i really don't know", "UCxvbUMh_hw715nUXCrHE_zQ": "ian rietveld", "UC-z9-zxFv93Idke8rXQhE9g": "irishred081375", "UCX6swQYi7BEZVj3OHeEBkRg": "iPlayAdCarry", "UCE8A_Irc-1NfwL78sms6faA": "iLupi", "UCVpD0pwvVEuEM9Aq7TnaJ3w": "iKing.SixTwo", "UCBnie3Gf0VgeDEkBsx39bVA": "ivoscache", "UCQY5c9DJPjHZkrL7GpylpiA": "it's Me", "UCLo6XVchqvreQd_7ErervcQ": "ipurpleBTS z", "UCCM9grrQPpcFKD74U9q-ptg": "islamo sallouma", "UCsxFsv__N8YWmG3uzKdsZtQ": "ieatdogs", "UC_l8WyjQovykPJzFQ0SEhaA": "illdee1", "UCDsgN0pcqYQdQ17eJ9Adjdw": "izone's hoe", "UCY-nbsA94LfuRFk1dPQG0pA": "izuku midoriya", "UCfGAVzbieogcAdiMB1Vzx6g": "iluckybeuplaz", "UCCEo8mbOpEI3fLEpc7DfXPA": "icarothomas94", "UCM9YVhdbEDEHsjcsr_HCwqg": "ivanterrell", "UC-P3_2ayNdcxKkAzYrBHkuA": "iok21a", "UCu1QKZGVfCtEHZV-k160ClA": "ign toxim", "UCvdhz9Te39HTpHLioEZ1i6w": "itzyogurljade", "UCi1lUpXTwFSG1ud8nwo6LMQ": "i like cAKE", "UC2GdX0DOr_B_rWYLmx9o4lg": "iluvcats2", "UCXDndejky15fHSDnT2_OzAQ": "its2three4", "UCHNKFZNpX-2oQ9oKr-A98dw": "iJay Rizzy", "UC_WMB5HT0vjTeI-S4_WF9eg": "imagery", "UCo5dMDJ7JxO-Dtlpm6SmqFw": "internet user", "UCmR1rdV2RH1YDaOLCxXWPXQ": "its_231 its_231", "UChNIdqzQJ9kuDRnEpdVaa_Q": "isacc brown", "UChCbcbgX1_jE0BgM-Y04h0A": "indokarasan", "UCPsQemPnqaJAEbWpn77mdCQ": "iron boy 2008", "UCLg11POUEK_Kdc37Of00dPQ": "idk a name", "UCQ1Fcx9KLDi-HeepXIFEDxA": "icefiredragon94", "UCUPWkQweRRsh33ol-ZinebA": "iPhoneBreaker", "UCJHeSP60y2lejKdowjF2O-g": "ikamfuey", "UCKWDWqZCg2gbfPsyY8QtsCA": "iAmWilliamDavis", "UCcJ-wdhQAeAjioTfclPiD1A": "iTheMooster", "UC8Hr936mIWggavqD24hnPtw": "iDontkissBoiis", "UC8tPCigbcCSEXGFTc7y52Gw": "its lexi howyoudoing", "UCcQaO6UB8p7nZ4-Sy2-7mMg": "itsmoonlightgrnde", "UCwcWL7I7FTwyPdemBGp7y4w": "izzati._wasfound", "UC1PySSBLPXePyND6wEbekdg": "imWiinter", "UCp49hValJ-O6kJQMHx-zi4w": "i aint gonna tell u my name", "UCvoXb1qIuyITysC0fxCcpPA": "itsvoid", "UCD6NJXOtgEmZZjdLweqbO7g": "its deepth\u00ef \uc0ac\ub791\ud574", "UCtPpf4AOImiFfGpUQHs2nhA": "internallogic", "UCS-f5egAau1_2I9eanMcVNg": "iradook.koodari ?", "UCjk-L3RmfUUUzUnadzYn9mg": "iiAmeliaxTofu", "UCbbGJhMpYtgWGbmbI-wDmhg": "immer zkey channel", "UC0gaqC9coRylZ2q4PGCWA5Q": "izaac_thebeast", "UC_jb8rwxgjj-0P_FttnYemw": "isha malik", "UCIVpMp1WFGbbuggsYFrAAhg": "information not neccesary", "UC57DaEWbsgaRyW1OhT8uvXg": "ioun_qt", "UCN1RbypualYTOAMcBBGuspw": "infinityproductions", "UCl1-DS8TAtZY-6sidMI4f9g": "i.c prod.", "UCAvVr8svVfBXANFtpEpac-Q": "ieath0twheels", "UCORvCe19OkAaXlIcG4oadGQ": "i like to sleep 10hrs a day.", "UClx2IZ2rtJ7bW-wUVX29WJA": "iStormYT", "UCRbQsqBqhfOAZJ67WspH9RA": "inci C\u0259lilli", "UCa1gghS_qGNLdj4sQhP3sbQ": "ibaxterrwoof", "UCQ3syfJlG8t6gmOYNpdxyEg": "inf blox", "UC2wGx5RAOygcUALjK1vd3cQ": "i'm always hungry", "UCqtySuvfwHEQyeoLwCKMkxw": "implyStrangeContent", "UCfzGPSJjHVa8x9jS42dARNQ": "isaac eve", "UC_gKM8-5l6pFybX5_zohS6Q": "inchara k", "UCTMp4IAIizNUO9v0OVEjJ5w": "itscience", "UCiPGlkVZCk6hgcQ2zREXAZg": "iamdalibor", "UCT_rEVjxhg2-5cHnmZY9b1Q": "ivar sandberg", "UCS8G_fppF6LUx2KQMXEcqhA": "immcintosh", "UCLT9EpVtOB2Bw6_NXCUMrYQ": "ili nabihah mohamad nasir", "UCY2wCzLTgZZRa76IvIjJpGw": "if only", "UCbPgudm3BD6vPyXs_3KFEHQ": "invisibilius", "UCsjqln0z29-oXpt77kjslOg": "ioakdeezkasdfiu", "UCeU_pRaJ9yz3HfmKbZaXgzA": "it'z cookie\ud83c\udf6a", "UCUbS-B9te1r4KfuvDRqQWQA": "itzcahd", "UClYtRb2TuJFQiUoukcX3Ogg": "iFael", "UCbQqH1wuZBKTrndqdOWei4g": "iamm sarah", "UCRsfx6qh2IBh7dUKhBxaarg": "iris_isswag", "UCCFM0cMZxQteD8BBbkSByZA": "itznerdist :p", "UC7JmkQCP7O-Am95P6z8WcpA": "iT IS mE", "UCcWYTwfOy_j_ClElU6K7lMQ": "joecaragoog", "UC5KedIZVrozU20nWPGQTqug": "jose jalapeno", "UCW-0-PrOLFCaYsYlHlq7tqA": "jacoby simpson", "UCMLggTWn9RoU_q1dyN9Z9Uw": "julian sanchez", "UCkAe97HetCcXfFVKLlN5PXg": "jlo juan", "UC4DSVdPTgrSZEDrndRD_zNQ": "je SUS", "UC4LVG33XktU1Jj2X5y3Wvbg": "johan mprakash", "UCfLi7uQg-PMfSPXNQic6ECg": "jiana Parikh", "UCs4rgXc3NZLVPYgbyHYEpRg": "jason ault", "UCzXh9In8jVCo-jTFoS06W0w": "jony quiah", "UCfVnlJdF2hS1VZU0GxhK9wg": "jaylen johnson", "UC9ACmObsZ63hYmb8-m0qXnQ": "jack stam", "UCfDCDIhVcQ9u7_G3VZ4-6ag": "jorday40", "UCvkzasvBvaIghFnRWZfvB1A": "j,", "UCuJwRPMvCFcWEzVT1C1moCw": "jocke berg", "UCAK5s-9JgF1fvZ4Lyq7CqEQ": "jrozai_Gaming", "UCYtsvAvR0nV8hmhMg3--8JA": "jasmy company", "UCpCIhogcrvj1rCixXfx0H_w": "jhansen610", "UC1TDVworsM3k7yCZcAlgV5w": "jephry degamo", "UCxvdoW7SNGA9z8DYnc1_58g": "jan kristopher arco", "UC_Aw0Truy8ljusk7Y4aZE8Q": "jerrylight", "UCZXyTY9eUQej8tdTsNytGrw": "jeluMINEreality", "UCgYDqpBZMX9mUH1x8wMQuRw": "jotaro", "UCq1a2TdecVDFcWUt3IJGAtg": "jexus", "UC-FRfOOOkcAGHWSz0sBhgYA": "john burt", "UCVxufymUGNK23mTHjyEmDHg": "jon skitch", "UCfIqksZrGakMslcIGgrGdig": "jennyredbeans", "UC4hizJI2JoLjFwHV6hvG_mQ": "jasmin5689", "UCYE3E9EAF3-FcXHcUfgchuw": "jiv32", "UCFjzB7UwdB76N_skGTJrQnA": "junior cenatus", "UC94dpFEvQmZSukeZYulsM_g": "jejsmerfnosc1", "UChWn3v_UJH8UW05-Ck728iA": "justSammy", "UCmtyEz--7u2baETqPwCVcow": "javierh35", "UCcJW14D8EMh79_kLOiZgVrg": "jake richards", "UCh6gq3SXvCBIAwfXD9yudYA": "josh pro 121", "UCSNSojCwzqFse0aNFDgoZkw": "james shinobi", "UCmrxMc1w2l9AT5SYRaUAClA": "joe quevedo", "UCZzAJyatp0PdRd6hpLo1QGg": "james cox", "UCYgrFDi1OwsklsGeYmxE3JA": "janeve castillo", "UCbnaO78xU7KlfvqaO8QMw7w": "jake augustine", "UCRapgrPMXBFPnI7P9Doaang": "jann xander balderama", "UCcQ7CTE_NWpCR1HYrMQx5sg": "james montgomery", "UCmf6ozARXguSeOAIJR51GqA": "joshua lawrence", "UCx3gdvjsrVZDSIe7-OHLdqQ": "jnub", "UCkLYvXbKvxp2xp78KCXh0Jw": "ja xx", "UCY_FEvay1seAeb_ke3JscIQ": "joana 1996", "UCPcz7fQ_Z5XJB1UUvHtE3uQ": "joshua kim", "UCZTCKi2A_CL2MtTvI36mpxA": "jordan pippenger", "UCnxzrENIaZ0pM9UU9LEftBA": "just a happy face", "UCQ486XHSZBgsZzGjq4MjlsA": "jung cookies\u2661\u00b0", "UCzAy1HfsCmo6nQXTEBYC9oQ": "justaTR45Hgamer", "UCb3O5OsVTxO_ahirP-0VH2A": "jakeanimetor", "UCX0Xjaqx9xTRLJIEBLSxCHQ": "joao henrique ribeiro", "UCs8fwgQD_318pHq12d8jIsw": "jorge espinha", "UCDkZEYC-QdmfXvKaSwFrWmA": "javier yst", "UCyxvj1wOsFL2YJoFFQ8Pbyg": "jane falsa", "UCYquESc8Rk-FoRbK3Gkezyw": "jumi060", "UC5QZTHQdTEZJIgLhpWUTibw": "jaaro `", "UCdQrhtvrojOYwKJ0MukCWew": "jmccvalentine", "UCvQg6p0MyFRnZOxFkupj7Jw": "john cernada", "UCJXUKqect29n-hNQF60WM9Q": "jxa66", "UCa09BE86_n0FgR9Zb8z3HMA": "jayapradha k", "UCjoBXmOlStc5lREW82BmF8A": "just some guy that likes anime", "UCbUfuiMeBgmb7DLPOqwlW-w": "jaime smith", "UCiRUR75GdjiDR09fBxxzkCQ": "jeffrey lockhart", "UC37EE5WzBpt2EWzrfC1ZpSg": "jaye 125716", "UCOYcLgr2NCXsrweEVUz0q7w": "jello", "UCYQfb5BmRn93vOHjLa_xS3w": "jack h", "UCA8mpwR-RTSONskxvFd9QyA": "jazz4asahel", "UCUyjTwFMWSZCjdn1-FgMHHQ": "jake torres", "UCErxT2Xxo6UA71C0UfPbTJw": "justincone777", "UC8lzviXLhfdXLkIEFEQJaFQ": "juliana and. janella. and my friend Magbanua", "UCdC9NheIVZAN5R8keaQXlhQ": "just hayden-", "UCjuiUOw11LYsx1Y21rPgDqg": "jordan wilson", "UCd40loeV5VCFtKhuXoX9Inw": "jhev gainz", "UC2X9Ajj8ZBU5HYNzJGwn8gQ": "jose luis martinez flores", "UCpP-rMZxDeIS9VGGa4XqSbg": "j hi", "UCuxm2eRQnQf_d119RIYcNeA": "joey guillory", "UCHURTmnIFcHFJiYMUCEzbQw": "jack koller", "UCiAYLjCTk61Q8TI1_WGHRYw": "jessica lynn", "UC53yRyKTcb2I4i3MIM-H9QQ": "jack chase", "UCe7w6T7PtWI4GnYIPCdpCwA": "johnny45", "UCH4UE3JwmqmzgeAOsDRAwdA": "jyh\u00fdvg?hghhhhhkl", "UCNGvM4oN1KxkGvT6B7XKYpQ": "jemma phillips", "UCC-XO09c_z6h6TGacgtkOuw": "jack", "UCj2G8T0qcapyaNrCsoASHFA": "jordan pook", "UCXZY68Q8K-4DNZUwmmdHLXg": "jose Santa", "UCIuyAYdsoTzB88h-CBVl3KA": "jorgeloxius", "UCuVz4_DV2eR0C0ODNuU2SgA": "just NOVA", "UC8wvbKPhDgBcG5D6IFskHEg": "john wick in YT", "UCYV-PONEogrU0IvMozJEr1A": "jen monami", "UC4e57rYeBBV3zZUo7ZHUzYA": "joseph Ben Israel", "UC6VZwtbKyjzm2k-MPT45W-w": "jay henry", "UCsY_vWFzufTgPSvTMnFF-Mg": "jess", "UCzFjjgKSK2umkxUO-ltxX_A": "john M", "UCpcntIFp5Kahok-nlOOoQaA": "joey donaldson", "UCmsukMD8mRvy2E4QVWkJxEQ": "joegdx werff", "UCdaneRwose7W2fstb01OeDA": "jiemar padaoan", "UCZUiA1ffKn4qowlmMikDefw": "johnthan pepper", "UCblS7FPZUCl9xj9l-Lv16PQ": "juan gabriel quevedo 2", "UC_LYdQ4p2CVb4vkeOfATXMg": "just something", "UCeKZnThWkKT-6RhEz4q-XrQ": "justin wu", "UCi2oSPtwbmLoUnxpjfkBk1A": "johan cedrick jayara", "UC-fG48kYnbsBiWW5ZTE8aDQ": "joseph bozarth", "UCTpJFC4IvM29e6pMsXzCrXw": "jonny96", "UCmcovfFb8JRdyRFiLVLviRQ": "jacob12s", "UCSx94o9UUDlLlN8K6p2sRQw": "john dowe", "UCPfiESBabLP4k7_gro5V3sg": "john doe", "UC8NsaNS8iWEzkaJW8ALjzXQ": "joe quesda", "UCscvKl3OXhepyrWRHNKP4ZQ": "jast dil wit it bro", "UCQCf7OoIrmwfeqSA4bYWk4A": "jstarmason06", "UCJTCechv_aBO6GkBFpVsmrw": "jayarsenal1981", "UChekOQyGt0folWuLG0qM1mw": "jiminjeong \u00e6", "UCyDUEoNbRKde1URKxDSZN3Q": "jennjenn", "UCNhsHY2B6CmRVUH2pFjmrgQ": "john paus", "UC_ICUr3992uQzL6dIDrpHwg": "joshua sutton", "UCIcxT3FWHahrAat4RTQkb7A": "jijel", "UCbWSfJnS2nztA1F0Nfadk3Q": "jojo-jassim", "UCh2VeaGbi38U_2ziV91jWdQ": "just another guy", "UCLWd7KIcBPb06qzdKMHv70A": "jdawg3712", "UCiHM2Sv2SidcwSEgyAdUw9Q": "jj18057", "UCg3UckuKwGgNj0bJjLld5Sw": "johnmark richey", "UCC-cIx_jLiLutL3Tfje-IBg": "jetaboveclouds", "UCpWeqoJd1otYY8Y26-dDqpQ": "jager streak", "UCxo3VIKz6EEud71jzyxHL7A": "johnathon darlimh", "UCKakoKuO_BZ-LIQKwIrt_hQ": "jonathan murray", "UCpCIqaSmayTPHxasU8WB1pw": "jacob thomas", "UCtMTkDp5wyk_Hj5GhBGfVHw": "jack robbie", "UCt7-JP-Cs0Qlqvsv-wzC-aQ": "jon pin", "UCeiSSxXr-hd5A_vwTHjfVVA": "jonathan94fresh", "UC5dwdw7GTfbSe4ufnSlAQgQ": "jimmy georgiadis", "UCryuFsbcDXO1RsVBdWmJ2yA": "janek gwofatki", "UC0XVgJ9FjnRst8SSkZxgf3w": "jam dog", "UCciyUjfj9mDtbHXJgsDl6AA": "join the fist 10", "UCgApd14ywJb8XsTHtKZ_0lA": "jasmineismyhandle", "UCtTIqrwab8GtBKz19BG_w3A": "jjviolator", "UC4vsa5lYR0M1IvymoaeGclg": "juriz amistad", "UCTah94mVZwGeuYzjuSzerPw": "john thor", "UC6lRXqkFA_yvVSfsZwXlRKQ": "justAylin", "UCLvI7nYQFe0pO2dHDH-E8Kw": "just a viewer :)", "UCybTAE1ibWReNAStPTl_pWw": "justshera_", "UCESIUL0TXEuAKwhUDsFLPqg": "justarandomweeb", "UC5bJuLv8soT6GPAHZ1u84NA": "jonacreepy", "UCNJJCGl2-3FvURV9oTuhPwQ": "jago da rogue", "UCPX-Q9zxNvqK1OFNqFDQUkg": "jean012", "UCG1aQ3nkqBUrRaIH9ayP4yA": "juuy lee", "UCwHgwd6Hw9uvhC0ngh7b3Kg": "joshy the hand", "UChHkeJ0I9Xyep1P3zKhCZbQ": "junkeiryan", "UCXgBuMJ5uvewHsxoOYRHzSg": "j0epark1", "UCLbBQgjj6YJL_0hDaa0AAXw": "just a gamer", "UCuPlX8cymf3KkRvymaqjWcw": "jo613able", "UCzQ_K3wibkMeg1CgjsAsw0g": "jack Rabbit", "UC7rPoDPTJMbN5SBd0MqOs1w": "joe papi", "UCoLR6guHqJf0AXG-YcFBOrw": "jsdzx", "UCRE2LUpx50RRfwoawqlodeQ": "jinkredible hulk", "UCEVJwcj4rtBr6-dlu25osqA": "jan musekamp", "UCbQewwIkcUWptM1Cl4tdV8Q": "jkSam", "UCTdopG8eVPz9z7TtxKVNLug": "john smith", "UCUehUb5ZrgVOdT2SrwjY1BA": "jack anderson", "UCeCdPOtLWGXZ5E-QU8xnTSg": "josephtonyv", "UCGjyO34UXLdcKYruhxwp1cw": "joey mcquaide", "UCWBCqFp0AOnp2fStKnJsHfA": "jazm\u00edn Mack", "UCnweCRQW3DGrYluGuWUzeYQ": "jen-z_me", "UCJ4YIrqfbUeHLejMi7qyPuw": "jansen Via", "UC1mNZywpud2tcArDcQf0m0A": "jml191", "UCWVKANpD9Hu-3ey0XM-Ei2g": "drxwzy", "UCizrcMeGl1r3xeyERzMC7Kg": "daniel esparza", "UCVzktFxpClpNEP2XK9CZI3Q": "diRiG", "UCn1cNj3loGa4uPd7wo7OIiQ": "danny gleeson", "UCiCQ7rbL7O84urXV7XEzRIA": "dlam74", "UCdbNGvGMzTBlQwf7HOXjfog": "daffie", "UCrXdBTHtwxaaq1sw2PCerHQ": "drhowslounge", "UCJVAdgooSI5DgvblBVxcKRA": "dilapidated daffodil", "UCjOooN9pGgMa9qO26TSzwmg": "davynik0lai", "UCvoCLMkSu-rrkSvdWKsvizQ": "destasoul Potcast, [adult content]", "UCuatD679hoIPHcosuatHN5g": "dingo doggo", "UCm1YseNef0GvRRHKAtDtkzw": "dream roblox animations", "UCRza3AG1TxzFu1OZRMNMTqw": "depressed cat", "UCq8PfvlqJUCDfaYP8LqdMSw": "diya Bhandari", "UCirfZJCEs8Pmmk-EvwDCXDQ": "demonetyzacja _", "UCVfMo83RQzWEDdyLzaY17qw": "dragon Master", "UCauNSn6lP75lHQtNQoz78Ew": "dumbazz littlegirl", "UCH5DdWQvgzqtcPKpP9a3LjA": "deadpool Sparling", "UC2zYUn0RitrriphrPyA3zOA": "doubleducky", "UCqVi86rF6Qw5LITMkbM_CuQ": "dinda", "UC9zRAQvyM0PCibdyxrY52CA": "damolin77", "UCaKnODbsQYaUte-y2ykZaRw": "dominique robinson", "UC5_6SVCGiq35mbFm-0bZu5Q": "dragonson04", "UCqN2troo7f7RwTZRwivwU-A": "daniel santoyo", "UC__U1_pXOTVb6qZobsM6Chw": "drip morshu", "UCf2IIVxfMo_GKX1DKOZR1hg": "deserae.", "UClZbnLXgBqh23o72KmyYHBA": "dorkchops", "UCZrzd3wXTkcod7nEME1b7Ow": "darwin merchan", "UCcehvQQvy3HaeMa7uWGj_VQ": "dramen", "UCg8rO2cmsiMepEoE0dZILiQ": "daedae", "UCYCpkOl8CI1h9Adr1a8qqXA": "dv8mc", "UCx1PB7KxKGJf2XBAChEynhw": "d3vani", "UCZLc_p4KwenMlLHbg3q8i-A": "dwi r.", "UCLRv5OvcOKKBw_CtdfkftKw": "draculaissus", "UCXFTaBvCjBmEmLgeqazdniQ": "david delgado", "UCjtUznP2NJPnRDMK7CyP7kg": "doswl", "UC-z1os_Ykgd9tAxPM7U-rYw": "damtyk1", "UCMjNw4YOUPYU0X3gLjjruTw": "donald allen", "UC4zkmFNryJiW6xWNPqMyMaw": "damian gonzales", "UCv_nGgHg3uxI4zvXfjm0RmQ": "dragon white2004", "UCAU3GPMSTSJHUeLbE0m66dg": "darkwizx x", "UCrp3SCYqERp3YeehGypRWPw": "drmad2012 poope", "UCSZwt_wgBmQDRYxO9PCC56w": "dqjqsjqj O", "UCFlyxn6hylVuLrkUoYpfAOA": "drake shewmaker", "UCV6IrbxysV18DZoRKuBbNiw": "diego flores", "UCWMUwPmh98h8lQE51YE6fpQ": "dorclaw dealba", "UCUot8ssYpTsdpsJRHtMoGbg": "dr. honeypot", "UCQFGE2L-s49-LtHiEb3U8hg": "deuxvo", "UCiHKi7NvIfn8IGun0COdBCw": "duncan omulama", "UCOzj5UR5W5tuKimE_jQ8c6A": "demoniack81", "UCmwsOiKd5_qS-0uRQpR3EwQ": "daizy mae", "UCb5y0RtKkG8tPXS2B75BEaQ": "de Leon Family", "UC-qHQV13pRlthWRzV6-1k7A": "devon broadwater", "UCxD2vuhbfG8J3zJtLAyPjRw": "deadstrider", "UCu7xJ_0B2lcU6P9sDeliP2Q": "daphine kleckley", "UCrLPFYG03Q1i8S8_KDpdZSA": "duckthing", "UCwH8oC41uOadF1xlR0cWPHg": "daughter of horror", "UCCkWeDjkC9Cx9qyEPJjL66w": "dennis vradenburg", "UCkf2Pz9U5If5hfFqPysURfQ": "dondi gonzales", "UCmBx86qdfA2VklVgYl1U8FQ": "dino_sprays", "UCjiHdgndEa1o7232Xx1YLig": "daniel rosario", "UC_k1MlbzX9AbJSAuaZy56Zw": "dappawap", "UCqOYVQo3hKHBBANAW_8_g2Q": "disk up", "UC5jKBSv4MJ7Ke4ajTLBNPrA": "dungeonmasters", "UCURWoHYSOEyVouo0VpezHcg": "desaily martinez", "UC_W1wo2pFNmsQL9ze01TnvQ": "dogtale gaming", "UCYMlJ_55sTXCf0ehHkAW_wQ": "dragonball mike", "UCq4b2GI6z0O8pawLpiXKFAA": "darkdino 1245", "UCIwUChCdboukxqfd4MREMCg": "david escobar", "UC7-5BaBWGW8wOqxG6b5PXtA": "diamond36877", "UCM_axpvOcbn_Bqnq77tGgQg": "dxrrenj", "UC5ex9CoPjUxPXShNVRWgsIg": "dhalsim1", "UCy-x6sIKo36KgWns5j6wHXw": "deznutz", "UCPEj-Dk85oYHJoj5s68udaw": "devanath p mithun", "UCdIpdOoC51r_GAobQ5ueN4w": "dielawn", "UCVAoJ4_HLK-5kIzYUkTUqow": "dani rodriguezz", "UC8oGdOKgnkMlcOJ23_EVfzQ": "dyzerk47", "UCRVj8ZM-JnsHeIM537oNofQ": "domstrom", "UCeW5Rn96vIuxZICE0rzZ8Zg": "dani costelloe", "UCVF8iOylnFw1C7n4eRrEIWw": "diem carpe", "UC-t1KHwS4oAQG3n2YjCfQgg": "daemlk2007", "UCvi6NL_4oVg9RTA-wakYz2g": "dawson and dad adventures", "UCkHnOuKYaC2Q_oAohgk2uUA": "dwayne", "UCamyj7LH8Bh32O8_KV6f7eA": "delailah ramirez", "UC_hppw2JDhgrZ_indCGpWew": "dragodrillo dei", "UClYZLeQYwnxNblag3IVsjDw": "drinkymilk", "UCwE7JkHeIm6OzxjLJmVpIrw": "drew wonderling", "UC6WUfAffHerns606PgxfhPQ": "dom Lol", "UCB4-3i688MXscYKI-2B_LCw": "dylan theghostboy", "UCbgYV11muQFxJQUlprlbDnw": "danielle.q", "UCR5RuvxbYr_It6IzBD7xKCA": "dex !!!!", "UCugmqf05n8gh3NRAPmZBVug": "dexa", "UC0tdvubS3Y-diQX3ki5Bneg": "dante&janet Elupre", "UCxfZ3AtgkWLFLppnVYsZc5g": "dgmoocher D r", "UCJ6NHpDKH3gfgVLw3rUE_fg": "dfg dfgs", "UCS7W7IBdSjl4Butw780gPjg": "djmochee", "UCNr3bOmL54CkTlNAlmUP8OA": "despair", "UC0zuLwPbreEF99UnJfBPfeg": "doritos", "UCED6CWKsI0X3TUxgWe1hFDg": "duck", "UCzlIPryZyOOx6DB5cSd_kfA": "deathy_ali", "UClqpW_UVih9J433Lzr8q81g": "dill\ua4b1", "UChL5EvT2Wlcv1_exuTvChlA": "doinmypart", "UCSUeKLFcfmZ-5peQcl20wIQ": "deadshot", "UCMMFZAsHHeqWSDSvutU0-2A": "demoman funny", "UClkU9avSXDmDmbublbOldog": "ducatista1098s", "UC9_8aRwg6-jKwlK4wVvpLmw": "drsch", "UC12bNTFtVWTp3rD8W_iUeog": "dark phoenix", "UCAzNgwYs4l5by-E1QkqVRxg": "datguy729", "UCrvIKTWJKz-TdZNeLJqmHYQ": "dre21us", "UCRCU8IBsIopCY-Zq8KGPNrw": "deeps", "UC7p8oIrUtDKTsCOzr_60I2g": "dragon warrior", "UCbCLPaLg3jNzopcMDo3sm9Q": "dickybryer1969", "UCqtL8SO960lhCHvfs0B-Rng": "djb570", "UCY8RDeTBT2gom-G1LKjVj1w": "dylandragon", "UClH_MFvM6S6GPcaV3BFW6xA": "dasiy driver", "UCHwHXz6B0iVEdH_vIjV2qEQ": "dicky reza fauzi", "UCU9W1jqusum9kq-ieBzMP0A": "dairo castro", "UCGEj8if060uUKJYcI3B7MNA": "darknightoftroy", "UCLvkNUku5ygHPaKgNmNTCVg": "devilish God", "UC4ovneK7W2dd5vUbIlK_yQw": "drchaos2000", "UCZG3O15BF7CbmjSXNbQ7hQg": "dawn brady", "UCMpL_ANF8ry6Jul80aJIFRQ": "doc _riley11", "UCrMbC0nN_oqSz1Gtc5cIv6Q": "david most", "UCbWASkTowkxwtok_6_G6PLA": "david smith", "UCiI0GC7wTtCcABTxDEkejew": "dose160", "UCMquptI6lpj9v7B9wANamQQ": "deandr3", "UC6-9ruZEUfJkPUpLNZvQw5w": "d e y l a n", "UCD0hHsHMw1lJ0i5XAjf59eA": "dendi claudio", "UCH5ed2ruKenHwuUqf3T3CpA": "drew", "UCLeNkUss66AqnWt-Y5xfBhA": "ddandymann", "UCsD4B2LDOC80VEtxPtzKnVA": "devin howard", "UC7zfBFEbP2x7v1UdwUGTXJQ": "dragonheart", "UCVJDQxqUj93P76z77GRmb0Q": "daniel pereira", "UCywEYa33nAjoXR8zA1Da5Qw": "dawndilion698", "UCGChGPsHcULdfvtOSBoPndw": "dinesh kumar.m", "UCJIiYWKrSaYPRt281WqmjSw": "ankeet sharma", "UCoiu9vPGWRGoDA7aW16Nk5g": "aaron garrett", "UCa2p6dLWkGzALvcS-9lSyjA": "antoniomagana88", "UC0XZXVV_8M_vS4LQl6DQ02Q": "akok", "UCl3yJmxw2NUWkg9Cd11ZSdw": "ajbolt", "UCM23x6mJsw8bXda7nHhCQPA": "a2saint", "UCzPoRGLjnRfSG6ot3EPDVgQ": "amir riddle", "UCc2Q2MjUaignKBu25e3TruA": "anBani", "UCiaNQhrjsLawGMm7ZiSYK6Q": "aussiemedia1959", "UCoK60bZKIpC-dKJ45F8nowQ": "alphaboi 804", "UCATD5Fara3fSwNylhBb-71A": "anya senolinggi", "UC86I8i_LYptDsUiyU7K0Ddg": "awesomejasonsel 1", "UC_94j5e34GCNtf3T0C-ADvQ": "afrin zareen", "UCkqzfYup40RInwvQsiIWEjw": "anime_fan", "UCmJB1z1OnWeK-pxr6KdivFQ": "acezui", "UCuD-__tEMlbRSL2lBW0X3aA": "alfie", "UCq3W7auQ6I5qOoqyIDfYdwg": "aminre", "UCsM8iE81k7ktieVvLCffSqQ": "alex22tp", "UCjeHEryeedafgqhIWUZyk6w": "aynu Pahrida", "UC4z7XVmSTSY6eWdt-b7O9Sg": "ali!!", "UC7pvXxOvX4r18FxpGIk6FUg": "aus71383", "UCYbnMHHiDoHolDZ1labhWjg": "adamsofii", "UCXz2gu26KaP4UwHk4CGB6Ew": "amna latif", "UCnFcxwLWajkoVe1PvZZ2WDQ": "absolute zero SILVER | \u0633\u064a\u0644\u0641\u0631", "UCzIZGxJf9_OKghfCjCKt2zQ": "alex the oreo", "UCCNk0MGPJb95F12EbO08XcA": "a dude", "UCrQrUDQ44vNCJix4wWMLQ6A": "abdi beth", "UCj-yA3s834CMe_3djcYbG1g": "ayush goyal", "UCKujS9neFdx2b2x6jZwlfLw": "allxy", "UC0YQ3EZGS52M2FsQ1Lk3Omg": "andrewsrea", "UCoFE3cS8-lm74zSAiQimmOg": "aryan gaming channel", "UCCA4bE0s0qXkKDKCBRBikcw": "aneesh rk", "UCRH3XIzH6UJngeQN2rFrNmw": "aziza tazi", "UCW_G-kw64qx6iDMbLdEVTkQ": "axoOxOc", "UC2By5xQz-YcdgL_BaXZAK1g": "at", "UCbJ-f5kFySM4qFgaYJ1zPFA": "aryan amonkar", "UCVquGGufhLYqM5c7jkwJaRw": "ali Ebraheem kamel", "UCFBehq8SPTMNbgd3EbOdiZQ": "aurka bhandari", "UCGc-p2u1sYtsAszPMrw7CQA": "abel ascic", "UCbpeg1Knc0OvhH1WrlBGijQ": "ahyanoo go YEEEEET", "UC_lHrY-usZC1AzksE4wI9sA": "alishanoll", "UCiLJbLC8FtWGUjqwbbnPHJA": "aether\u2019s breadmilk", "UC_ZwMeDlDVUwxvuihnNK9tw": "aleena vrxzy", "UC2dNT26_JZIVJH7AUWewLyQ": "ax man", "UC18sHhhf2pOPPUDoSHD2bTA": "althea & calvin", "UCXRFF1rdsHjfhiueVTyIW3g": "alglulbr", "UCOOljXPfLue8UfHNYSEg7Ng": "adam bump", "UCYa-EOnN1PcWK92fbGwQNnw": "amna", "UCmmePX_iYMX_I_ddyliBXqQ": "are you a booger? cos I pick you", "UCJ0IG87tmNRjaKB5Sfn4r6w": "angel wingssssssssss", "UCxfd-Gsf2Wpm-fA3dcaJJ8Q": "anna", "UCz1eczratPuVDS41DrBTpmA": "andrew marks", "UCnG8pEcNAVaf-PiNqCIEMng": "ashie", "UCDs9I6RybK2CPACVQPKHhdQ": "ale2502", "UCm-TqcgMR4uW-4-FGMBDczQ": "aswda", "UCPy33R0Dykxq8KXHGKZrQNg": "antonella", "UCnKogsi5OHYnIKgdA8XXUmg": "avaira hammersmith", "UCmbkWzQ2nBz9v6Pgt1tve-Q": "alissa afonina", "UCFgSL7rMAaLguESV_vvR2Nw": "abdul baten", "UCCq7zRajiH8eKM-pBhNCRqA": "anuar osman", "UC8C3faIpZXpW7TQaPmtpGQQ": "ars10001", "UC8OGe6w8kEoAaRfQENr1X1A": "angel777", "UCImH-I3iU_OmvQmj2FL-HSg": "animalnic2017", "UCWDVnBwbMm5ivpHuAnC8KkQ": "ajithird", "UCr2hPGc8Lx_2VxxzDb-n6qw": "alfa et beta", "UCyEFnWudOeowT181cJNGfyQ": "astrolotl !", "UC0YVCQGx4sBakV5eq6Xxv7A": "adam yousef", "UCnnHqUjRARNQG3Ey5QDCCJQ": "arc Robinson", "UCq1AkR7Rcqsn2-JdRmND-Cw": "andrew fuller", "UCar7AMGeRUlYFqQBno9l7ew": "ammm zeee", "UCRSwlg6bINXkdKmKfhZFBqw": "ajalbetjr", "UCtOyYTK9xKqPSg_xfLuS93Q": "andrew mcmillan", "UC-F0iuNWP7mDkitutkozvCQ": "am internet_dumb!", "UCW6qgzc2gS8MtlIvL-oMS3w": "amina gani", "UCSKpNtUYG8gw2E4Qx8cVyug": "arnold gonzales", "UCoZlp5SGcDOHV9GhHf2kOiA": "anotemyer", "UCb7sQIPYSy9y5dgIQRzM3UA": "andrew the geek", "UC4bqEc4I9oY2XuZIY9-rrXg": "aarann07", "UCIbhpMZvkDWwYiReqrqfuuw": "angela sheppard", "UCXsATM72twsmhSPwwzXmrlg": "aflare", "UCzSCkXNzJWX4O3kp2yCdutQ": "akasi armah", "UCDyf1yEHHlQMZnnwrMGpnqQ": "ashly martinez", "UCKdQ6fooC6i_UgidLIi3lCg": "audrey m", "UCrgR5FUEq6a13-bmrh85IBw": "abcdefghijklmnopqrstuvwxyz", "UCdTlJfq5MM7o9QmNE6o4UUg": "al mighty swizz", "UClPf8-i0kSM9DYXOg6TG9EA": "add ckcj", "UC0LxAOhUuOHNLHQOCEkYHiw": "alesawillis6", "UC1Z5M3j3visPKIEbHMX5A4Q": "anUntouchable", "UCr-Ax86BVbheNGWawGhv2Zg": "ash", "UCS3nur9cFqiVcjihvP9xfow": "apenas mais um Diogo.", "UCjMycu-bnV1vu_Ch9MnUDEg": "ahmad games", "UCGJpyQCGrCIajG1P26CHkQA": "ash games", "UC9CSLpc0FRNWn1CrDjdKLJg": "alighiero alighieri", "UCUFuWqnlAfmWdZgtmRKXIvA": "armasandoval52", "UC9Hq44xrSN2mkvscJQxLexQ": "ayuc leonardo", "UCVRfSZQ_ZJMVfV3HMbA4Png": "antonc81", "UCbgiwoXWgPkVhXNugXmWxIg": "angela griggs", "UCrTeoQa3XsioWBGj4SGd1Cw": "aboxoffrogs", "UCqKhY0kbr7abW74iE2tHq0Q": "akaSynergy", "UCHfXHGC8H_zasLuS1Yx1piw": "an", "UCkTqWiIs3ELICRS2Y3lST5g": "aatruong6", "UC0W1b-YpamqlpT32BkhuUsg": "arishtha singla", "UC6TxmAKFxdkksTbaueNKw6w": "abraham johnson", "UCjy_3_uxNRaVv2HcZUnSwzw": "abc64pan", "UCFlmnTI-Svdo2hrUUlFWtgg": "aracoer136: Random = Funny", "UCd7jE-9llmD4QfHhJP4pEKg": "appelofdoom", "UCjZXVHlF0ZBf3uWriU47ESA": "adam Kid", "UCfcGuN_cWQ6tQNLtn48zM9Q": "adammm irfan", "UCVqBpsMnxX8zm1aFBDDNGxQ": "adrien loundara", "UCNQ9egOU3nQBREbVgR-4IdA": "adriel", "UC0TFewpdyQC4nMsSbvk4IeA": "alien", "UCsh6QaCi2E-t21pOISG5y_Q": "ayo titi", "UC0jZEmJhJKq3XrVSI7mjmqw": "amorelcorley", "UC8Qh7A28O4otzxQfvwRsinQ": "abi_not_abbie", "UCyDP_yD2vKOIo0NqHjULMXQ": "aivi avi", "UCXDQN-vNYlANxaOPtueWKrg": "animation man", "UCqG5uJaEV72GH3dzI2_VM9w": "alex!", "UC5FIKZ1QrdKyPeJsW7Pm7sQ": "akitedoeswhat", "UCm-e6y63nkBZdj57JKyFHzQ": "ajay uchiha", "UCo2TYaXj9kVCuaw_-QwOBCQ": "amine amine", "UC0MnNOuzWg0se1LsyScGu0Q": "akhil p yohannan", "UCimzYQDOhhTb9rZwRKuUWpw": "annibunny", "UCt-NHQWuW2NktTpH3GPjM3Q": "arcadian9 502", "UCMYW13NvZb56So-gZAaFDOQ": "ameliajordan29", "UCLKdcDuzDdtGPXoH_dG1fTQ": "a little stitious", "UCSNbpv4gX7kzIIlLxhR9C4w": "a.", "UCMA4-qWmCWDkDd2o_YXC-2w": "alexbalex27", "UCewkXAz-Mht7C5msqYHHkOQ": "abby mueller", "UCVC_23TvNoe8yoQc6XUgZTA": "adrian 1k", "UC7GyAwYMQWj2PFVrFtlm5Ww": "astrid ledesma", "UCrBS9H1EySyzsaMaie0v-wA": "arati deysarkar", "UCe2pHZWJy3_8ZVZV7tvDncw": "averythesuperhero", "UCT4D4wc9Ey1ZY8U0wPCW0ZA": "avex", "UCd5z88g0JtOwXogEDtWXbIw": "awesomeknight_ 1", "UChxQmEdDI0RZGJP94gVU5ZA": "adopt_melover\ud83e\udd2a", "UCengnB5N7NEDTKaQ8fZ0NJA": "amani", "UC74_PYuDkM2fV5Vf1MxbWOg": "a", "UC-I-Xpq0ny_UNfgxKMsbXhw": "afsdgdfgergerg", "UCC0hOEWN9LwQhrPRHFslogw": "amar hijje", "UCdPF1vivkBrD0u3ItzVttuQ": "adriennrerr", "UCmu2iWGzigSLLX579s2TK7w": "albetronoss", "UCWvYctB9MYGRv_yWkHIikJg": "amanda Caballero", "UCWgAC5fqPsRQfV9Lckwg7_w": "adeptus astartes", "UCiJZ9cl7CR9RjgJ_nrVdOpQ": "affan ismail", "UCAwxmQ9Wl4Pt-A0GJrwL_ng": "alexg4mer PH", "UCx0Ur9U0yGmx6H9uyaXn7NA": "allthingsbeautiful13", "UCzh_RoPeWJ10aPBx7_ZGmNw": "adr okulmu\u015f", "UC5XumzjI9bgRJEoAm-pZg3A": "attitude music", "UCbd-5GPM1KQ5nuszTIvcczQ": "ace of spades", "UCXeZrJZRNsQai-wiaEO11VQ": "airbubble", "UCarxufcIQIX9GPQAjoI7Yhw": "allison young", "UCp0wuJOjEIgXmDdhhdJ1rcQ": "avesgetslit yt", "UC0fnXFfNss59bLOlArB0dzQ": "ace k", "UCEyp4tI6udtRN1z8dfDPSyg": "akaANUNAKI", "UCoYTwedVLn_zFNuVJ637s7g": "atawhai tibble", "UCWNKiy1aaakLn5gDVQ6wqTA": "alvin john Chandra", "UCh_DjUWvHl_GqA9BI9RTQfQ": "adidas mercenary", "UCabRo1Trty7KoBzODtHMXLg": "akshyamohan swarup", "UC6DpXk7pPiqI__w4VcJOxZA": "arlo975", "UCqJavhjk4tI7uD9k28ltWNA": "alejandr1011", "UCWVRAGVdKew9SwVUXTslX5g": "anyone", "UCIG4LrgaNaCKS3iamPeaDyQ": "ariana", "UCdC-8WfyVgfERi2cEqsmWKw": "aaron cupp", "UC-pTrmMzSTcoL12I9siD9jg": "ags", "UCkl6XW1iHOGllWpRaSaiK9Q": "alex w", "UC8FEkfI_6LBEbgXgnAl0giw": "arsenix24 gaming", "UC7A58V2B27OhXSyKowuwpGA": "andi sayu", "UCLCinAlVk9bBGntfeUFUveA": "albie bryan", "UCA2YRXDH1BTR-8-6CX109rw": "alfin setiawan", "UCtIylGROMpWEBTRznjIPhaQ": "alicia v", "UChDZKQZalI88BsMkaRA29Fw": "asceticacid", "UC1pc7iTVOmTdgKVQepQ9ENg": "angela :p", "UCWH-KMZtdXay-he9QVMYLaw": "alissareuben", "UCWMYnZ20Xp2Qs26Tji94oEA": "anaya gandhi", "UC57FujQE51InTt30uDihrlA": "ashley massey", "UCQ3-sGwe8S2IXagGdMSmWLA": "aplianse", "UCjdcU9CbgMpWx6nFXR3igtQ": "anythingorz", "UC0JZfNWp6PTfY121ssn2-sg": "ahmed hamed", "UCeX15-vV6R3uTh_Nf9wkhAQ": "alain jean-louis", "UCSa1cdymzw__qF-Hnzz-B9Q": "azzzzzka", "UCEREHZ3C2BukQlc0B1xd9PQ": "a", "UCEni6PW0XHLKhshH3lLHChg": "akpan james", "UCplv_MWVmeXP5JEbLJZ7JPg": "anthony o'neill", "UCBuSgjTYj0j4KhbkTGcDcKg": "alexsys paganthompson", "UCELCxm9fbKKArVeruGXyArA": "account name", "UCj2mJMtRzj16HcV05iSz7rw": "abbas abbas", "UC90S4G3dVWgI9lBAAtL_UrQ": "arixluci", "UCThknJ4AiFig0mHapuQhSOQ": "ahmad naufal saif", "UCYkFZIwmmJQQv0Hfdi-S6oQ": "aurelius7778", "UCfzRMUAJoRC0CjS0coO4RMA": "amado gaure", "UCX0DNQUnTZAP2ALyoL1HX5Q": "aleiterful", "UCmuqaBuPgKSauy3j4s2Ve4g": "altrocks", "UCrkU4AWHFgaw2mf1HWwdlQg": "aeyde", "UCayFo0V_60tCCbBDiwjqizQ": "arkaan arata", "UCVyqZz37-LFzxxodGF498iQ": "angelo.davila46", "UCn3mkkOvriHaGpRQHj876pQ": "agila febrian", "UCjruwIsTyn9AAFZAyhY6NOw": "ann s", "UCkQC0iup3vQJTko7DBhkjpg": "air aqua gaming", "UCmh85BIjMOyewsCH-cIcBsw": "aj cheski", "UCw1JUwBMDsMFx4nfiIpzZkg": "hi", "UCdUEOLq05SAHn54XASKqS4g": "hungry apple", "UC_Vum8G_CAsm7Mty0uFhNmA": "hav2roll", "UC0J49aD4TZ9uwaG78dufI1A": "haroon hussain", "UCA9tMJTzKH4dwhF1yIubIFQ": "harmeygol", "UCiUvvPf8HBiUnWfnvdEdD4Q": "haikioen", "UCv-1-QlO_IjT_g8qF3Sr8qw": "hassam saqib lodhi", "UCJiUx0Ap3jjl8dHDpcfdn6w": "hell \u00f1o", "UC7TZcc34eyWcdw_qFGQ2pow": "heyitsangely", "UCofQi1czlsqBKWK28ZlIywg": "hams photo-vlogs", "UCcdO5WOafNkZxoynTIbRhdg": "h", "UCqvzEDwie-3qBLd0VjQSeBQ": "hoang Nguyen", "UCwbK2mMYSE0vGJfODLrg-rg": "heyimclay", "UCjFHUyt_eUSO9mmytqOGbPQ": "heidi :D", "UCI2DHg8Fisr2QGJ4uUTQH1g": "highoffmcr", "UC4GJdZgkd10RF86EEnLsugQ": "hello man123", "UCnrWZhLDzlLwIN9JxPClPww": "harbl99", "UC3LjcWKNhmjMldf7hP_i8cg": "honeye yaghoubi", "UCYvyq8OFqZsnViSKyOzg2Lg": "hannah22banana", "UCR5QZj5mXuZMdNUM_KbO2OA": "hailey neal", "UC_vPOsSsu936KnP33SCtRwA": "hihi", "UCDblXtrIs0b-CxPbFNVuyJA": "hung kc007", "UCW5in7NbLhbgozhxIH_FR0g": "htun theingi", "UCKY1qrpe17GT93MLPtwwpSA": "hornyhandyman", "UCtdUxIWfYzC9rHWaL3Vc4rQ": "hyeaii", "UCimPe1hztuD1bHRwN5mnlog": "hulas", "UCf_cjgBYFap9Wp4JnMJzbkQ": "huong nguyenthi", "UC_X1UqOvkVE1rbiP3GjbbQA": "heidi boltze", "UCZBJNrdlP6bcUYScBitESZw": "hm", "UCywpew-Wbf_oon5lxM9FvEw": "heoshiek", "UC7qAv__VMfvGub0EqMah7FA": "heinz", "UCMyVrSXxAY3654qsjH-AZDA": "helen marnie", "UCNLIOuNw7tyu2hZ66jARx-g": "homo evolution", "UCskPpX3jbGXE13ipg5JsVqA": "highlandritz", "UCcOJfZNS-HeDIbOnyRLwf_w": "horse  \ud83c\udf3f", "UCghvmpoEtNkJWclpS_xC1xQ": "hi", "UCgD_as_zV_vJH8O7g7fWweA": "heyysimone", "UCF-BoV4EjsGcQF3lNTB1tRA": "hornetDC", "UCB6sVNI_c2E9R5cxayode8Q": "homemama1001", "UCJ5lGFae3h2lmQygszTx5fA": "harish sanjay", "UCv0YG7bKThMFferiuHpoJjg": "hunter burry", "UC1McXcfyPSEXlPOrlGpOC2w": "hassan Khan", "UCX6Xg8tJL4qfW6PdXgLqvfA": "holland tobias", "UCC6wTziAnGrwd-mrrKxGpgA": "hiro", "UCFltGELThPrh4nktwVPkhjA": "hai", "UCGEY2x81RXqEM1j4xlpusdg": "hmongster rex", "UC3nXbAU1vY1Q2itujWInGKQ": "hecg83", "UClMduC96JKFKSFLdYlXs4jQ": "hootis8", "UCi4qfQWHhXZwmZTOpMhO-Jg": "hysuka2", "UCe45A5EUDskoWMzhflUaJjA": "human being", "UCynFMjfpSIQys74IDoet3vQ": "hrachuhy Araskhanyan", "UCxUdpsFLn6Vl6ebepUlEZnw": "henry rich", "UCaZjCaj-C7aUerjI1IBvTfw": "hanis zani", "UCxIkSJINnvNRozfgmXRN1oQ": "hookxry", "UCSDqIAW7VCmKOEkCskdC21A": "homicidal tourist", "UCJ0RFsZzl2DYCWl0ItnqUUg": "hugo decroix", "UCuRhkXVCX6NziSzqFm7hKVw": "hislivelystone", "UCXqD1ZBKJABfZoxH6D4QsAA": "horace arroya", "UCqj3uZibsKtnZciqmMFQmNA": "hostility", "UC3wiZh5aakP4xj4rxFIEvwQ": "hyann henrique", "UCCc7bh3nPdmO-5rjMXFhaIw": "helenhunt \u1d47\u1d43\u207f\u1d4d\u1d57\u1d43\u207f\u2071\u02e2\u1d57\u1d43", "UCkcpuS_tncFqGKB8gT1_ubQ": "hognof", "UCaN72fdSnjITh_SVjOWDnbQ": "himanshu singal", "UC1nL8eXJ9Ir1HMTPuxDVZ_g": "hello this is subway may I take ur order", "UCMK04RpkRy9xeIdbZuWZ5vA": "hoa ngp", "UCI6JaQN2KS4hnAKyuOdzhoA": "hilary villaruel", "UCH8aTsx9VzNBluCPUj3aWhA": "hanzo", "UC8jTfOw7dFb6RTiNnt3yygA": "hola soy mokey con groofy", "UCF-OwXAikv5xfyI4eBjH_BA": "heather gambrell", "UCqHHBq506N7ND_hchI-wqOA": "hero kirshima", "UCaH2bc5NKFngFBXDChSU8gg": "horsegirlhazelmocha123", "UCwOhLvcGYdhs2Xj9l7idESQ": "hazel c", "UCq49dj8E9DjAqBQbC6g6z2A": "hannah Flynn", "UClj5KBsLe0vJH-q3rgX0Zww": "humanature", "UCz4b7qwrzboc_Y2Qqi6mkjQ": "heavy bricks", "UC21s3Wiqrt4Piqzoz9pQRKg": "helsin 97", "UCtHhDfQKPKKVdzOGc5gq5Pw": "halocray", "UCeGfa8P9RnY9kswrQGCCS1w": "heyy byee", "UCdxAGzlcifEPjYh3VZH4zeA": "hre010", "UCMe-L-K_MZAR7oMuZdm8ImQ": "highgits", "UCZZQB6TY0pQo6bm0bz1kh4Q": "hermes aldrich", "UC9WDswNEK9GzhX4GvchDm2A": "hermanshahmadi", "UC6JCXHHEctho6FpnKf_-XFA": "hy2k", "UCmEngoVXRiLyVP8faAdpmjQ": "hilol", "UCcPLfbflsvAhf_pJ9Xu1x4g": "haziq amsyar", "UCmjZfJGWSBxgp54A9XXTKDA": "helyn silva", "UCAmNnSk1Ia9MLmckNlZjYxg": "hoss the boss", "UC25wW5p3xZLabr5rswbJ6pw": "hippymad1", "UCPdKqKoQHzGieCXoy0tgRmA": "harlene", "UC4gk0zTp3Su_u_qT4lF5F4w": "happy", "UCDiENIUYBrOQXPVhOoMKUKQ": "hi:]", "UCX1LfVSBi781y2e6dFMUV5A": "hDark", "UCCSxHpAU6JVYBvlN5O3n7Hw": "hailyn @  love . com", "UC2ZxTVQ9CvTahkg-MITPLCA": "horatio kim", "UCFBU1eI5UH_9ams_b-lwmZg": "hazmat is cool", "UCSepWPO22vbixg5R-7pzzkQ": "happymoments", "UC5D5MQn8F5lEhQ_esdYqZWA": "hunter is pretty odd", "UCYw6x7gxcqzUnkpxGsyY1ow": "henry schumacher", "UCwmU6dG3027xyzvK37AtL9A": "harrypothead", "UC1KaYsdsD3vv4x6OkC6LBsw": "helen", "UClnvLM8HkognW30xQv47CDA": "kandeekorn daFangorl", "UC_XUebn4sRU7rK3dhY8WiCQ": "kari lessey", "UC0H3VSbsG3YRUqp0qBEb3YQ": "kevin shi", "UCpma_qEzXc42QGREKiaGtOQ": "katrina v.", "UC4bE0aRPQrRrw88VZJPcWkg": "kajj", "UCCjipZVnvQS1AavYTMjKjmg": "keshlalish", "UC2stuPbORLzJRzfDItmeBfw": "kai_is_cute", "UCfJcGhz9dlhdFbOjvUjT5Iw": "kia and rifky", "UC5kWwTPna9k7uJlgA2K_aaA": "katy aguayo", "UCeqXag8VE0Um86SjmWtXWkQ": "kanzersmom", "UCznCbOdEz-AMcCG7LTkC9QA": "kodi", "UCOHgUlm3WYpmVE9etQbQYFA": "kazam Okeno", "UCwpBYKekQr3CahG_n8X2DIg": "kraid", "UCCvwnfbngvXSi_zZY6i9I8w": "klee", "UCBY57xqGFFOtktPUUBmYg4Q": "kai li", "UCnTcTe-OZAoXh7kQOG9e3zQ": "kanwal khan", "UCjft46b976d3j3vUv3Na-Dw": "kubess22", "UCnZx3d7KyNON1bnsEgJQwdw": "khozk30 thicc", "UC3xRZrNMokKVRokH1HETiDA": "k1ttyc4t0r30", "UCKzaQCOlJzNFvWSo21xtcJA": "kninzo tagoni", "UCan0nuaXRsvpFt1mliuEgzw": "ksolotae", "UC718ztMohNRiWkLcr4kekDw": "kookieknowsherfacebutdontknowhername", "UCwwmG32uwAKcpSfuqG1r2gw": "kaden wild", "UCglA5zYTZ9BRyAf1IrjCsJw": "kashu", "UCiQbzJpK1umu3U7Gik_Hv5A": "kween eve", "UC7-MNuXnRs543G3NYo7lmXg": "kara miaxd", "UC9Nb7IMBQS5olQsSIF9hfEQ": "kenneth kho", "UC2C7Q1hM1OFaOjLpFF4FBMg": "king mileodas", "UCVgYiLlbrEmLNZrW3C8kn0A": "kenchee Angeli Cardos", "UCMjPsNPAzwYQaMxLUdwvd5g": "kamryn lane", "UCozjPoLMehYdpu9yMrSExVg": "kitty in a cap", "UCgxCgsZq4hmY8m00J6S7v1Q": "kwwxg", "UCFsS5Ce0wn4LOeOS0IrNdFA": "knetic491", "UC7DsXa8SZFnRlz60Kgjhvxw": "kotaro", "UCufOu591htClOWjR4wdfRqA": "kuro maloe", "UCmtCu0OcqpG9O0C_ZVS1WRw": "killuavhearts", "UCdcWXGSk8niZgl1ZZseQrIg": "kim presto", "UCVRCUGCNyqJCvVc39x-dKwA": "kie does a thing", "UCBWAGhMggf1Lndg9o2KnXyA": "ktm crush", "UCrqKMWSALE6WlidHvrzj00w": "klaiken989 x", "UC1zikqvt1VTAJS9aSCCJRsQ": "kronix649", "UCJI4AOhkI-ghQ7k0vT12lVQ": "kavi hassan", "UCRFT3f649LD14SzNm3yJrhw": "kitten 12", "UCSaHrFo8HMnTuOgRV9v4BPA": "killa gorilla", "UCl9ErC0AHgKzGmVCUekrR8g": "kari _ koo", "UC2cc9gi8vSi1QHXoX-6OpQA": "kai berry", "UCrjUBU9E546_rQTHwRDxaEQ": "kat k", "UC_l8pX61jMnS0R0VxL82fjw": "khale valle", "UCb93TW8e3LNJhXNYQ6vvW3g": "ken weimer", "UCPppqpYmaxoNX0dHBNSdOBg": "kimberley Howell", "UClU8uAGt04N1zgDajwJUfPg": "kaleyjohn ortega", "UCcoDnEEXH5XO4sJp8a_MJMQ": "kevin mackler", "UCzNQHg0KmtjQjeWk1pQAb4g": "kalle boll", "UC9JTSQYiDTmqTjqcXaMeY4Q": "kathryn counts", "UCzPZiTqzqEbh-ZTrWZw2g8w": "kung foo fighters", "UCPE4Z-DGzZtSf7RlsL2D5pA": "kingbeauregard", "UCMx-6CCYhUgc_h8jI4OYeiQ": "karla sanchez", "UCENie2ZSJ4gYH3iLblDnAcw": "king Xtr3m3", "UClWYcIei_7eRQJDK47PelWg": "kelk", "UC7m2_1Pq99pCLJWX0e8jyXA": "klayz", "UCyD62h-xZ-WfMuq0UjlTihg": "karanio1", "UCb_0TaJLmj_IymWFflSfCMA": "kay mills", "UCn-gBHPJuAlQuHQjDFEmLHw": "kpretty143", "UCJ3NTNUcTLn0-LYsL0yD7Rw": "kamikazie NoobSkinGods", "UCwvMHW-3Z5qzk-L1fqk2Ehg": "kajundestiny1972", "UCurww1Zaf5VcOHApSnjxpLA": "kay CCuzzo", "UCy3U2QUOSb_oyXTY9tLNSSg": "kingquestOZ", "UCRdR8DImTbOkno8UmO8RN7Q": "kristina ryther", "UCYGpfGt1gMXWtMa-EmdSb9w": "kyle m", "UCJgpe-vQTcaFAL234YS95Ig": "kaichingu", "UCb09Z-A9JZYg5-4Hv-uL2WQ": "ko c\u00f3 t\u00ean", "UCeZNHrbQUV649gbbOk5Se4w": "konni", "UCqtiDcotLbVZG1uj0J-_Jdw": "kai dea", "UCuYKNu85gICXfr-fsVRJBRA": "kenchimanok", "UCZob1phsQkbQpBbbjROjbeg": "kura \ud83c\udf38", "UCjnLhr3-4gtiZ4_GKo1TPlg": "karena porly", "UCm17j6S22MbNuzAH8rxNNrw": "koldkrushxl", "UC5KEaM45Lnq4tWFslcsc1eA": "knuclear200x", "UCMA7PicVQWo2njhE7Fsanaw": "kcir", "UCKOSgtxc3DPecBL_Jm_fk0w": "kiachi", "UCtJ-GpoLGhkb2-zDSSMh5Vw": "kingiking110", "UCbDnW0vheFcVJPZvswe-2Dw": "kjl", "UCFL_M9YwwjqGAd5JC9RUy1g": "koo cult", "UCgk0UkkLe7O83hEfz1misxw": "katelyn collison", "UCoXvdVCaaCwB-J0lwX7u7Gw": "kellydawn_87", "UCTkmCkYdi_REvV4kzLuD0rA": "karam moumna", "UCkq45EgC0lkG-SD8xggzB7A": "kattegamerne", "UC17k1Rcqr-BbiCqknvSov9Q": "kitty pup", "UCUUcCCBFcQuX5kxC_7L4TNw": "kaiya shi", "UCCCvt3q9BCx4lfCeg4_kKOg": "kingoreomcflurry", "UCuEGZYf0xQ7dkViw3to43IA": "kay", "UCA4HWAmC2gX8mp6FAeSFPIw": "kenny dowis", "UC8XQGovVg772rbRN5lnDE3g": "kid whos cool973", "UCmIuZjmGMl4oZT1Y1vsctwQ": "kanchan kanchan", "UCHKFmRl-5Da7kgyzBRMwZ3w": "kyra taylor-gagne", "UCD6L4BeBl-pRzawHkDDDgqw": "kashindi kay", "UCMZCHMgKg2KZ68cSrrSiOLA": "kelly", "UCvs3h_Y3t9JAACHgXWTPdfQ": "killer vid", "UC8I0-Vw0WvHCSRuX9BLJB0A": "karen wimpey", "UCpxpXZIubsB0i03BAYfnmDA": "katrina ornelas", "UCqNHM-q4DovB5Lk97wofVrQ": "katherine anderson", "UCDq9YbUE4-gP64lsKsfypfg": "kyrujames", "UCXbak1iD2a9T002MLrTZs_g": "karina my wife", "UCMhZzTlRxfNY3nVw-WEE6dw": "ki5ngau", "UC7hWK0tTm-bGHtpW276AINA": "kendall gery", "UCCFVL86eAdll9oCwWKB8E1g": "kawaiichan", "UCMPItDb59yXYHp2vASnK6Eg": "kenny", "UC2-CccHcAqin5SONGhiB5aA": "kimlvspizza", "UClsr4-hhX2y6avrgIMbOkwg": "koalabear", "UCq3VmBsIasvFZHxDGVa1raQ": "kiko !", "UCZixIItqRnZu4Y9He61kJvw": "kasuha", "UCMSNvDAENdyZfIBtWDGKc_g": "kempine", "UCoFfVdupmtyHdneoFC1kcow": "kyrie chisom", "UCb_i_3MT2obqH7hdO3prGPg": "kaila and peaches roblox channel", "UCFvSTIqYKTLsrtnBwCQG6-Q": "kazuha reis sendeyiz", "UCLDQAAIS_PqyqKU6OtQ0lIg": "kitty_n0t_found.;)", "UC1lOuzYI35t7w9VYxskbLcQ": "kaylee braidwood", "UCjabsmubb1pakn3ZLMdX0VA": "khakuda", "UCQkyW4UVvLttyFrWLS_ocQg": "keerti sharma", "UCsFZOsLC0jKyAQ37nYCbbwg": "kevin sayers", "UC4NAU5kqqFd3Vo7dfaPNjsw": "koiplaysroblox", "UCdvHoD64HiI70DuK6zyoxmg": "kiansia", "UCV3YbmIrNIazp3xjMTF3DSQ": "kthaanos", "UCOjZY5_jaSg7OiX8yLLcR1A": "kaibakoi", "UCc1VZP4lhtohhF-sqtPcuJg": "kalob sevenish", "UCrFGMHhCRgdiD3jCQ4flQ1Q": "karim", "UCgZXVPQdYPo8gTypRDnTeVg": "kaile0", "UCsCvZAriljf16gWSQYxmH0A": "kamel Amrouci", "UCl7gl0-jptynG6m9WRHGxsA": "kev", "UCXOr03SKQy9QeZqcSYsRNsw": "knowl sabra", "UCJGTQ8rBmO-fPRH71aiIz6A": "kolja leffek", "UCCIW1aizJHmjzre0LhCaMCA": "keri caye", "UCpMX8UMgWc2IcDHi5fb8Kyg": "kawabikerz", "UClD6IKBqdOU4HJhP9KSIncA": "kyrakun", "UCX0-rluuDxkuYjHFa7FHsOw": "ken bird", "UC95AMdxcXrwRbYclwAMLphw": "kim kookie", "UCaAYdaqNmWBbkfNROBrqnXQ": "king", "UCm5RXXzf8INLeMbNv3MLskg": "karlkarz", "UC6p5RaLOBw3vpSC7jRQk3Dw": "kale'jah williams", "UCOKV0EeSHC4bE7vxwnAUgkw": "enrique cruz", "UCu8GlFp__d8w8ZI0nVuqQkA": "eventHorizon", "UCENUrZUb37Sy9uNSOEiKWEQ": "estrellita arcoiris", "UC6YyPFVjkVCZLmzlxiQc-gA": "est", "UCSSfQgAYQOVFnZ6Dmi4JQIw": "elektraheart467", "UC2dCFqg8hBKMjfR-wA2DvLg": "eteled gaming", "UClGr8jp4-ZxDgZVabgj1W9Q": "everangel32", "UC5tW3mOOJ2hW3i_ZA3ltTsw": "emmanuel", "UCGFb5gRCm-xssskNE5ygIVg": "eroZchE", "UCp2c6hkvO0P8NrRPdHNO7zw": "eetgan", "UCFhGRZ-uYpL4k3AjQosrwcg": "ebizzness1000", "UCJL0XC4zpx1BjRjPb-lpEKA": "eza valerie", "UCfRoy582QUxSqhEXQ7GTvyQ": "eXPert Gaming", "UCQs2eY7H_3oeicEzKmBVPGQ": "elizabeth whipple", "UCGp7xrWn3R6xh200Ai7rS-g": "everyone", "UCXeSPLtieQYEtsSa-MnpKkg": "emilylone", "UCovoWTouHlyJORdZrEIqEpQ": "emily _cookie", "UCqAE_VSlhJruP0nGl86Lbsw": "eXo", "UCo2eqya8Rj8vXiQgA21y_cg": "enomfon antai", "UCujQOyd71fQ-rl5NydalMkw": "edwin pepito", "UCosQhgGQsFZBu-OnKxCo2tw": "essence taylor", "UCBcPcgLQg9hUwI4jQ6a2xSw": "eXtr3me Storm", "UCqkZdD5AUfbZQOl_zmKLUzA": "ezel", "UCgyrLNN2Wuy2gr6tRi3XzQg": "egle LT", "UCihH1seUB7CGsjVPRDlLPDQ": "epic tom", "UC3zkKzT8xpA2VHV6JsTw5PQ": "endofsociety", "UCFOIXLfCDd6pWa4rrUsHZjw": "evildeadrising", "UCkrYuPlBUly-vGppwGuwFNg": "eldiabolo", "UCyaFcJ0gqgX_Z4y-zd3w2oA": "eLLe Pacheco", "UC6XD_fiOm4QzvnfmxbJDdHg": "elia vita", "UCNIv_kcCbAzxjkhjyh3Eljw": "etniess213", "UCm_TCLtKiwnW3fcvfss5TkA": "everlito donaire", "UCGKB7e8kIqvY_zTu2p6ZETg": "ender 3210", "UCwOzmz1GHaIluJ3K8K9Qytg": "envr_", "UC7gzk4u4FKJRWhE8cWdMoZQ": "ed edd", "UCCL_DjZ0vSChENUnlJS_W7w": "ezzaskywlker", "UC9xeuhw8THEN1swhFD634CQ": "ediah5", "UCrR_vHWIZOHD2k3O4BQh_qA": "eric maurer", "UCcQkSIxkss8Q4SmQVeGKsxA": "enter a name here", "UCh5fuyVfRtxdz9SyihtTfLA": "error", "UCr4BfIL1xepEmV8bzUEj-dg": "empty spaces", "UCZhWgQeRY9avh0ywmWggsvA": "enderman with a lower case e", "UCCcD9-cR5KwSzWscXj5qlFw": "elousdu93", "UC6CMsGR35l9tvg4FkV_Ih6g": "ekal tries to draw 2", "UCVCPPJ2Zv_jF1Kdc4kodNUQ": "extinctpower", "UC4Ee35omob-fL_5DixjLXCQ": "eric jensen", "UCiRZbfeWClyUrYsSQBeO39Q": "eh513", "UC8re5yI96DkHiAYyuxfhx1w": "euxollia", "UC0UsT4cveelpfWFVF79vh6w": "everlastingzee", "UC4tkdtjhw8bzL--Nlwp4xQw": "egg | brawl star", "UCFSRjcD1sUcTJkDrc3FC67w": "eggyvictory", "UCVILUJxK3vPmsZhTIZk47cA": "erica s", "UCVhTX86sdyGUd96hD5YH7ig": "e davis", "UCP6RF0GIO_W9S4sHBgVtuBw": "evie", "UCk-owvn8ag660PAa153XzPA": "exergyLab Space Science Channel", "UCiHOhCYG5ooO-o0wWCV7fvQ": "elprup playz", "UCwaGbqi1-aFGgE9wVsX-jqw": "enes752 / Science of Kingdom /", "UCnyMMXUKEYLcKzuenLLguPg": "eCreinna", "UCu31D5E8VdteNKJe0C_8Ddw": "ewokgrl", "UCuM-IPXYC0MJ0M6nQaua8lw": "esme n", "UCFob5IUN3pCJWamzFrSO6ag": "enragedninja", "UCXrf3PPFgb1jEHUawjlNuOQ": "earthexplorer1", "UCGgp7D-lGBZnvu-7-yqKLVA": "eLiSaBeTh MuTeBeRwA", "UCXncGqxrQrOnpW9pXkN6cdg": "edna edwards", "UCdsm8Efyl5epAVXDTIxnx-A": "erhe etrherh", "UC75NaGp152BY6DAl8wjghmg": "elliewellie", "UCzMbvWVGO7KZrBC3pW_sB4A": "echoeee", "UCGID-GLsaYmAx4TO34_bjpg": "el kilo", "UCZ0i5TBlzXVzUBcY7hnAGAg": "edison t", "UCO5bXEFkO4kbC8s31bdxgOQ": "emily ford", "UCtnYYDYidQiaKzuKjxgPOKQ": "elly", "UC0oKAEj_FgNqzbI-0bvkzzg": "ella gatcha roblox", "UCBLyrGwcMkgdHeW52JFU8aw": "ethan luke", "UCpUPbgBC6GegKbQfcIoWv1w": "eMercody", "UCEmeHmygqF56dPctaj8rCeA": "endy", "UCkbstEt7OGq3TthxMoQL6EA": "earthstrong", "UC3pK8J3NhK5CmsqwVk339WQ": "elefeH tneK", "UCAUJJPsaFva2QCTn0d68tgA": "eyesoulated", "UC9vGRQKlSHzhDFJC-ZbVOWQ": "eclipse.mp4", "UC9mh8jeEl34coJwuyOKyYBA": "eashan edara", "UCjNd5tshlfqe7T-5wX6vnAw": "eWaDo2191", "UCz44Lvcfn9CbPo4rgJ8QgWw": "elya foust", "UCqRorkx5rWexfjt2BNpq4GA": "enouk2", "UCYObehooo5cvGFUc0b0I-bg": "esi mansa", "UCZALbVmFeMpuGmI7SR0sUvg": "e lol", "UCgsAAvH56xL3EkLSqQI8NSQ": "emily bowman", "UClKWSW2MNWH-ZeeGjQtUPcg": "emshawaii\u00b0* #loosingsubs", "UCqQ0myNPjXxRnObPWe0c02A": "e1123581321345589144", "UCj0n-4-FrHlNeNh0GYaSiMQ": "elli anna tounta", "UCFjuAG1UWotiaO0qnC4A0yA": "gamesgonewrong", "UCc7g55hyH_Kcq5A2QbAA5kw": "gina farducci", "UCm-ovbPhzUooTHFQafpvzYA": "glendalis ramos", "UCk_sbcKIzu9k2MsBFTAahHw": "ghhbbgg", "UCPmGxMfwJN2LVPcaNUIUZ1Q": "gem sand", "UCoiFv6OrpjZdDUfLgetwzvg": "gamerguy", "UCxD87dy9MVAsppLmoP8l3iQ": "gagarinforeva", "UCLml-i9mNPMHAGA4nxhzSIw": "geminiblu40", "UC7MXKQKrtM0kcV1Q8lgEM5Q": "ganeshbtw_yt", "UCEfsUi11ZwlevnF8r6SgXAA": "gamer indonesia_yt", "UC5NuWjKHoz99At9cMRnH9YA": "goldmemberpb", "UCGbdsTmNtJx0QZf092YV_gw": "gabe gib", "UCTbIQM_XFJDpwvSKtxH7CuA": "gothiccat", "UC84lq6lcKFbrqzfw7zAdU6w": "game exe", "UC2Y628mnBbUXiZpwVLNavgQ": "gabby sierra", "UCS3Ot9rCrI2C7WZQ-5nU3gA": "golden", "UCaMi2n7nVc3wcUd-Bn0NgWw": "garfield smith", "UCeAwxeL8oOlUi101N6nJcMw": "gheamyelyunoandrei Madrista", "UCXK9fB_8m92FhfvcvyuCGZg": "grand chari\u00f3t", "UChW8EGd4QaGRmX0S2MIl0ig": "guyco10", "UC0oNuVOuJ2CWPildZHOLY0A": "guitfidle", "UCsVO-5uCl7M4wg0h3NB1euQ": "guy from squid game", "UCuiPLgQlmYWwt9KyczWhTZw": "g35girl1979", "UCmIAVR8zyNdxqgQgzRWOdVg": "gingercube", "UCXwYqXxABQRA2Btg1KMKHkg": "greenback001", "UCt6iTNoDArvr56f-TinR_wA": "georginich2", "UCRBgxlU5IxFEz7VksYOTkJA": "gamewarmaster", "UC4DsSBInLSb_z2lrHAE-dJQ": "gamingwithAnthony", "UCkUGnWgS0kHV6ZMs6aLLhNA": "gabriele spadone", "UCPaJs5or2kRe8xToGujfZdQ": "geoff26", "UCZ-GkSu6l5b_Vbl3nSJwsXg": "giveursnap", "UC7540ZHwd9ze3yOM_8St_iA": "garchdevc", "UCft9r2VqQKgs9cepy3hmx6w": "grntitan1", "UC6QU-zRDcYtpTKq4z92bbVg": "gym star", "UCEPsbtB7mQJyiNiAEluOV2Q": "gj7022o85 Gaming", "UCX0P5FCnS6hLlkui0tWND5Q": "generalZee", "UC881td4eTaBfogm-6MferiQ": "gnarl80fi", "UC073OvmucnalegEI2wUzoJw": "guest world how to's", "UCISxanEl2ebDxWM1xN6SwMw": "ghostman 428", "UCx3yCCQxe0jaBw74rIS9Q3A": "gonewith thewind", "UCmNLId0TwvvcQtWIK9dlB7g": "gina Okoye", "UCMZMa2Ydi8IxBAovYoKMipg": "gaming with jjj boys", "UCYt-ZYDvSzFGJtqMgsDhk4Q": "gerhij gf v", "UCpVlsMTjILdsREg0EOWOyOw": "gamerofflames", "UC0sbiZt1xvsluqezmjpISYw": "grumblefalls", "UCldwEzVHZ5nVkOfQqhVdoTA": "gaydinoosaur 22", "UCb_Z-zAI-2BrU4Uvj8riDCQ": "god emperor", "UCaG894YUHrEFZ349IW4o71g": "gonzolikesmovies", "UCTlZgXj1_np42CLWggD-h4Q": "geekdiggy", "UCHp6tIP_RyIqrrgo2g7YCIw": "gonta has big boobies", "UCXYZR3PzS81YCWLSSAj8N3g": "geraldine loungou", "UCnoK6lJM_R40Yl5PzK1lwCw": "girl4lotr", "UCmr6z-3ceL_uRtlxCm8QPmQ": "gaming with juice lemon", "UC-ZTsj0wcmxOoI1WpIHFfPA": "galaxy gamer", "UCArIrGnem59tOV0QNDHQIxA": "gaia aoi", "UCJYG77VfBU5JCxm-BSOFhig": "garry weinberg", "UCte3yHW5maAhs2jdCaMB9dw": "gamers for life", "UCS1PZCY7ohRF09S4ys_PVOg": "game man1", "UCzhfXFDuj-CWBSVvPAq7QOg": "ganjabong master420", "UCNE-gE8feRfDjAQ3wqnd98A": "gidomaj", "UCew_XBiZeSGCSImkg8eFBpA": "gonnahavemesomefun", "UCcZk5N92y3pQRtqX3zujOHQ": "glittering_rxses", "UCA_KEz0vFnfBMvBa52bCWKQ": "gtfomyeggs", "UCgqUl7tCPfGjTlm5ujM-cOQ": "gun man", "UC6uauhhWc1m6yh7Bumt-eUA": "gabryilmagnifico", "UCB2Tf3tzHqxJgk2C--Aa6CA": "gabriel aguilar", "UC67SkING80e3KoW9nBPKCvQ": "garbage", "UCuuNQoPQsgiC47PcW05ikqw": "gguktae. [the backup channel]", "UCWORt9ynYyYXinCyt8rrGpQ": "grand vortex", "UC3jHCSL7ZePa2SB73JaaFZQ": "glitched out", "UCTgxUwpAMFy7yctQtu7pCIw": "gemma boulton", "UCI9_KQj1_UaWpbSgW0EC3RQ": "glitched productions", "UCMkoOzDbTWbHkN5osvHOyKA": "goblins of war!", "UClFFW3-0tno1GqTnT103vzQ": "gbsavc", "UCr6KFrdXMW88rQYmdkWCyWg": "ghostlain", "UCGqBz7HNmCOjZHO3JatTTbA": "glizzyglory", "UC-GcodoecI54Wuljw8IEOEw": "gelloyangster yang", "UChG-CeKqNkHmHuh1GRgWE6w": "gertch100", "UCFD3P0p-WIO9dV9sk4aw55g": "gloomandglow", "UCjz7v4_YT4YNREFPotoTRag": "gLiTcH Uri", "UCrU8IJFg3Og6G3sN1yNUZvg": "gaming with cris", "UCs31l79f4EsP-KvCDG2xAQw": "gally torres", "UCSeFFQcm97XUQ_ArSjsADqw": "ghost", "UC37Cbwnya45vtrPzeoYcwpA": "golden fuser", "UCp5Psepjarv_2LsstNB8qMA": "goodbuddy316", "UCPcNs5exq6sptzukk0N6hrA": "gwen beats", "UCkfg7ykCoyqPu7_vsUmfrdQ": "gracelyn caya", "UC5yihG1lTEibMFaCW5UTd5w": "gabriel vlog", "UCV8jQl0LxL1wAYkijXMM-WQ": "girl rare", "UCgcXI3kJa7y7si073bbq2Iw": "geri martinez", "UCWYRnbZi19moqmsJcCCWuYg": "gabikam08"}