{
    "UCqQo7ewe87aYAe7ub5UqXMw": "House of Highlights",
    "UCwCj-mTphfnjBcRag6MEM2A": "ProjectJamesify",
    "UCR9Gcq0CMm6YgTzsDxAxjOQ": "Grian",
    "UC0VNRvMijMy6DtM9UgX46Og": "SocksReact",
    "UCR1IuLEqb6UEA_zQ81kwXfg": "Real Engineering",
    "UCzU8-lZlRfkV3nj0RzAZdrQ": "CONMEBOL",
    "UC5enhS5tdXhHNbj8s_kdBUw": "FusionZGamer",
    "UCTkXRDQl0luXxVQrRQvWS6w": "Dream",
    "UC0Wju2yvRlfwqraLlz5152Q": "PANDA BOI",
    "UCXrExb1m3VjR0m1_l9luxRQ": "PWR",
    "UCXg4rJUbDP1IP3TmZ9KDpJg": "Brianna",
    "UC52XYgEExV9VG6Rt-6vnzVA": "Destiny 2",
    "UCWJ2lWNubArHWmf3FIHbfcQ": "NBA",
    "UCczKsS4gTjJzU5zayrNnwEA": "Trevor Bauer",
    "UCy0tKL1T7wFoYcxCe0xjN6Q": "Technology Connections",
    "UCCyrXyelKeXFx5KDgldMmNw": "KINGDOM HEARTS",
    "UCRK4FDIkUyslEAUdyRDdCtQ": "NEWS9 live",
    "UCm99c6g9MKBL4lNTlWrjyFQ": "Checkpoint",
    "UC06E4Y_-ybJgBUMtXx8uNNw": "TheBackyardScientist",
    "UC3R57cNcy6hmpb-H4huxg6A": "Danny Kim",
    "UCSReacwdlGHHyTIyuROhVdQ": "AlishaMarie",
    "UCzXwjTI6c6mVn6oui_p6oiw": "SMii7Y",
    "UCGwcH4qnJ2qM_ZJUSFcAMAA": "JianHao Tan",
    "UC_pT_Iz6XjuM-eMTlXghdfw": "Max the Meat Guy",
    "UCRC6cNamj9tYAO6h_RXd5xA": "RTGame",
    "UCRlEFn0L2G_DktbyvN0AZ5A": "WadZee",
    "UCFrVj6wBM42y3XuKCAj8n5A": "SB737",
    "UC_IpSl6O_-IRAA6fiNs05Gg": "ABC",
    "UCsXVk37bltHxD1rDPwtNM8Q": "Kurzgesagt \u2013 In a Nutshell",
    "UCYJPby9DRCteedh5tfxVbrw": "Smosh Pit",
    "UCRwczJ_nk1t9IGHyHfHbXRQ": "Nathaniel Bandy",
    "UCvWU1K29wCZ8j1NsXsRrKnA": "LilyPichu",
    "UCTQVIXvcHrR9jYoJ6qaBAow": "M2",
    "UCNdpD9V0PIrH1glUJ6RG4-w": "FaZe Clan",
    "UCRilWe8hfa-jQhwqnoJFH2A": "Lauren Giraldo",
    "UCAiOm_ctP55xZ5aQyE4I92A": "B High Atl",
    "UCkoZyNqTZyBZ8nu8E_OSkWw": "Lauren & Arie",
    "UCUuMYw2l2UeWyTGYixYfRCA": "Evan and Katelyn",
    "UC1HL3TABt6QGd_P857BH_CA": "Evbo",
    "UC0YatYmg5JRYzXJPxIdRd8g": "beIN SPORTS USA",
    "UCQJWtTnAHhEG5w4uN0udnUQ": "Amazon Prime Video",
    "UCS5Oz6CHmeoF7vSad0qqXfw": "DanTDM",
    "UCz97F7dMxBNOfGYu3rx8aCw": "Sony Pictures Entertainment",
    "UCD1Em4q90ZUK2R5HKesszJg": "Clash of Clans",
    "UCZBY6V8Lxmwu8gGRBOyO11w": "Kubz Scouts",
    "UCzW6xLMls_RmIgP2SQsqtCw": "Life With mykel",
    "UCiJUp_NBW2D_UMQIvq2nlPg": "Zach King Shorts",
    "UCBa659QWEk1AI4Tg--mrJ2A": "Tom Scott",
    "UC8uA7pvD52YlcqTsjpH_Wzg": "ShadowApples",
    "UC4UNqGYuB2q49GzGD_CBIVQ": "TrixyBlox",
    "UCVTQuK2CaWaTgSsoNkn5AiQ": "HBO",
    "UC0DZmkupLYwc0yDsfocLh0A": "Jelly",
    "UCC0BPKJxAyxjQoRTYbpW0FQ": "Dallas Cowboys",
    "UCIGl_6GmKR7fPRBBDDRcR0Q": "Rainimator",
    "UCNqBpQg7xHDVkR_bzXl8gsg": "Darius Dinero",
    "UCuoAh9yGYHEgDU192P2WD9w": "snerixx",
    "UCke6I9N4KfC968-yRcd5YRg": "SSundee",
    "UCKv8Rrrdc9oxLJmdHItafLA": "ManlyBadassHero",
    "UCpXBGqwsBkpvcYjsJBQ7LEQ": "Critical Role",
    "UCeY0bbntWzzVIaj2z3QigXg": "NBC News",
    "UCtWJFkS6AQ4dQ_nUTBPWi4A": "GeorgeWasFound",
    "UC14fB9eWBu579yRWLUhbFdQ": "SystemZee",
    "UCJ5v_MCY6GNUBTO8-D3XoAg": "WWE",
    "UCodbH5mUeF-m_BsNueRDjcw": "Overly Sarcastic Productions",
    "UC3XTzVzaHQEd30rQbuvCtTQ": "LastWeekTonight",
    "UCuTQDPUE12sy7g1xf1LAdTA": "Noel Miller",
    "UCSwfc2p-jal4rKWaMzaNrlw": "De'arra Taylor",
    "UC4rqhyiTs7XyuODcECvuiiQ": "Scott The Woz",
    "UCvBHFNnPXt_re1WSdsennJg": "Hungrybox",
    "UCf5CjDJvsFvtVIhkfmKAwAA": "MGM",
    "UCEjBDKfrqQI4TgzT9YLNT8g": "Ghost Town Living",
    "UCJdxdc4MqvZRD9oFYoCl7wQ": "Tom Simons",
    "UCHYoe8kQ-7Gn9ASOlmI0k6Q": "The Food Theorists",
    "UCsN32BtMd0IoByjJRNF12cw": "60 Minutes",
    "UCwGEZhoIwu7GN44Xkr_fXwA": "styropyro shorts",
    "UCtylTUUVIGY_i5afsQYeBZA": "Lyrical Lemonade",
    "UC-ZhwyrLDrq5PrgSgT_rc1g": "Arnie Negrete",
    "UCLGe0PxyRFWmXVGJKq_gGvw": "fancy vlogs by gab",
    "UChfTcl5XfdTUCjkfuro982Q": "That's Amazing Shorts",
    "UCltTNcsPoyN8xvtTiFTT54g": "ms_pam_a_cake official",
    "UCv3umfEWPkjHMzbGZGfn_sw": "Billions on SHOWTIME",
    "UCefl-5pmhZmljwZTE2KrcdA": "VINwiki",
    "UCpB959t8iPrxQWj7G6n0ctQ": "SSSniperWolf",
    "UCVjlpEjEY9GpksqbEesJnNA": "mrnigelng",
    "UChh-akEbUM8_6ghGVnJd6cQ": "BWF TV",
    "UC6VAIqNQBc7ggiqvsOHOBqw": "NichLmao",
    "UC72ZaBKI-Bo5fjmWEYonhJw": "TyC Sports",
    "UCWS5x0aLgtpf26nxQW5BiLw": "Free Refills",
    "UCDVYQ4Zhbm3S2dlz7P1GBDg": "NFL",
    "UCfw6CRDOg5xQsB-2QNC_KUA": "Sketch",
    "UCtrTXHWdY1FmgmvfLI7cyRg": "TheLlamaSir",
    "UCVAYy7_zddIx6USjXscV9Vg": "Caylus",
    "UCsEukrAd64fqA7FjwkmZ_Dw": "GQ"
}