{
    "UCAC51Lw_eHFBfZwhk2Q4C3A": "BradMartin_",
    "UCw1SQ6QRRtfAhrN_cjkrOgA": "LazarBeam",
    "UC6c1z7bA__85CIWZ_jpCK-Q": "ESPN FC",
    "UC3Np7DUewV3LhtmR8BVDrCQ": "Dani Razooqi",
    "UCmo9ZEJ3ipgaZdkiRRYtLAg": "Dude Perfect Plus",
    "UC_guCQk0_fmS2BNk6fHzRjw": "Shenpai",
    "UChU3JRloULzdFX3aCu7BiSA": "DreamXD",
    "UCO7XVLiv_5iVIaxAsnEIiLA": "Block Facts",
    "UCpiCK8c6PBktcxq7Az_t4RQ": "The Swoon",
    "UCTSRIY3GLFYIpkR2QwyeklA": "Drew Gooden",
    "UC94lW_-Hr_uA7RcJ3D-WPOg": "Danny Duncan",
    "UC6107grRI4m0o2-emgoDnAA": "SmarterEveryDay",
    "UCPD_bxCRGpmmeQcbe2kpPaA": "First We Feast",
    "UC3EFKdXAU99j3ppGgvTz7XQ": "Bretman Rock",
    "UCKOvOaJv4GK-oDqx-sj7VVg": "Chubbyemu",
    "UCqTYHSnBUXZamsVcOlQf-fg": "The Cosmonaut Variety Hour",
    "UC_F8DoJf9MZogEOU51TpTbQ": "Clash Royale",
    "UCcVqCJ_9owb1zM43vqswMNQ": "BETNetworks",
    "UCV7lBBz6G20d87WoKFPjsPw": "Moose",
    "UCwIWAbIeu0xI0ReKWOcw3eg": "Unspeakable",
    "UCYkwcqwLUXZu3aJ7VO5VONg": "The Deegans",
    "UCx-KWLTKlB83hDI6UKECtJQ": "HBO Max",
    "UCLOIoa2aEGcM-z1hJx4vy4w": "Dancing With The Stars",
    "UCZ7AeeVbyslLM_8-nVy2B8Q": "Skill Up",
    "UC4514FwdRy5gI6CdC9GPb0w": "Chris Bumstead",
    "UCodkNmk9oWRTIYZdr_HuSlg": "GoodTimesWithScar",
    "UCbD8EppRX3ZwJSou-TVo90A": "Mnet K-POP",
    "UC5YJNT3kQrDCqetChCTKPHg": "Iam Just Airi",
    "UCDrLGkZTcNCshOLiKi5NtEw": "WGN News",
    "UCEg25rdRZXg32iwai6N6l0w": "Tottenham Hotspur",
    "UC58LMAlfwtGRNR6Xpd4DlSA": "Ligue 1 Uber Eats Official",
    "UCVIFCOJwv3emlVmBbPCZrvw": "Joel Haver",
    "UCbu2SsF-Or3Rsn3NxqODImw": "GameSpot",
    "UCzQUP1qoWDoEbmsQxvdjxgQ": "PowerfulJRE",
    "UCVhZyGllAVd-Wl6kNufV0uA": "JackManifoldTV",
    "UCnxxhf9PSA3VJ4Q80pWJoow": "Jeopardy!",
    "UCCqEeDAUf4Mg0GgEN658tkA": "Chris Stuckmann",
    "UCvsQyxpWFVX1LsVHchfaa8w": "PipBoyFresh",
    "UCiVJZlfcmWMUiXv5oywnDhQ": "Wifies",
    "UCr47E3UYaFoKU7Mroevt4aQ": "EmeliaHartford",
    "UCgR3SrM8T6GCFUTuxSFlR7A": "Anime Balls Deep",
    "UCSpFnDQr88xCZ80N-X7t0nQ": "Corridor Crew",
    "UCn_FAXem2-e3HQvmK-mOH4g": "GLITCH",
    "UC3sznuotAs2ohg_U__Jzj_Q": "The Film Theorists",
    "UCQeRaTukNYft1_6AZPACnog": "Asmongold TV",
    "UC5p_l5ZeB_wGjO_yDXwiqvw": "TommyInnit",
    "UC-hWvVvE-crFl5vg5G8QbqA": "BT Sport Boxing",
    "UCbAwSkqJ1W_Eg7wr3cp5BUA": "Safiya Nygaard",
    "UCIVSqoHCUN1XdEpiVItxfoQ": "aCookieGod",
    "UCEVVENPnHv-kcp2PqQuJvHg": "SecondsOut",
    "UCg4XK-l40KZD7fLi12pJ1YA": "Welyn",
    "UC8-Th83bH_thdKZDJCrn88g": "The Tonight Show Starring Jimmy Fallon",
    "UCCE5NVlm0FhbunMMBT48WAw": "Fundy",
    "UC-lCjm6VLCotg5ZOfJ7xF9w": "Hello Hunnay with Jeannie Mai",
    "UC1e6iW4ojbhn0gUCyvjawKg": "Westie",
    "UCKijjvu6bN1c-ZHVwR7-5WA": "BuzzFeed Unsolved Network",
    "UCvt0HYxX34vUvqu66HLXeUw": "rekrap2",
    "UC6D1L2vxEAg_Vi0JSxMBDgA": "Dan Rhodes",
    "UCg0FSqPeiGD_lIiPaaAehQg": "Valve",
    "UCHwpDpLoyJgtFXoAaaSut4Q": "Lionfield",
    "UCYIWAl9CEgVeIY8P8lHZdEQ": "Jenna Davis",
    "UC6pGDc4bFGD1_36IKv3FnYg": "Crunchyroll Collection",
    "UCnM02drQP-dF7WMgtJHR4Xw": "Mr. Nightmare",
    "UCh1QsxLVgYwn1PntCOHJxmw": "TheVincentMottola",
    "UC2mP7il3YV7TxM_3m6U0bwA": "jschlattLIVE",
    "UCxm10NbD7LF1fVYcbHbcbXg": "PBC ON FOX",
    "UC0k238zFx-Z8xFH0sxCrPJg": "Architectural Digest",
    "UCfiWa7d6um8dAb9hSz2UD-w": "Bryton Myler",
    "UC3v6sjWuPxtW36jQ-if4OuA": "Imbrandonfarris",
    "UCR0VLWitB2xM4q7tjkoJUPw": "Vlog Creations",
    "UCBJNt6QrHiLSOKhUMMzGQsg": "Ralf Dummer",
    "UC6MFZAOHXlKK1FI7V0XQVeA": "ProZD",
    "UCnPsWK-iGN9HCq1A9pwx8Vg": "Bratoons",
    "UC9YydG57epLqxA9cTzZXSeQ": "Call of Duty",
    "UC4G10tk3AHFuyMIuD3rHOBA": "RDCworld1",
    "UCMyOj6fhvKFMjxUCp3b_3gA": "Nick DiGiovanni",
    "UCJZam2u1G0syq3kyqrCXrNw": "PrestonPlayz",
    "UChRlaISXbl2gECFAmDzxgzg": "Westen Champlin",
    "UC4qGmRZ7aLOLfVsSdj5Se2A": "TheThings",
    "UCr1fdFXztwacnJ206hMgG7w": "Cas van de Pol",
    "UCV6g95OBbVtFmN9uiJzkFqQ": "CircleToonsHD",
    "UCsvn_Po0SmunchJYOWpOxMg": "videogamedunkey",
    "UCOn0gbCk9I-vinwgDUBvhcw": "Kyle and Jade",
    "UCPk2s5c4R_d-EUUNvFFODoA": "Gohar Khan",
    "UCzYfz8uibvnB7Yc1LjePi4g": "Aphmau",
    "UC0VVYtw21rg2cokUystu2Dw": "SmallAnt",
    "UCpCJ0y-_y03qPlG4zrYAAvQ": "Ken Block",
    "UC4waYXsuDuSEidJRX54zZHw": "Ar'mon And Trey",
    "UCqFMzb-4AUf6WAIbl132QKA": "NHL",
    "UCjjJ-q15P2jGygGh8qXMSxw": "Angry Thomas",
    "UCt91DQH52N4Jzxwo0IURAHA": "AuthenticTeeCee SHORTS",
    "UCVAbWl3d3XuHY28wU9DoDpA": "pierson",
    "UCGIY_O-8vW4rfX98KlMkvRg": "Nintendo"
}