{
    "UCpi8TJfiA4lKGkaXs__YdBA": "The Try Guys",
    "UCERUmrDh9hmqEXBsnYFNTIA": "DashieGames",
    "UCIOrUVVyfoWnmcwG6IwCULQ": "Loserfruit",
    "UCR_J_SntqJh5eXw66d5hJxA": "Matthew Beem",
    "UCNye-wNBqNL5ZzHSJj3l8Bg": "Al Jazeera English",
    "UCHRTfR2r0Ss3UjFyw7gSA-A": "Ryguyrocky",
    "UCCbDhjYocBWYPTqoUONCPRA": "Allie Schnacky",
    "UCuN9hYw2RpoAW8rZ3VK3isA": "NASCAR",
    "UCugJq15BiB-c1NDYPHiznWQ": "Total War",
    "UCXVxMuWK6l_pCyxEk07EIRw": "STARZ",
    "UCRijo3ddMTht_IHyNSNXpNQ": "Dude Perfect",
    "UCEdTLCzuunuFLbAVfD1-Jpw": "The Blondie Boys Shorts",
    "UCq3QBWXCKvMnltjwqWuB5bQ": "Cam&Fam",
    "UCjbhchq-wEJBNJ-_faXsOmA": "INTHESOOP_TV",
    "UCjmJDM5pRKbUlVIzDYYWb6g": "Warner Bros. Pictures",
    "UC1T0JN1hhHfNsiKtqKn_dEQ": "Sarah Schauer",
    "UCA19mAJURyYHbJzhfpqhpCA": "Action Lab Shorts",
    "UCja8sZ2T4ylIqjggA1Zuukg": "CBS Sports HQ",
    "UC9PIn6-XuRKZ5HmYeu46AIw": "Barely Sociable",
    "UCXOE3YlluOUu_-5DdUUbAtw": "WSOCTV9",
    "UCUKi4zY5ETSqrKAjTBgjM-g": "sWooZie",
    "UCqZQlzSHbVJrwrn5XvzrzcA": "NBC Sports",
    "UCXcMEuLWTxA2D8IZcfouBiA": "Davidjustinn",
    "UCwx2yZG4irNLMDBuB-JGxMw": "TapWater",
    "UClOf1XXinvZsy4wKPAkro2A": "PlayOverwatch",
    "UCeBnbqt4VRhotq2TQjkIi2A": "LaurenzSide",
    "UCSo19KhHogXxu3sFsOpqrcQ": "TUDN USA",
    "UCkDtCKtPKlsg-gJO_m5D0mQ": "Telepurte",
    "UC-SV8-bUJfXjrRMnp7F8Wzw": "Roman Atwood Vlogs",
    "UCJcQeT8LADOXRROXCGM4dRg": "TheCrazyGorilla",
    "UCKaCalz5N5ienIbfPzEbYuA": "Jordan Matter",
    "UCF9imwPMSGz4Vq1NiTWCC7g": "Paramount Pictures",
    "UCY30JRSgfhYXA6i6xX1erWg": "Smosh",
    "UCE86oyLVAcsSkRAEWVtDUlA": "4 Shooters Only",
    "UCe7cIhm4_RWsThRzBCXtmOQ": "ABC11",
    "UCOxoGn23BBHWghJelrqGkhg": "Braydon Price",
    "UCzMjRlKVO9XIqH_crIFpi6w": "Skeppy",
    "UCqseWqrl7r-hNoWme7hIfTw": "Rebecca Rogers (Mrs. Rogers)",
    "UCYCOimM5ykUJO4WrZD7kDeQ": "Jaycoset",
    "UCxl79GCsb6-xhrdQuPgnuJA": "Acura",
    "UCq0OueAsdxH6b8nyAspwViw": "Universal Pictures",
    "UCY8SLLJjWpS4sx1dEqECaIw": "Tyler Oliveira",
    "UC4ijq8Cg-8zQKx8OH12dUSw": "Kara and Nate",
    "UCnmGIkw-KdI0W5siakKPKog": "Ryan Trahan",
    "UCHxSZ6vUjipY6rf4bWnIJ1A": "watchyourhaircut",
    "UCE_--R1P5-kfBzHTca0dsnw": "Complex",
    "UCTz8K5TMmkQkRArybXfoVDg": "Investment Joy",
    "UCjpPTefVqOp_sPToSyUaEMg": "Mr.Askick",
    "UC1KsxDW7hhfeq5QQmFtInIw": "julien solomita",
    "UC0h07r_UgTD0Tc-Dn5XLX3g": "Wisp",
    "UC6QWhGQqf0YDYdRb0n6ojWw": "Brooklyn and Bailey",
    "UCDZH6sjXpWd1k9kJyXJZn9g": "Cj Dachamp",
    "UCPgMAS8woHJ_o_OZdTR7kcQ": "Peacock",
    "UCcW055_DGSkCEGWoKsW7gFQ": "scribblejuice",
    "UC-8zLYB2DB1fFCP3KJxe0Sg": "MiniBloxia",
    "UC2D-GCxeE69hCUmRwISXABw": "Logdotzip",
    "UChKqgm5CfsjC_bXiZlVnACA": "Bigwunna",
    "UCRw5sR-ZubiAr3Dxh_sJ64w": "THE WADS",
    "UCVJgocEWT3u49_4GtulGHnQ": "Off Grid w/ Jake & Nicolle",
    "UChFDOD4WPd2FgTCkSA4qzXg": "Vader's Fortress",
    "UC7FldPQ7aT7Slikg7tZc30g": "Mitten Squad",
    "UCY4AlDv6wL2qhrX29iwdqAg": "2HYPE",
    "UCUaT_39o1x6qWjz7K2pWcgw": "Beast Reacts",
    "UC3L9XPe0_FGfRG-CMGtBvFg": "JxmyHighroller",
    "UCSUf5_EPEfl4zlBKZHkZdmw": "Danny Gonzalez",
    "UC9tXyGZiEft9J4ZiI8dHb3Q": "TapL",
    "UCxDZs_ltFFvn0FDHT6kmoXA": "bald and bankrupt",
    "UCQ7Lqg5Czh5djGK6iOG53KQ": "Wolves",
    "UC6nSFpj9HTCZ5t-N3Rm3-HA": "Vsauce",
    "UCKQECjul8nw1KW_JzfBTP1A": "KPRC 2 Click2Houston",
    "UCLaduTRRWdzU8kq9AoqTRlw": "RellGames",
    "UCXMwCQVey4PhdWFJ6WhAVhA": "SockStudios",
    "UCtWIUAvZuWaNorJImG2Riqg": "Damn Seconds",
    "UCo00rI10S3Wpk4hVkL5IDTg": "Alex Choi",
    "UCJbYdyufHR-cxOuY96KIoqA": "AMP",
    "UC-O9o5coq8iFSVthivq__tw": "Lexi Hensler",
    "UCFKDEp9si4RmHFWJW1vYsMA": "EthosLab",
    "UCvNBXWGykQrWb7kPAn5eLUQ": "Battlefield",
    "UCEvC-HQ7ST5h8iC1IDgVtgw": "Telanthric",
    "UCBVEb6W9dMpIConICMS0B5Q": "ImNotaCasualty",
    "UChnGFN2LRHBq-0PM6dOaq5A": "Bachelor Nation",
    "UCIPPMRA040LQr5QPyJEbmXA": "MrBeast Gaming",
    "UCpIafFPGutTAKOBHMtGen7g": "Gus Johnson",
    "UCiS882YPwZt1NfaM0gR0D9Q": "Genshin Impact",
    "UCsEgeyBfOnGGBpjIvkDJbWg": "Socksfor1",
    "UCh8gHdtzO2tXd593_bjErWg": "Doobydobap",
    "UC_ovJB6xS99RQGIq7ik5T_A": "Benny Soliven",
    "UC35TiyFAjzQCyOrFt5ccbhw": "JGGLS",
    "UCpOXWy4Erc4UNoxI9xW-CXw": "Steel Wool Studios",
    "UCSJWlswfVUgyVliZaEFoaBw": "TheSorryGirls",
    "UCfPUcG3oCmXEYgdFuwlFh8w": "Dingo Doodles",
    "UCBgcPSn61UQ4l_-FvcEgLQA": "NBC 6 South Florida",
    "UC0Eqb484X8EiNrFLSUQVsaA": "SoundSmith"
}