{
    "UCkUpZKOMik8bWhqUF_kYLiw": "Ghoulz",
    "UCeNTdh4BSHHVqAXB-2D5P4Q": "Elsy Guevara",
    "UC6xSN0oY2I9U_9xTo2RjE7g": "Jeremy Hutchins",
    "UCWzLmNWhgeh3h1j-M-Isy0g": "TheRussianBadger",
    "UCC-RHF_77zQdKcA75hr5oTQ": "FGTeeV",
    "UCR-QYzXrZF8yFarK8wZbHog": "Colleen Ballinger",
    "UCA2tt9GSU2sl8rAqjlLR3mQ": "GeorgeNotFound",
    "UCQZi2YXSxc6BSK4mZHql8ag": "SportsNation",
    "UCEr55381WIqO1w_IzgcI5DQ": "Anwar Jibawi",
    "UCAPw1N3BiVWTW6T-I2ReBWg": "courtreezy",
    "UCNSzfesc7IgWZwg4n6uXr1A": "Tucker Budzyn",
    "UCHu2KNu6TtJ0p4hpSW7Yv7Q": "Jazza",
    "UC7NCg0venpKJg3kuJojKlbQ": "HALO",
    "UCeI--jINF0G1jmDVjT2PX_Q": "D'Vontay Friga",
    "UCFbZ2e9IrPejOdp8wsKUxvA": "QuackiTwo",
    "UCvK4bOhULCpmLabd2pDMtnA": "Yes Theory",
    "UCoc_XJPj6YLMQDWtPDQcDtA": "Brad Mondo",
    "UCojEXrCBzO-cP2N5YlRcrWw": "Daniel Krafft",
    "UC2-BeLxzUBSs0uSrmzWhJuQ": "20th Century Studios",
    "UCtNdVINwfYFTQEEZgMiQ8FA": "Bailey Sarian",
    "UCZDdF_p-L88NWVpzF0vjvMQ": "Louie's Life",
    "UCtab7TqLkMFc9MzOMvx5b-g": "Frank Michael Smith",
    "UCUOZvgB9Q8AgZjjLYcLWztQ": "SEC Shorts",
    "UCzH3H8sRfqH3rEVZcpTV2Cw": "MrRoflWaffles",
    "UCFmhLDjF1bB6-rbv9TBqeQg": "SoaR Milo",
    "UC-SJ6nODDmufqBzPBwCvYvQ": "CBS Mornings",
    "UCKGNVB2moP-zeAWPmw8HvAA": "Craftee",
    "UCwtnkRZcvL4bfopzJ-Von8Q": "merrelltwins",
    "UCQjKMGUEzBmEHltb1OIMLUg": "Larryzaur",
    "UCLBxN_kcGhhaEqCGZRpp8_g": "Luna Smart Gadgets",
    "UCiufyZv8iRPTafTw0D4CvnQ": "Neebs Gaming",
    "UCshoKvlZGZ20rVgazZp5vnQ": "CaptainSparklez",
    "UCWBWgCD4oAqT3hUeq40SCUw": "Sambucha",
    "UCSAYHSNaY5_UEol4_frPurg": "MandJTV",
    "UCiceQ96aHdwwve2vpCSbbNQ": "Allen Tsai",
    "UC0Wwu7r1ybaaR09ANhudTzA": "Tampa Bay Buccaneers",
    "UCb8vrqP8Z7Oz9ZTYvUtjUHQ": "Daniel LaBelle",
    "UCo_IB5145EVNcf8hw1Kku7w": "The Game Theorists",
    "UC1sELGmy5jp5fQUugmuYlXQ": "Minecraft",
    "UCCigEaEk-_gOrNlPdseG1pA": "Alexa Real",
    "UC0psAD-M4X6O0yC_hFRK4hw": "AlondraDessy",
    "UC2rWFYjCHFcnjNnWhnGvv7Q": "Carmen and Corey",
    "UCe8D5lo_zrqS8xtsNspeCgg": "MONEY TALKS WIRELESS",
    "UCinjnmQEwCddOudyCC1v7qA": "KTLA 5",
    "UCvC4D8onUfXzvjTOM-dBfEA": "Marvel Entertainment",
    "UCkvK_5omS-42Ovgah8KRKtg": "jeffreestar",
    "UC74U1KDtashP19m2U9eTshw": "Our Tribe of Many",
    "UCBNG0osIBAprVcZZ3ic84vw": "Jim Browning",
    "UCPH_47xeq7aOHPOTrzNKpHg": "Rap Radio",
    "UCJHA_jMfCvEnv-3kRjTCQXw": "Babish Culinary Universe",
    "UCLXzq85ijg2LwJWFrz4pkmw": "Skip and Shannon: UNDISPUTED",
    "UCVMc-W1-nhYb_1AR-Ll7zIw": "Bancily",
    "UCkg2ZDee9ZLBCd2LVB6DPHA": "AR12Gaming",
    "UCmGSJVG3mCRXVOP4yZrU1Dw": "Johnny Harris",
    "UCyps-v4WNjWDnYRKmZ4BUGw": "Airrack",
    "UCGwu0nbY2wSkW8N-cghnLpA": "Jaiden Animations",
    "UC4lGgdCua7DgZ82fhgxQJ8Q": "\u957f\u6c99\u4e00\u5bb6\u4eba-  Funny family",
    "UCywGsTdh_qqZUYmA2Gro2CA": "Loic Suberville",
    "UCrRttZIypNTA1Mrfwo745Sg": "Paramount Plus",
    "UC0ZV6M2THA81QT9hrVWJG3A": "Apex Legends",
    "UCVpankR4HtoAVtYnFDUieYA": "zefrank1",
    "UClyGlKOhDUooPJFy4v_mqPg": "DougDoug",
    "UCzfyYtgvkx5mLy8nlLlayYg": "Vivziepop",
    "UCV9_KinVpV-snHe3C3n1hvA": "shane",
    "UCjSKDpYQkGS005Vf13NAe8A": "Bravo",
    "UCB_qr75-ydFVKSF9Dmo6izg": "FORMULA 1",
    "UCkLf-v4v4Za9buNn3V5Bzeg": "George Foreman",
    "UCoLrcjPV5PbUrUyXq5mjc_A": "MLB",
    "UC2OTr2ZnuJg1TAZ5_xcb9Rw": "NotNico",
    "UCWwWOFsW68TqXE-HZLC3WIA": "The ACE Family",
    "UCiWLfSweyRNmLpgEHekhoAg": "ESPN",
    "UCYzPXprvl5Y-Sf0g4vX-m6g": "jacksepticeye",
    "UCUK0HBIBWgM2c4vsPhkYY4w": "The Slow Mo Guys",
    "UCUZlKYk41xcTr8clz6S8DPA": "bwaap",
    "UClOGLGPOqlAiLmOvXW5lKbw": "MandaloreGaming",
    "UCGLDtG2tl0uG8P0eNstbLUA": "Tool_Tips",
    "UCP1YcvxeNRHEcqyBk_7mjVg": "Dark Corners",
    "UCircJf-FlToBNjuy9xG-i5A": "Watcher",
    "UC9BgqXldGODtJszmPOmzVDw": "Jamesify",
    "UCjZ7QPKb89R-4SxzBoceyOg": "Telemundo Deportes",
    "UCqcolinf4cx46iiPui7Jgqw": "Christine Jewellers",
    "UCMOqf8ab-42UUQIdVoKwjlQ": "Practical Engineering",
    "UCZ3AmknSJtbzXCeO5a4peoQ": "LazarLazar",
    "UCHZ986wm_sJT6wntdDTIIcw": "FitMC",
    "UC9LQwHZoucFT94I2h6JOcjw": "Liverpool FC",
    "UCfuHLNojyt-1tgYe7HH9s7w": "GameMill Entertainment",
    "UC-p0spaVdbhBSLc2ajYQEoA": "QTube",
    "UC8TOSHpiM1hjNTNyHReLe5g": "TheMagicMatt",
    "UC9HQXWbt14wTdr_Tzc8ZE0A": "Anthony Youn, MD",
    "UCqFzWxSCi39LnW1JKFR3efg": "Saturday Night Live",
    "UCj6CFdE3LSddaoszxq604TQ": "TimTom",
    "UC3xZYc4SZUGfRERIvDRGqDQ": "Skip the Tutorial",
    "UCfLuMSIDmeWRYpuCQL0OJ6A": "Kwebbelkop"
}