{
    "ex98DxvUiAc": "Guess Who\u2019s Back!",
    "8y9QnS_tMkY": "The Ultimate \"Kung Fu Panda\" Recap Cartoon",
    "IwTkLFYYBKc": "Old Master, New Tricks! (Clash of Clans Season Challenges)",
    "2_9LOiY9Lpc": "Making Spiral Light",
    "bUrxLCWy-us": "I Highballed People on Facebook Marketplace",
    "65yHrAJhHMk": "Out of pocket tik toks 4",
    "VAnS_67h1Fw": "hi (what's going on with me)",
    "wgZes7y6Bh8": "Meet My Boyfriend...",
    "3iEHVVgCTPI": "Aang Showcase \u2013 Nickelodeon All-Star Brawl",
    "PxsGaHMQTC4": "Realistic Golem Transforming",
    "4P8fKd0IVOs": "How Does The James Webb Space Telescope Work? - Smarter Every Day 262",
    "g9pyKmmF3VM": "1500rpm Slow Motion Paint Flinger - The Slow Mo Guys",
    "p_i-ferkaoM": "Guess the color challenge, too high, save it for later play! ! # Funny # Party Game Challenge#shorts",
    "tu-w3QDw46w": "Zillow Gone Wild, Sacrifice Edition! (feat. Brittany Broski) | Sarah Schauer",
    "lwRkRFnbMTQ": "TotalEnergies BWF Sudirman Cup 2021 | Chia/Soh (MAS) vs Gideon/Sukamuljo (INA) | QF",
    "WrX1aGHK1lM": "Enter the World of Grand Cathay | Total War: WARHAMMER III",
    "q-1HikE4b54": "The Book Tied To 75,000 Disappearances",
    "C8RAVJV6Je4": "Stephen A. reacts to Joel Embiid calling Simmons\u2019 situation \u2018borderline disrespectful\u2019 | First Take",
    "vKTl6DczK9k": "Jaguars vs. Bengals Week 4 Highlights | NFL 2021",
    "itWFfuFFoSI": "The Best Selling Consoles of All Time - Scott The Woz",
    "g7yKe_W_nRY": "Finding Our Makeup at a CLEARANCE STORE!",
    "707Rhr-QD3Y": "i have been exposed.. again..",
    "vWT6YhSs76c": "If Black People Were in Squid Game",
    "iGVpcKidejI": "You Laugh You Lose Is Even Funnier In Real Life...",
    "V3Ql2DthLJ8": "GENIUS INVENTIONS THAT SHOULD EXIST EVERYWHERE!! #Shorts",
    "DjRwSlVmEbc": "I Survived 100 Days as a PANDA in HARDCORE Minecraft!",
    "97Z3qSSbwkY": "Was LOST even a good show?",
    "BDsaIzfB_qc": "Switching CREDIT CARDS w/ Alisha Marie *no limit*",
    "zk7_fyQDc5s": "Taking Air-Delivery of my First Supercar!",
    "jJie6c5vJJs": "drunk lily & drunk michael",
    "iTSn_mCgQ0c": "1 In A Million Coincidences! \ud83e\udd2f",
    "iyM0rkoO-XI": "Dangerous Toys - Gas Powered Pogo Stick from 1960's",
    "oCBF03d4u0o": "How LEGO Super Mario 64 TRIGGERS You!",
    "mraaayzfg9w": "Mini Crewmate Kills in Squid Game | Among Us",
    "3tWbx5YhGF0": "can 1 pixel of water save you?",
    "1ERTKpn9qI8": "MY BEST FRIEND IS PREGNANT FOR A DAY!",
    "hePyHdb6CMk": "I Survived 100 Days as an ENDER DRAGON in Minecraft",
    "1jrZrVGQoZ0": "DISMANTLING A RUTHLESS CLAN - Rust",
    "KSUWDJXPk6o": "Trying The Squid Game Honeycomb Candy Challenge",
    "kpNjkd4rVXM": "Philza And Wilbur TEACH Tommy To FLY And Its SCUFFED LORE! ORIGINS SMP",
    "tzU2P1JfEJM": "Switching CREDIT CARDS w/ Lauren Giraldo!! *no limit*",
    "WTyBK0w90T0": "Brock Lesnar lays waste to Roman Reigns and The Bloodline: SmackDown, Oct. 1, 2021",
    "0MGmz9zxBG8": "IF I SCREAM YOU WIN $20,000!",
    "sJ6SQBWCPcQ": "Realistic Water in Minecraft...",
    "tUeIM8iTx3Q": "Minecraft, But There's Custom End City Items...",
    "9KapEXWynrA": "Inside Nina Dobrev's 1920's Spanish-Style Home | Open Door | Architectural Digest",
    "RrwQG38ovYw": "SURPRISED BEST FRIEND WITH A YACHT AND THIS!",
    "dPnSpIKbgfg": "Pranking My Guy Bestfriend \ud83d\ude05\ud83d\ude02 #shorts",
    "L5jBHzsLiwQ": "Mini Crewmate Kills Squid Game Characters #1 - Among us",
    "MhaZFNjaIw8": "Rosie Steals Caillou's Snickers Bar Rap #shorts",
    "1yLK-yfM3sc": "Kleavor Pok\u00e9mon Meme Review",
    "OrcIAKgimfk": "She Wants Us DEAD! \ud83d\udc80 Dark Deception Chapter 4 (FGTeeV Telekinesis Gameplay)",
    "wHJBH4uwNfA": "Try Guys Get Gen Z Makeovers",
    "H9yhnMIpRS8": "VFX Artists React to SHANG-CHi Bad & Great CGi",
    "6K_oo-AeNWQ": "I Ordered Pizza. It went wrong somehow",
    "8ghEl_ibLiI": "I REALLY NEED YOUR HELP",
    "uzEPvj46rGQ": "Biden Unites Democrats Cold Open - SNL",
    "XFZxbKmUCp0": "Farewell, Naruto | Boruto: Naruto Next Generations",
    "qNUTz6dk4HE": "13 Types of People in SQUID GAME",
    "asasI0kxZrU": "Building AUTOMATIC FARMS in Minecraft Hardcore (#52)",
    "Sd7E_EQxy_g": "Hermitcraft 8 Episode 14:  BETRAYING BOATEM",
    "afCRuGS5zJo": "Film Theory: Venom's SECRET Weapon! (Venom vs Carnage)",
    "emcfCsiIdE0": "Introducing The World's First STREET LEGAL Lamborghini Super Trofeo Evo - Unicorn V4 [4K UHD]",
    "-u5Dzq83YOI": "I started a War over a Piece of Paper",
    "xXTK7Atcgio": "Luis Suarez SCORES as Atletico Madrid dominates Barcelona | LaLiga Highlights | ESPN FC",
    "nv6kbR-0tMQ": "I Found the RICHEST Server in Minecraft! *millionaire*",
    "jXxwVUYhseU": "I have skin cancer",
    "gXvPIdLWYQs": "Rennes vs PSG | LIGUE 1 HIGHLIGHTS | 10/3/2021 | beIN SPORTS USA",
    "yEHAv9_OwY0": "*JOB SIMULATOR* Mod in Among Us",
    "2fsM4KLI7TI": "Best Bottle Flippers Challenge",
    "C2dj59Db1C4": "School Board Meeting - SNL",
    "GHkUdA68YNI": "The Demonic Possessions of Loudun \u2022 Puppet History",
    "EAp1piWU4pQ": "Weekend Update: Pete Davidson on the Met Gala - SNL",
    "dwI6JYirwzo": "1v1ing Players I Eliminated In Season 1...",
    "qlbBVSpVhjM": "JAMIE OLIVER FINALLY IMPRESS UNCLE ROGER?",
    "p3c4FneCNCU": "Minecraft, But You Can't Leave The End...",
    "laDllIpLs2s": "I Got A 5 Ton Military Truck For My Ghost Town!",
    "75yLWfqDTIU": "So I Destroyed *TRYHARDS* While Using A *FACECAM* In Roblox BedWars!",
    "eFyMO9ro9mI": "Minecraft but all Mobs are Dragons",
    "wVD7TB0VUVI": "A DOUBLE FOR HWANG! | Wolves 2-1 Newcastle | Highlights",
    "0FkYz2-KVS0": "Version 2.2 Special Program\uff5cGenshin Impact",
    "PukB9J1Mih8": "Version 2.2 \"Into the Perilous Labyrinth of Fog\" Trailer | Genshin Impact",
    "ZUS8XfybkxQ": "Real Things Said in Classrooms Pt. 31 #shorts",
    "N9Ujzz7AQpk": "Shaq spends $400 Million \ud83d\udcb0 | #shorts",
    "_Lx5VmAdZSI": "Facebook Whistleblower Frances Haugen: The 60 Minutes Interview",
    "DqwvyZxcW3g": "NETS at LAKERS | NBA PRESEASON FULL GAME HIGHLIGHTS | October 3, 2021",
    "g2rk1MA-aLU": "Facebook, Instagram and WhatsApp down in global outage",
    "9W74aeuqsiU": "PFAS: Last Week Tonight with John Oliver (HBO)",
    "A2g4u9F9i90": "I thought the Schmid Peoplemover was impossible",
    "aEOX3OYIkds": "SPOOKY HELLUVA BOSS + HAZBIN HOTEL HALLOWEEN DROP!",
    "wYoSuBUrcFQ": "Minecraft but I battle the NOOB KING",
    "wN_s6_S2ppU": "SEC Shorts - Alabama and Georgia get sent to the principal's office",
    "y3VebhRs0GQ": "Buccaneers vs. Patriots Week 4 Highlights | NFL 2021",
    "8phM1_ODAIE": "Countdown to Tyson Fury vs Deontay Wilder III | PBC ON FOX",
    "4iVpjqcSzQw": "Liverpool v. Manchester City | PREMIER LEAGUE HIGHLIGHTS | 10/3/2021 | NBC Sports",
    "j34GWfCyC1E": "*ANGRY* IMPOSTER in Among Us",
    "WNLRVNbNNW0": "Dwight Howard Gets a Tech for Talking to James Harden During Flagrant Foul Review \ud83d\ude05\ud83d\ude2d",
    "Q6nrP6zKhmA": "Yes, that IRS letter you got in the mail is legit | WSOC-TV",
    "bGIaSg9RlDU": "what happened / the answers",
    "hhmTrkxBNKc": "Panthers vs. Cowboys Week 4 Highlights | NFL 2021",
    "laRhj-bERB0": "Fake Bartender Puts Full Size Umbrella in Customers\u2019 Drinks",
    "uRBsnXLLC3Y": "Clash Royale: Get SHOCKED in Shocktober! \u26a1 (New Season!)",
    "60fbrXXIRI8": "Billions Season 6 (2022) Official Teaser | SHOWTIME",
    "6GM9aDU_9cE": "ARIE RE-PROPOSES AND SURPRISES LAUREN WITH A NEW ENGAGEMENT RING !",
    "QzjnugM8RXM": "Cardinals vs. Rams Week 4 Highlights | NFL 2021",
    "BiXOs0YuJvE": "Tom Brady on Return to New England, Breaking All-Time Passing Yards Record | Press Conference",
    "vfG6Zu3WkrA": "BUILDING a *THANOS* ROBOT ARMY in Minecraft (Insane Craft)",
    "bk284SXBxoo": "Deltarune Is An Experience | Chapter 1",
    "YEaa62uBGa0": "Halo Infinite's multiplayer is very, very, very good (Impressions)",
    "lapFQl6RezA": "The Insane Engineering of the 787",
    "Ai5vNEDY8V8": "CM Punk Goes Sneaker Shopping With Complex",
    "Fxn9yKqz66k": "Anderson Cooper on witnessing Tony Bennett's final act",
    "L-q6Gz_4Yqc": "Super Smash Bros.\u2122 Ultimate \u2013 Battling with Sora \u2013 Nintendo Switch",
    "fNwwt25mheo": "House Of The Dragon | Official Teaser | HBO Max",
    "361LgylscdI": "Super Smash Bros. Ultimate Sora Reveal Trailer",
    "B7gKA1o31rM": "The Best Friend's Betrayal Caused By An Internet Monster ?? | Mystery & Makeup | Bailey Sarian",
    "nzWLvjloblc": "WARRIORS at TRAIL BLAZERS | NBA PRESEASON FULL GAME HIGHLIGHTS | October 4, 2021",
    "Gj45dMUaLbc": "THEY ACTUALLY ADDED SORA TO SMASH ULTIMATE",
    "EmwWVGm6P_c": "I Cheated with a \"FAKE\" Professional Builder in a Building Competition...",
    "qlKTNK7HKic": "Peacemaker | Exclusive Clip | HBO Max",
    "3Ic1s8wELrc": "SQUID GAME: THE VIDEO GAME!",
    "gG1mjH2Dd6k": "Smart Appliances, Gadgets For Every Home \ud83e\udd29 Versatile Utensils, Kitchen, Makeup, Beauty #Shorts",
    "Ncs06UwPe2Y": "JoJo Siwa\u2019s Argentine Tango \u2013 Dancing with the Stars",
    "VTVX9xw9OL0": "Ken Block Shreds  Audi  e-tron Vision GT Prototype & 11,500rpm Audi V8 DTM Car",
    "e0ogNfICYek": "TOKYO REVENGERS = BLACK AIR FORCE ENERGY THE ANIME 2",
    "tivlrT6TSHA": "KINGDOM HEARTS 20th Anniversary Trailer",
    "ddZzhumKs6k": "Knot",
    "sJ78CXTjtqE": "'Get us out of this horrible mess': Brian Laundrie's sister pleads for him to surrender to police",
    "f-1Pkce_jK0": "$10 DATE VS $10,000 DATE! - Merrell Twins",
    "gMbUeO4iGhY": "Why SpaceX Cares About Concrete",
    "foyDzdFbCmA": "[In the SOOP BTS ver. Season 2] Official Teaser 2",
    "I1Rei-EpAB8": "Behind The Set Of Squid Game",
    "zoXwtMbAqWI": "How One Mistake Changed The Entire NBA",
    "ynhNuSs2Xs0": "TOOK OUR BESTFRIENDS ON A YACHT! **Elsy's Bday**",
    "0lUesZzjO00": "Doctor Reacts to Severe Eczema Problems #shorts #eczema",
    "gF69voHU_ys": "A Mukbanger Ate 1 Gallon Pickles. This Is What Happened To Her Brain.",
    "BX-YLG7wQmA": "Buying The Bass Pro Shops FOUR-WHEELER! Is it really JUNK?",
    "z4jlhW4Ws2s": "Venom 2 - Cosmonaut Quickie",
    "as2u_EGqyqE": "I AM IN PAIN!",
    "NvXRgTj4wG4": "HAWKS at HEAT | NBA PRESEASON FULL GAME HIGHLIGHTS | October 4, 2021",
    "kbgUCVwbW3Y": "STADE RENNAIS FC - PARIS SAINT-GERMAIN (2 - 0) - Highlights - (SRFC - PSG) / 2021-2022",
    "2yNnklW5HZU": "Highlights: Liverpool 2-2 Man City | Salah's sensational strike in thrilling draw",
    "cR9J_lRPzYc": "H\u00f8jbjerg goal & two Son assists secure return to winning ways | Highlights: Spurs 2-1 Aston Villa",
    "3FRN4ZkYKho": "pay to win squid games",
    "xPLDmGVHQW0": "Do you mind wearing a mask? \ud83d\udc80",
    "XH4Y8rziMg0": "A Month In The Life Of Tom Simons",
    "qo9Ri1qPInM": "The Squid Game Cast Reveals All Including Origin of The Red Light, Green Light Doll | Tonight Show",
    "l0bzbVewmfY": "Minecraft, But I Add A Marshmallow Every Minute...",
    "ngTnjhV1fHs": "LAKERS at SUNS | NBA PRESEASON FULL GAME HIGHLIGHTS | October 6, 2021",
    "PyLy4MgZXw0": "SURVIVING SQUID GAME in GTA 5",
    "7wVXO3Z7q2k": "I made a custom mod in minecraft with your ideas",
    "gs0rZx309h4": "Insanely Realistic Minecraft (wow)",
    "CVl0hTaIOOw": "Yankees vs. Red Sox AL Wild Card Game Highlights (10/5/21) | MLB Highlights",
    "WRqYkw_NRT8": "Cardinals vs. Dodgers NL Wild Card Game Highlights (10/6/21) | MLB Highlights",
    "9SQeFvp4rY0": "Nelly Delivers Turned Up Performance Medley Of His Biggest Hits | Hip Hop Awards '21",
    "s8TM6D_jLsU": "Tyson Fury vs Deontay Wilder III | FINAL PRESS CONFERENCE | PBC ON FOX",
    "Vh8Hg7U2eFg": "First Big Race with The Cummins Mustang",
    "rrpYKmU--10": "AMP HIDE AND SEEK AT THE AMP MANSION",
    "t2AB05DypWk": "First To Raid Island Wins $100,000!",
    "zNtNTpCVCbE": "First Look at The Real Housewives of Beverly Hills Season 11 Reunion | Bravo",
    "OBTs01UT6ec": "He threw this into the stratosphere \ud83d\ude31| #Shorts",
    "4Rjxj_5Y5go": "Bailey & Asa GET MARRIED! | Behind the Scenes BTS",
    "Jk7OQpfxCe8": "BEING A PARENT FOR A DAY",
    "02G9UKwkpEY": "Minecraft, But I Add A Marshmallow Every Minute... - Extra Scenes",
    "Btv-d7SkoG8": "She Will NEVER Forgive ME!!",
    "QmkUHwA-IXI": "This Man Has The Longest Nails In The World! \ud83e\udd2f",
    "Dxnr2FAADAs": "Take a look inside Steam Deck\u2122!",
    "QsOrrd7HM_s": "Tyson Fury v Deontay Wilder 3: Full Final Press conference",
    "94eqq_wZdYM": "Everyday Objects But MINI",
    "AE9tZ1sfcFE": "DC Young Fly, Karlous Miller & Chico Bean Pay Homage To Rap Legends | Hip Hop Awards '21",
    "CVsldjBMb3I": "[TF2] Scream Fortress XIII UNBOXING!! (CRAZY LOOT!! (UNUSUAL?!?!? (GONE FISHING)))",
    "KpNA2habe1c": "Teaching my Coworker how to make rolled ice cream",
    "UIGI5PxvzEs": "He couldn\u2019t trade in his #phone cause of Bloated battery\ud83d\ude31 #shorts #samsung #android #iphone13 #ios",
    "-Ba4QVAE4q0": "3 True Disturbing October Horror Stories",
    "87lWco0ChoA": "BuzzFeed Unsolved: Supernatural \u2022 Season 7 Trailer",
    "5rY6sMfX8P0": "Keith Has Cancer",
    "5e8apSFDXsQ": "CYRANO | Official Trailer | MGM Studios",
    "Ldcs4Venq1Q": "If People Had Instant Butlers.",
    "6MEYdCUfQpc": "I Won SQUID GAME In GTA 5! (Mods)",
    "JXUz8Js8Weg": "What a DISGRACE",
    "MbWq-EwUy_M": "Dice Stacks from $1 to $100",
    "SrLSYrQDFFY": "Italians reacting to ketchup on pasta \ud83d\ude31\ud83c\uddee\ud83c\uddf9 #shorts",
    "t9-VPmOMznk": "So I beat Roblox Squid Game..",
    "f64eYElIWPU": "Joe & Serena Get Engaged \ud83d\udc8d | Bachelor In Paradise",
    "lD19jNPXYEo": "Minecraft - Last Life #3: Frightening Exploit Tactics",
    "RAoUdFDEUnM": "I Built SpongeBob's House In My Backyard",
    "0xn2RKnMhlc": "Can 4 Guys Beat A Competitive Hot Dog Eater?  (ft. Matt Stonie)",
    "Kdmm362PTo8": "Freddy & Friends: On Tour Episode 3",
    "KU2EVVhfe44": "POV You Are The Gatekeeper... Again (Part 2)",
    "4p8tWdEIdho": "\"I would train AJ to beat Usyk for free!\" Tyson Fury on Joshua fight and Wilder trilogy",
    "BN_BHcfxPQU": "GTA 5 Races where everything goes wrong",
    "cEh85Xt5Rr8": "CAVALIERS at BULLS | NBA PRESEASON FULL GAME HIGHLIGHTS | October 5, 2021",
    "CMQAM-nfuBw": "Tyson Fury vs. Deontay Wilder 3 \u2022 FULL GRAND ARRIVALS IN LAS VEGAS \u2022 T-Mobile Arena",
    "mCdubmKVf8g": "Sasuke's NEW Arm And Rinnegan - Boruto Destroys Sasuke's Rinnegan! Why Naruto & Sasuke Were NERFED.",
    "UUhxtitgJFo": "Lil Baby & Lil Durk \"Hats Off\" ft. Travis Scott (Music Video)",
    "1QzsgYY9leI": "Raiders vs. Chargers Week 4 Highlights | NFL 2021",
    "tqSwVr89fRA": "Bubba Wallace makes history in Talladega! | Extended Highlights | NASCAR",
    "jWIAoAzb4tk": "The Haunting of Shane Dawson",
    "rkiu8IGjG5Q": "i played squid game..",
    "NtNDgOWN_2o": "Game Theory: I Solved The Wilbur Soot ARG... And It Only Took 3 Years!",
    "KCVjsbmVi0E": "Jon Bernthal Gets Punished By Spicy Wings | Hot Ones",
    "qxI-Ob8lpLE": "Schlatt's Chips Tier List",
    "4q6UGCyHZCI": "RESIDENT EVIL: WELCOME TO RACCOON CITY - Official Trailer (HD) | In Theaters Nov 24",
    "8IBg0D5aUhs": "Apex Legends Monsters Within Event",
    "ZZxF5cs3ZjM": "Surprise Announcement",
    "w0HgHet0sxg": "DUNE \u2013 FINAL TRAILER",
    "uDH_o8RqR0Y": "Inside Perm 36: The Last Gulag",
    "FatRcVCV6IY": "No Time to Die - Movie Review",
    "_AzXUuM97Qk": "The Battlefield 2042 Beta is really fun but there's a problem...",
    "35gEQuOWxow": "Minecraft Live 2021: Are You Ready?",
    "XgZcEO3JKHk": "What is the Safest Base Possible in Minecraft?",
    "U2SNwtE-0Us": "Nardo Wick - Who Want Smoke?? ft. Lil Durk, 21 Savage & G Herbo (Directed by Cole Bennett)",
    "3eRRwcTdhtE": "The Legend of Vox Machina - Title Sequence | Prime Video",
    "0XYQHB5Oy20": "Madonna on Madame X and Getting Into Good Trouble | The Tonight Show Starring Jimmy Fallon",
    "JSYSVcn60ik": "The Legend of Vox Machina - NYCC Live Read with Animation | Prime Video",
    "U2D1GHHMb9g": "Trope Talk: Fridging",
    "uoY-O8D9F6I": "This Man Can WALK FASTER Than YOU CAN RUN!",
    "RtYND6JaLe0": "FULL FORSAKEN EASTER EGG GUIDE: Cold War Zombies Easter Egg Walkthrough Tutorial",
    "Oxa1CUR2KzM": "Minecraft but PROS rule the world",
    "1vNRxP-oLOY": "Did I get it?!\ud83e\udd2f\ud83c\udfae#xbox#playstation",
    "V3Dv2hnZTDs": "Jumping SQUID GAME CARS Across ENTIRE MAP In GTA 5! (Mods)",
    "X3e_4Ns58pE": "Playing SQUID GAME In Minecraft!",
    "Sc1YMgz9Fys": "HERE I COME",
    "dJzHcEDddW0": "No One Lives Under the Lighthouse Review",
    "XDt12oC0dEk": "The Worst Day of My Life..",
    "RL6vMvIF2B8": "5 Fake Mexicans vs 1 Real Mexican | Guess the Liar",
    "TnBv-37zN50": "When Searching Your Dads Phone Takes A Weird Turn",
    "vEETehA9_Hc": "How Sakurai Got Sora into Smash",
    "2_wJfTsOzjc": "I Competed in Squid Game...",
    "8Za7hj3GY5o": "Did you know that in POLICE ACADEMY...",
    "F0dfaONvhCQ": "My Pregnancy Story (Why I Kept It a Secret\u2026)",
    "wujAEGPVVuA": "THE DAY THAT CHANGED MY LIFE",
    "ALRtRJ1NQqc": "Backyard Vibes",
    "92WQjz9qStQ": "If I lose a boss fight, the video ends 2 (Genshin Impact)",
    "BsKtDfMjHEo": "Rams vs. Seahawks Week 5 Highlights | NFL 2021",
    "leQc25bA3jg": "I know your favourite athlete?\ud83e\udd14\ud83e\udd47#mindread",
    "QQu9QpBYos4": "LAKERS at WARRIORS | NBA PRESEASON FULL GAME HIGHLIGHTS | October 8, 2021",
    "TYd_pT9hZrM": "Squid Game stars take on the Dalgona Challenge [ENG SUB]",
    "2yDp41EpvdU": "FORTNITE SQUID GAME!",
    "OSXbYwoCc5Y": "World's Most Dangerous Jobs!",
    "BbzSoQCdIl8": "Playing SQUID GAME in Minecraft!",
    "77hrMO0ZarU": "My Friend Betrayed me, so I Void Trapped him",
    "WXBcZDxobo0": "I Survived 69 Hours Using Only Minecraft Tools",
    "ymXnK6UX5zE": "I Survived 1,900 Days in HARDCORE Minecraft...",
    "Hz_DslzN2IA": "True Facts: The Mosquito",
    "gsA6_yLOaoI": "Recreating My Old MYSPACE Photos \ud83d\udda4 WEIRDO Collection & Halloween Mystery Box REVEAL!",
    "aRuCjdEqsa8": "Becoming SQUID GAME Host in GTA 5! (GTA 5 Mods)",
    "udNXMAflbU8": "Holey Plugs, Batman! But... what are they for?",
    "1VN420bDjVY": "TINY VS GIANT UNBREAKABLE BOX!!",
    "NYlVKEFmGMI": "how Imagine Dragons got their name",
    "JIPT9WC6Vsk": "Star Trek: Discovery | Season 4 Official Trailer | Paramount+",
    "c-X9C4k9wAk": "Minecraft Mobs when you log off...",
    "KjFxNXB5Pwo": "2b2t's Obsidian War is Getting Ridiculous",
    "Sf6H8kSunRA": "The Insane Engineering of the GEnX",
    "F6fQLX0uW24": "I bought a ABANDONED laundromat, we found $$$ inside #shorts",
    "AwvyrO_yM4c": "Dog Reviews Food With Son | Tucker Taste Test 22",
    "xIebUcOxkMg": "MURDER DRONES [OFFICIAL TRAILER]",
    "q5HI2V7tV5I": "Tyson Fury vs Deontay Wilder III | WEIGH-IN | PBC ON FOX",
    "bnjcauzuIas": "How did I start?",
    "8moZaaNqhV8": "How the Nintendo Switch (OLED Model) TRIGGERS You!",
    "0JrGRiUOcfQ": "This is the MOST Unrelatable Channel on YouTube: TROOM TROOM",
    "3iXhVImidBo": "Volcano forms huge delta on the ocean, its collapse likely to lead to explosions | La Palma, Spain",
    "IWTxF9r2EaM": "Basketball CHALLENGE = DARES *EXTREME* #shorts #challenge",
    "2gWTmImEeXc": "Jelly fruit Hit or Miss with Twinsfromrussia! #jellyfruit #shorts",
    "NDk1GEkJyGs": "LAST TO LEAVE THE POND WINS $10,000",
    "O14UfDsNOrQ": "Cheap vs Expensive: Bath Bomb Making for the First Time",
    "YYukZ8hDt8I": "TOXIC Clan vs PRO Clan.. (Roblox Bedwars)",
    "9KWvZ-jCyqg": "19 Cool Things Minecraft Hides From You",
    "QRu06HWdFiE": "Magnetic Face Mask VS. 3200lb Magnet!",
    "t9u6JMLpAUw": "Roblox BedWars LUCKY BLOCK CHALLENGE...",
    "UeFnH1DKYIE": "Eliminatorias Sudamericanas | Per\u00fa 2-0 Chile | Fecha 11",
    "1V-KE-Sy7Qg": "2  DAYS OUT | CARB LOAD BEGINS, WEIGH-INS, PRESS CONFERENCE",
    "ST1WQpQf624": "France STUNS Belgium with last-minute winner to reach Nations League final | Highlights | ESPN FC",
    "CyBsAI19hj4": "VFX Artists React to Bad & Great CGi 54 (ft. SETH ROGEN)",
    "q3EHZCa38n0": "\"If you can't knock somebody out you better be able to box!\" - Lennox Lewis on Fury vs Wilder 3!",
    "02g_Mn_rEoU": "Top moments from Tyson Fury vs. Deontay Wilder III | PBC on FOX",
    "ES4S1aNsSb0": "\"Sore loser! An idiot!\" Tyson Fury reveals what was said between him & Deontay Wilder after huge win",
    "oSzziSyV7vU": "Minecraft, But We're All Mutant Superhumans...",
    "se4snb8F9ZA": "Tyson Fury \u2022 FULL POST FIGHT PRESS CONFERENCE vs. Deontay Wilder 3 \u2022 T-Mobile Arena",
    "A8rrr_w8rfk": "The Dream Guy - SNL",
    "AtW81jzLx2o": "#1 Alabama Vs Texas A&M Extended Highlights | CBS Sports HQ",
    "Ar_qqRShHHU": "Deontay Wilder and Tyson Fury electric walkouts | PBC ON FOX | Fury vs Wilder III",
    "yAKgRQ0kmm4": "Tyson Fury reacts after epic win over Deontay Wilder and he SINGS for the Las Vegas crowd!",
    "74LaDIdx64c": "Food Theory: Yes, You SHOULD Eat Your Pokemon!",
    "2BCFGjsrwyY": "Minecraft Live 2021: Introducing new mobs!",
    "LQCQym6hVMo": "Kim Kardashian West Monologue - SNL",
    "aA_6z82JV8Q": "Can 2HYPE Take a Punch from Pro Boxer Ryan Garcia? *KNOCKOUT*",
    "rv_Y4hRDVzI": "Anti-Social Club",
    "ZQJCVFhNZI4": "I went UNDERCOVER in Lachlan's Game!",
    "KwUkFly-xQU": "Facebook Hearings Cold Open - SNL",
    "SR1nlD_IFkg": "[In the SOOP BTS ver. Season 2] Official Teaser 3",
    "pm702Pj0IBQ": "He Can't Keep Getting Away With This!",
    "WrV3EAUNJ6U": "Ar'mon And Trey - Chanel ft. Queen Naija (OFFICIAL MUSIC VIDEO)",
    "jVd2_R5FJhc": "I Trapped 10 YouTubers on One Block",
    "Vft6BTps8Ow": "TOM and JERRY Mod in Among Us",
    "f63MPkALoRA": "This Is The MOST Satisfying Video Ever!!\ud83d\ude31 #Shorts",
    "Zd_C71THulw": "Change | Marvel Studios\u2019 Eternals",
    "9yhfZqCX2Tk": "CRUSHING A TOXIC CREW - Sea of Thieves",
    "Xbwg9ZBwMCU": "[1250 Spins & 30k RC] Update 100, Narumaki Tentacion",
    "o8UGIgfDhPs": "What Trevor Bauer Has Been Doing",
    "NWkOSBGqe48": "46 Minecraft Blocks Mojang Had To Remove",
    "ACFuVRLvauI": "SHE KILLED HER DOG TO LIVE w/@Kelsey Animated",
    "5zv1N78Tyw4": "Minecraft but you can Eat Mobs",
    "94l272tK_Xk": "Tik Toks Only Girls Understand",
    "ZGRpHy0qoN4": "Race Highlights | 2021 Turkish Grand Prix",
    "WYsrIhJEhio": "Christopher Ramirez, the 3-year-old boy missing since Wednesday in Grimes County has been found,...",
    "cPy9u3sGk9Y": "DID I GET IT?!\ud83c\udf7f\ud83e\udd2f\ud83c\udfa5#mindread#movies",
    "IPCbpZ6dXrs": "If You See BUSEATER Outside Your House, RUN AWAY FAST!!",
    "uYIQsr9vsws": "Minecraft Live 2021: Vote for the glare!",
    "Q3tSVS4CeW4": "Trying Troom Troom's Awful Kidnapping Hacks",
    "T82RPTVgIz4": "Highlights | M\u00e9xico 3-0 Honduras | Eliminatoria Catar 2021 | TUDN",
    "VY_equ7zL0s": "I Survived 100 Days as a FOX in HARDCORE Minecraft!",
    "TkOC6B3A5w0": "We Fought a Viking Horde...",
    "mnApD7lD2iY": "Argentina 3-0 Uruguay I Eliminatorias a Catar 2022",
    "OP-CQdYR71s": "I Designed Custom Minecraft Bosses...",
    "FTIAXw28Z3Q": "Hairdresser Reacts To People Doing 'Wolf Cuts' (as seen on tiktok)",
    "P3Pl8hy5G2w": "Can You Beat Fallout: New Vegas In 24 Hours?",
    "yxiOnaTUows": "Bills vs. Chiefs Week 5 Highlights | NFL 2021",
    "lhEdmYFGvao": "How To WIN EVERY SQUID GAME In GTA 5 (Scary)",
    "CzPS719c1vo": "OFFICIAL LABOR & DELIVERY VIDEO | BABY GIRL IS HERE! \ud83d\udc96",
    "q0-OlbIif0I": "my experience playing sports",
    "lynVyLpeSnk": "WOOD FIRED \"HIPPIE\" HOT TUB JACUZZI | Fishing & Smoking Wild Salmon - Chanterelle Hunting - Ep. 143",
    "iI2lyqUbA0I": "Forza Horizon 5 Let's Play : Choosing Our First Car!! (Part 1) [FH5 Gameplay]",
    "1WzZ9nH-8tw": "Most Oddly Satisfying Video to watch before sleep",
    "JPbd-25_Vi0": "France beats Spain to win UEFA Nations League! | ESPN FC Highlights",
    "I4yJ8KKGfpY": "Giants vs. Cowboys Week 5 Highlights | NFL 2021",
    "9J_FQUUiS0M": "Browns vs. Chargers Week 5 Highlights | NFL 2021",
    "KXiRxAxD-QY": "CRAFTING a LOST INFINITY TRAP in Minecraft (Insane Craft)",
    "jRN2QDmyXx4": "Socksfor1 Died... (Reddit Review #13)",
    "1305aQZDojw": "I GOT MY WISDOM TEETH REMOVED and called my CRUSH!",
    "7TcvY_IBG04": "PICKING Up My FRIENDS As An UNDERCOVER UBER DRIVER!!",
    "j_uOOGWMZfY": "SEC Shorts - Alabama needs an ambulance",
    "_tpxHU2NFLk": "George Foreman on his Post Fight Wilder vs. Fury",
    "ZEII5so6XpY": "The People's Kourt - SNL",
    "b9n2TX-86Vk": "The Inside Man: The SSA Scam",
    "hDf-Gv-1ZpU": "MOLE | Mexican Survival Guide",
    "9x3ZnXKYNdM": "LAST TO LEAVE THE MYSTERY MACHINE WINS $10,000",
    "ZQecEVOlZh4": "The GROTTO IS BACK in New Fortnite Update!",
    "RC5EXFmzEs0": "Deadly Mass Shooting At St. Paul, Minnesota Bar",
    "zBelKODpgU4": "I Built an AUTOMATIC Mob Loot Farm in Minecraft Hardcore! (#22)",
    "_l0hpFGlGeo": "Real Things Said in Classrooms Pt. 33 #shorts",
    "9Ihtbm8Ztrg": "U.S. Navy nuclear engineer, wife charged with selling nuclear submarine secrets",
    "beToTslH17s": "Scream | Official Trailer (2022 Movie)",
    "Flj-KI9fOoM": "World's Smallest TV | OT 30",
    "XdxGwg7cgjw": "Minecraft Live 2021: Vote for the allay!",
    "xaQJbozY_Is": "What Dinosaurs ACTUALLY Looked Like?",
    "a6fBD_XlSPE": "Fortnite Squid Games (insane)",
    "kWfy87P__v0": "*Strange* Blood Rituals By A Teen Vampire Clan, Turns Deadly? Mystery & Makeup | Bailey Sarian",
    "2BkVf2voCr0": "Home Sweet Home Alone | Official Trailer | Disney+",
    "4ePYr_BM66Q": "have you ever seen a yellow laser?",
    "Z74O41hD_dE": "Destiny 2: Season of the Lost - Festival of the Lost Trailer",
    "9QyDBOsu178": "Pokemon Pro plays the hardest official Pokemon game for the first time",
    "dIjmRLJHi5o": "First Take reacts to Sean Marks saying Kyrie can\u2019t rejoin Nets until he can be a \u2018full participant\u2019",
    "TMlwH1Up6uM": "I have 3 names",
    "evzsfVW-BnU": "D&D Story: Ep 22- ESCALATION TIME! [Fool's Gold]",
    "wNVHLe8qgzw": "Surviving 99 Years In SQUID GAME In GTA 5!",
    "fRw61WnEdD8": "Minecraft but I FIGHT in the PRO arena",
    "s5SqsNPWYA4": "Binging with Babish: Dalgona from Squid Game",
    "s6KHm2_cmbE": "Overwatch Seasonal Event | Halloween Terror 2021",
    "laPC4ibZnSM": "The third Deontay Wilder - Tyson Fury fight lived up to the expectations - Shannon I UNDISPUTED",
    "GYlMID6G4Gc": "Giving Away My Beard For Charity!",
    "iCvNo_bJMEg": "I RIGGED a Squid Game Fashion Show... (Fortnite)",
    "FxQ39O0XtLo": "Colts vs. Ravens Week 5 Highlights | NFL 2021",
    "JNhmhw60QDk": "Super Sponge Bros.",
    "rqRqH30XGOk": "1v1 Against DevInTheLab ... THE FULL REMATCH !",
    "Y-JnzpbfVkA": "ITS NOT The FRIST TIME SHE TASTED THE RAINBOW! (Squid games in real life)",
    "DgaRmRDtbWo": "Mini Ice Breakers \ud83e\uddca #shorts",
    "O2W2gUXAt78": "My hidden talent #shorts",
    "-PwfZcU-LQI": "What Happened When Vader Discovered A Luke Skywalker Imposter? #shorts",
    "6JtKkvxJiQ4": "[\ucd5c\ucd08\uacf5\uac1c] ENHYPEN(\uc5d4\ud558\uc774\ud508) - \ubaa8 \uc544\ub2c8\uba74 \ub3c4(Go Big or Go Home) (4K) | ENHYPEN COMEBACKSHOW | Mnet 211012 \ubc29\uc1a1",
    "Hi2gayxePM4": "lol im redoing my whole house ... | Making Home | EP 18",
    "zKWIV_6LQ8c": "Greif.",
    "QilgLV6jbxU": "Last Life: Episode 4 - UH OH!",
    "HXzhcfYlKFQ": "50 Hours In A Country That Doesn't Exist On A Map (Transnistria)",
    "eas0dYKPU5M": "Testing Customer\u2019s Engagement Ring (Part 3)",
    "5NXlGgZQICs": "[\ucd5c\ucd08\uacf5\uac1c] ENHYPEN(\uc5d4\ud558\uc774\ud508) - Tamed-Dashed (4K) | ENHYPEN COMEBACKSHOW | Mnet 211012 \ubc29\uc1a1",
    "FdzPV69i4Aw": "Great Idea \ud83d\udca1 #shorts #tips #short",
    "SjHHJi5Sz8s": "Try Not To Laugh #80 - Luck of the Dice",
    "7TDZdB0QtcQ": "If Your White Friend Was in Squid Game",
    "40_wdosHJaQ": "I Was In The Funniest Minecraft Competition With Dream",
    "z7zSQAHvH-U": "HAIDEN DEEGAN SIGNS WITH FACTORY MONSTER ENERGY STAR YAMAHA!!",
    "6Mk5Mj43xIk": "Final Jeopardy! 10/11/21 Plus Exclusive Overheard On Set Clip | JEOPARDY!",
    "AxpxI8WCXCk": "The Rebels",
    "6NXbU2nAUD4": "WHAT, JUST, HAPPENED?!! \ud83d\ude2e\ud83c\udfa9 #shorts",
    "VDxqKt4sZFU": "Overtime 30 | Outtakes",
    "PoBquo2zdGI": "The Real Housewives Ultimate Girls Trip | Official Trailer | Peacock Original",
    "keAOhf4FFkQ": "6 Steak Temps (Ketchup - Vampire) #shorts",
    "jVdBhu0KgJo": "Minecraft Live 2021: Vote for the copper golem!",
    "eIQuuoTQIoc": "Megan Fox & Machine Gun Kelly Ask Each Other 40 Questions | The Couples Quiz | GQ",
    "VDZ7_PUKseA": "REVEALING MY NEW BODY! (MOMMY MAKEOVER)",
    "FLOcPilRw-M": "Lakers new Big 3 looked like a \"fire drill\" in loss to Warriors \u2014 Skip & Shannon | NBA | UNDISPUTED",
    "nj6SlvxChEs": "Minecraft Manhunt but I have CUSTOM COMMANDS",
    "fkMW60W180E": "SWAWS | Totally Accurate Battlegrounds",
    "3eGP6im8AZA": "The Black Phone - Official Trailer",
    "ZjFcB1IeJuY": "I Cooked A Whole Wagyu Cow (ft. Guga Foods)",
    "DYBM3myR914": "Exandria: An Intimate History | Narrated by Matthew Mercer",
    "R6HA8lGJ1-w": "Minecraft Mobs if they were Parents",
    "GlYS_wYsD44": "Trying SPICY AF Snacks ft Becky G and Manny MUA | Louie's Life",
    "EIVvDm9rjJE": "Chef turns Chick Fil A into\u2026 an ENCHILADA?!\ud83e\udd14",
    "eSsc1K27gek": "Battlefield Friends 2042 Teaser",
    "G5s9D6DRLvk": "Sarah\u2019s Savings Plan PART 2  pam_a_cake #shorts",
    "p4iUUjpVLM4": "Sounds from the Sideline: Week 5 vs NYG | Dallas Cowboys 2021",
    "XmF1fraGbJg": "My Embarrassing Fashion Choices",
    "22gBV3YhwFk": "WARRIORS at LAKERS | NBA PRESEASON FULL GAME HIGHLIGHTS | October 12, 2021",
    "CznrNHHeF8k": "\"Eternal\" - A Minecraft Music Video \u266a",
    "jDKWMHfy7T0": "Avoid This College Essay Mistake",
    "r8e-QPSF5Yc": "Kraken @ Golden Knights 10/12/21 | NHL Highlights",
    "KS20rs_aC5s": "Poppy Playtime - Hug Me Let Me Squeeze Till You Go Bye Bye forever",
    "nC7i1Kqt8iU": "THIS TERRIFYING TOY IS CRAWLING AFTER ME IN THE VENTS.. - Poppy Playtime (Chapter 1 Ending)",
    "JXpKSh1S91U": "Winning EVERY SQUID GAME Against 1,000,000 RAGDOLLS",
    "Ujev6uH63RY": "If I get hit, it spawns random enemies (Skyrim)",
    "lNin9Oj7bDQ": "BANANA CREW FINALLY LINK UP FACE TO FACE FT TRAY BILLS AND CHRIS GILLY | IAMJUSTAIRI VLOGS",
    "qKu_rKQgFjY": "North Miami Beach Restaurant Manager Finds GPS Under SUV",
    "g0-kd1r8Too": "Alisal Fire grows to 8,000 acres, burns out of control in Santa Barbara County",
    "cNG1QNQPlNE": "Summoner Changes | FFXIV Endwalker Media Tour",
    "iYTK_1Sq8ZQ": "Reaper Overview | FFXIV Endwalker Media Tour",
    "s72dhTVYKtM": "$45,600 Squid Game Challenge!",
    "8swCrPIt4nY": "Zombies Reveal Trailer | Call of Duty: Vanguard",
    "dfJaOg3jo1M": "Insane Cake Cutting!",
    "kDx5WNdbCSU": "Megan Thee Stallion Turns Into Hot Girl Meg While Eating Spicy Wings | Hot Ones",
    "sR0DLq2lMzU": "Transforming My Daughter Into A Cheerleader ft/ Anna McNulty",
    "nkMiPwL8G1w": "Battlefield 2042 | Hazard Zone Official Trailer",
    "R2ZFZte8YTE": "Which Mob Am I Voting For in Minecraft Live 2021?!",
    "65WKv51FtiU": "El Salvador vs. M\u00e9xico 0-2 | Rumbo al Mundial | Telemundo Deportes",
    "lBFPpQubOiE": "Minecraft But I Upgrade EVERYTHING - The ULTIMATE Survival World! | Part 4",
    "34j2S_FILJw": "I found out how deep the ocean actually is \ud83d\ude33\ud83c\udf0a",
    "4O1w9XFfZ2I": "Squid Game (Arab Version) | Anwar Jibawi",
    "vyXUaNhqpqE": "\u201cChange of Plans\u201d | Marvel Studios\u2019 Hawkeye | Disney+",
    "mLEZNNqcnLc": "The End | Moving Out Vlog",
    "4Oy9s3aHpjo": "Money or Backflip? #shorts",
    "uZca3-jLlFw": "First Look at Zombies | Call of Duty: Vanguard",
    "sr8-2gN50ug": "Why I Changed My Mind to Have a Baby",
    "4K_onb6zqc8": "YES or NO (w/ CRAZY PRANKS & CHALLENGES) #shorts",
    "m244qbMUYZU": "Stephen A. reacts to Kyrie Irving's Instagram Live about his stance on the vaccine | First Take",
    "QTS3Rsp8j1M": "PSYCHIC READS MY TWINS' FUTURE!",
    "n0vHo4Nf3Fg": "Halo Infinite Competitive Settings Reveal",
    "Q0Fy-jiahN4": "Labor and Delivery for Baby #11",
    "p7_TZagxjyk": "Returning to a War-Torn Ghost Town Sealed for 50 years | Cyprus, Uncharted Ep. 1",
    "B5B52z9-gIM": "Do This With Your College Essays",
    "NGMTYj6m7F8": "[aespa - Savage] Comeback Stage | #\uc5e0\uce74\uc6b4\ud2b8\ub2e4\uc6b4 EP.729 | Mnet 211014 \ubc29\uc1a1",
    "CB3MxRVzZZw": "Feds charge 5 in deadly shooting of Chicago rapper FBG Duck",
    "s58orudNZ94": "Minecraft Live 2021: Vote for the next new mob!",
    "kqUUPueWUxE": "Bailey & Asa's OFFICIAL WEDDING VIDEO",
    "oiY8yujLo5U": "SQUID GAME In Real Life",
    "NEe0kkYQ9Cw": "Letting my new coworker make rolled ice cream (part 1)",
    "WwkzItbI65E": "Embarrassed vs. Embarazada",
    "d_6qa-eWmPQ": "What Mob Should Be Added To Minecraft?",
    "qbXCBKGKdVU": "Using Squid Game to CHEAT in Fashion Show... (Fortnite)",
    "bY26w4p3gEE": "Tik Toks That Feel ILLEGAL To Watch",
    "uMkrHwehUhA": "Kyrie Irving is more likely to be traded than play for Nets this season \u2014 Shannon | NBA | UNDISPUTED",
    "g6LdBAbT1Xw": "Animal Crossing: New Horizons Direct 10.15.2021",
    "z2sGFFXuu38": "So I made Dance Moves control Minecraft...",
    "8-Cz_uG2OUM": "I Bought Every Seat On An Airplane!",
    "3lfBDZaMqM4": "Haunted Theories with Shane Dawson",
    "8eBzunFJG1M": "Worlds Most INSANE Videos",
    "tXMXIj5nLno": "Joe on Tyson Fury vs. Deontay Wilder 3",
    "D6V85qfsu3g": "I Went To An Amazon Returns Store",
    "dDxe0vdWmU0": "I tested them in Minecraft early and so should you...",
    "Z_SkdXnEyNU": "Dodgers vs. Giants NLDS Game 5 Highlights (10/14/21) | MLB Highlights",
    "SH9sgaNQg9g": "Minecraft Mobs if they were Superheroes",
    "sOhDuMGBfL4": "I sculpted a GIANT MONSTER and scared my friends...",
    "UJzhOguEZlo": "Halloween Kills - Movie Review",
    "n7-RReFPXag": "Eliminatorias | Brasil 4-1 Uruguay | Fecha 12",
    "ffYTbzvJsr4": "GETTING YANDERE SIMULATORS TRUE ENDING BY NOT ELIMINATING ANY RIVALS | Yandere Simulator (S Rank)",
    "KX2DolRhv1E": "We're Building a Sleeper Ford Ranger (LS V8 Swapped)",
    "3menRFvxja0": "When someone walks in while you using the bathroom\ud83d\ude2d",
    "v0gUM1FNd6g": "Addison and Amelia Reunite - Grey's Anatomy",
    "7Shn-TJaOrQ": "FRIDAY NIGHT FUNKIN ANIMATION COMPILATION #3",
    "Kdo3VfD3S7U": "Answer This Question to Get Into Harvard",
    "52zuk_GcGUI": "Enter the World of Tzeentch | Total War: WARHAMMER III",
    "BlLMALH5Fzk": "Minecraft, But You Can Upgrade TNT...",
    "v9pprUeZRU0": "Power Book II: Ghost | Season 2 Trailer | STARZ",
    "Zw9Ezf43zmk": "Lava Vs Bulletproof Glass!",
    "3AJyg6sGBzs": "GOOD NEWS!! COURT DAY + BABY E & ME PHOTOSHOOT!",
    "sNsfvfEi27Y": "Chocolate & Coffee Dry Aged Ribeye #shorts",
    "Meaw4DlhNRE": "RCXD Cars Are Bugged Right Now, Right? #warzone #callofduty #pipboyfresh",
    "GbPEQHzJaw0": "30 Things You NEVER Seen In Fortnite",
    "kDFE92gA3Ag": "Generational Shift: New Acura Integra Reveals Manual Transmission",
    "Z_xUiW-ozHw": "Buccaneers vs. Eagles Week 6 Highlights | NFL 2021",
    "p646h_jLbeM": "All 15 of Ed's cars are for sale! What's next?",
    "2nv7qmefMqc": "the worst part of squid game (SPOILERS)",
    "unkqwbJAKHs": "Stephon Marbury calls out Stephen A. for his comments on Kyrie Irving | First Take",
    "zRCMPMGDN00": "Curb Your Enthusiasm (2021) | Season 11 Official Trailer | HBO",
    "Oz2CuVf1MGo": "Bun B: Pimp C Told Jay Z The TV Ain't Got No Temperature, Jay Looked At Me And Said.. Big Pimpin $1M",
    "ZMgY-J51i54": "Playing SQUID GAME in Real Life! \u25b3\u25cb\u25a1",
    "Ht9v8YLy-O4": "Minecraft Death Shuffle...",
    "OODneEUWUQY": "Peacemaker | Official Teaser | HBO Max",
    "QPRiHtDLdag": "Dream - Minecraft Death Shuffle Extra Scenes",
    "5qcKiL7AOD8": "Lesnar returns for the Universal Title Match Contract Signing with Reigns: SmackDown, Oct. 15, 2021",
    "3B8g1RsZrlw": "The Demonic Possession of the Conjuring House",
    "htok8ZvRwhM": "WE\u2019RE PREGNANT!!!! (16 WEEKS)",
    "6KZi3PviIbA": "100 Days, But There Are Custom Dimensions...",
    "awTXXr6D9nc": "I found out which countries have the most GOLD \ud83d\ude33\ud83d\udcb0"
}