{"UCVPkd2v6WnpHefEsx3yYUfQ": "Memor22", "UCEirNcqrVX0EeAbN4B3yijw": "Michal Svin\u010d\u00e1k", "UCcGXRr3v6YPI1hp8zSx1Ycg": "Mia Hazel", "UCe_Btuaxj12hRvuVsnuOHsg": "MoonLight", "UC_KESzBUPEbMcq1NwSlcr5g": "Michelle Godfrey", "UCWtVaqdcAjlNrVkRtQUi_UQ": "Max Waginski", "UCjYD2uEZNYz_PS8eIkqDryQ": "Mukami Michelle", "UC0UgY6a6Pi3-zuuXbaXP9Tg": "Maxx15", "UCmIH6gIs4vJJqD7cZmbPWhA": "Michael Baroody", "UCfENjusBI2t9iaNn6NvleYA": "MLJesus ?", "UCBI8MlrdUAuO3a4Npch-Vmg": "Miner Mole", "UCoVYSfheVsR7zz3LTayWQQA": "Michael Carnero", "UCEjsHgiNCA_09iHTM_ODX_Q": "Mary Millar", "UCg7TkSOekV4BH1k1QNiGWow": "Monica Hargrove", "UCBnPyu5NoEx9DpgcI20hghw": "Mira rock", "UCNAprO_8EMmGOdAnO0xmuGw": "Mr. D", "UCLbTFIzmiila7-VWF3obe4w": "Macrae Daak", "UCnO7jLA-D4l9r33aHiTj2aA": "Miguel Trago", "UCi5keUPdRn-jZayGdkBwv9w": "Mirox", "UCKTk9j_Tvz4lhfXhMaMK9-A": "Mikkel Vangkilde Nielsen", "UCyv_NB74xufWz3AFnH2azVw": "MrNUGGET", "UC63xREdtq2kMGHLTiMspftQ": "Movieman Studios", "UCHw4GpG1TALqDv7Mcx2uqLw": "Michael Smith", "UCpbP3I57ezUrPi6Z9y_0eyg": "MillionShadesofDarkness", "UCIX0h9pLC7o-n2Vvu-YII2w": "MO celtic Bioman", "UCEXaLMh7fIE51hRCeGpsndA": "MC Cox", "UC3N5LptvAz0Hj9FQoFuSvnA": "M1KE", "UCzjixKLPjI0Kmj3atB_jnDg": "Max Boulton", "UCZp279t_4ujXtakBK2sW-7g": "Music Factory", "UCmubkOJ8uWa_sUMLmWvfNmw": "Margueri Cooper", "UC_8QuRAYRfrtilQeGd5T6Pw": "Marshadow01", "UCHMYhZMGk7QkBoADqP89ogA": "Mr Flooky", "UC76_DOmLB5xMaav6tQkxV6A": "Mr. Mehpersonguy", "UCs-2spscvX_JftgT67Bv1JQ": "Michael Joseph", "UC3rgUWQ8EfYjAMolY4b8A8Q": "Mikasa Ackerman \u2014.\u2014", "UC5mJFUm96UYPNVpXoeAdyyA": "Mike Norris", "UCndU6swucT_A7W2j8G6GYkw": "Miranda Webb", "UCqioHWBpbq__kV0BobtScOg": "Mysterio the Tricker", "UCnWTzsXxDAa3Z3Yag_27ijQ": "Metro Bazzo", "UC4QgqZ-cL6myxTyQEBNgSWA": "Mvshr00m_S0upp", "UCWT6kzaoym7R0UrqyrwEaxw": "Marietta Buttafly", "UC4Y6LmFBMGqXG0GNz627ITw": "Marshmellowjedi", "UCibEmjFOT3l5LY18XZaZHlg": "Michael Galloway", "UCyp-kA2aHZoI5Ne6n9dedpg": "Maksie", "UC61tqHd1l_hKAHCJ3mTDtMQ": "Machin", "UCuBOUNdvSMzCAWDrar3pyDQ": "Michelle S.", "UC6D5NWf0kD-0zYnATztqkNg": "MissingOneout", "UCgSkUOI8pYChnnckOc1P_-g": "Mary Grace Flores", "UC9T-nsPyHHIkHv7DLkKHm9g": "Miss Riax", "UCcuff-9IafIW1zlldklglZw": "Moon Shadow", "UCPC0Ev0JvLkwa1HjA3kG4Zg": "Mahesh Menon", "UCqlasN6UBlvG9p18gP7jaew": "Mark Stanich", "UCU4QQDXiN59GJkS8o9NLM9g": "MoIsAScholar", "UCL1cbx2kvOCgx_DhNGBk7pA": "Michael Hutz", "UCrsYkUebvK3wRGP-sX2t1Hg": "Ms. L", "UC9yXCyQiGZ5haSRJH2L35Mg": "Meghan Nicole", "UCV3BgMzXrsUWfjD3GUiDrGw": "MooshPaw", "UC8d151ng73hKeLvj1dlMBIQ": "Miko\u0142aj Tu\u0142asiewicz", "UC3j4RFGPtOekhAeLsmaGv6A": "Marin", "UC5dETsKTK7fn7dc5DeCgqHg": "Maria Towers", "UCunJoLu_K3K8_boZ7KIT1aw": "Mike Taylor Jr.", "UCY7r75-13Ob5BK_ZzqIBVHA": "Matthew White", "UC1_y_2j9BCGWcdnEJoVe9SA": "Mar\u00eda Bel\u00e9n Ramos Mauricio", "UCP3_X5RV9FYrtsQn7-JYiXw": "Melih Karlidag", "UCmBDKZCOW2pgMeVe3_wXO3g": "MonkWithGrillz", "UCrfPRle7vFN-xCIByuR8Uag": "Match Hunter", "UCs6C8bQWBbB2Ulz8eyxEkiw": "Mode. Madani", "UCgl1Bmy-xxl4xI9v6PNXELg": "Marissa Rodriguez", "UCCJ6Un39Efr69MqAdGNfajw": "Mr Jeff", "UCQKVf1AiwsU6m-FcrVdk1qg": "Mr.unknown", "UCHNHDpFVz4XPTM55f3GEG1Q": "Musclebro", "UChAyoMr5iGfo2yjaG4gJ23A": "Master Mehdi", "UCRUGIx0dy2hUGPZOGTqmfhQ": "Ms.Muffin", "UCgVuP0HHj7Dv-HGreI0HOGw": "Merlin", "UCZJv7BTM1GLDpoWrWcjC2Sw": "Miss Gurl", "UCHlLcS-k0sn7WDj9_MjtTiA": "Mamani quishpe peruano de coraz\u00f3n", "UCFjMqkM79uFTWI8oxX9YbOw": "Mount James", "UC_dOJJqIwrqEgqFiyhqi4ZQ": "Marc Jello Pamoceno", "UCSk8Q-sFwLcDISMQ0UcMojQ": "Michael Miller", "UCfZv8OzQAuFXv0Vo1KExygw": "Miles Dunstan-Daams", "UCfcAnN_HnYDDBZjNHKkv7Cw": "Melanie Hennessey", "UCcAdMdiXVExzp_gbcvwtURg": "ManuLoaf", "UCLql-p7LTKgy5cXsvJdckgw": "Mikey Stevens", "UC2-ooLeYjlsnqkQkootTS_A": "M1NE_BL0X", "UC_S6HZDPbyWxdWSW9oEUwxA": "Monica Ricci", "UCHhPwSRBm5jQVQtKCZ3JxFA": "Mia Asia \ud83d\udc97", "UCDkFT-vEshPelVVBObhoXzA": "Mike Lee", "UCDXnRad7mLMNR_GPRiwpkZg": "Mike N", "UCbRyRJqgVQbh2UzA3bCVTjg": "Mad hatter", "UCEIqhxIfUjmrydcnDLUkoBw": "Mey Winklage", "UCtwIwXratSs5hW4R3T8kCFg": "Michael Cartagena", "UCy6yGR9HtJRDvGXtfwgoFmg": "Mage", "UCmOBef7xlyr-WljY54q6XZw": "M Harris", "UC94feVMpe0x7pU9QpyPdybg": "Merveil Meok", "UC9MHxY6oKNvmq07TeM4YALQ": "Manuel Borquez", "UCElFNtZ7ny54mdER8-9ulug": "Melissa Touchstone", "UCkLyuAv3OWmNvjhiF3-Bg3g": "Misigaro Jean de Dieu", "UCEvOkno43qyy5XzSInRNPEQ": "Micktrex", "UCDm6XUjIOmFqzBS47p6N9oA": "M&J Studio.", "UCkvmnLqTDneU5_wEQ0XqTwA": "Mingyue He", "UCTd6UOceS0bSOFoGaeEWMKQ": "Mees Den Hollander", "UC9brA_Udp_Qu7txE-_dYFKg": "Master Kairo", "UC9rQO_BiqhmrXP-TuAFFODA": "MyMason911", "UCcCm-OLQio4Q4dc0WNbHZeg": "M D", "UCAqKw_3SM2ZDSZFPck8rjLA": "Melissa", "UCQGn8e2ruu2adejJoC5X42g": "MFM Gaming", "UCQ3R3YLJLU4UescY3ATclIA": "Mubdi Hazarika", "UCkWIwk57hZ_g8_9FkAe-4mw": "Max Richardson", "UCEy7rfB1fGEwBzlpOY7XJmg": "MrHumanMan", "UCe-_xFu67DyrCOA6B-OUUIQ": "Matt Lake", "UCy04MBCLhgo7Kyqi5OOY6eQ": "Mr. Para", "UCIjIl0ejAClmRrvq3H4IMWQ": "Moth Man", "UCLpKYO7rPLbU5rmVoNv55Xg": "Michael Hegwood", "UCOiPVCNNCbUA1rn-XQHlBBg": "M\u03b1\u03b1r\u0288\u03b5n M", "UCz8okrBuV0aTyEqlCXDknZA": "Maggie Blanchard", "UC-YPR6PeELSDthaI-__9UGg": "Mark Heathcote", "UC4xr_fq_xFAmnDQ6zZp2MFQ": "Matthew O'Reilly", "UC9hQ9lduD8lQBFSeHd9HVJg": "Miyah Calvillo", "UC769ubBn-sCmeDZqdNw14Rg": "Marcedes Bolton", "UCA9_VgXbFKSTkM8xvU4qQMw": "Miguel Mangaser", "UC3Fp2O4L_Ny8434uvit0RMA": "Masha", "UCdCULwciYYCNy_J3bdOBVkQ": "Multa", "UCg57Zpk_S6sX__wC0kKwsmg": "Maryam Mohammed", "UC_Shx9BQKuHvYva4JwnJrTA": "Mentok 302", "UCoRDbZ48QYegYNBuiYibAOg": "Maus the Maus", "UCRmECNDnqek0AlnDE_ItvEA": "Marina L.", "UCBsdSYObxXwVlyhc37qXZUg": "MatthewTorre", "UCPTiNm1CblUU-yH7ycgeK6g": "Mr Penguin0321", "UC__dcMbblCam54U8OmHHRaQ": "Mr Biceps", "UC-6YLw82c5mL52NG24_2pQw": "Murk.mp4", "UC8zA4nDUJNsaEYQyz-wp75Q": "Mr. Clint Bagy", "UC5eMBJkwKIIId28-rM6pB3A": "Mu Dah", "UCCPrqENqJGHeHUtvr_4lfmw": "MasterTuttoo", "UCaDpQhc5yR9qR2jB20hZCCQ": "Maiya Buskermolen", "UCDVhmgqDlg98tfpo7q8w6TQ": "Matteo Mastrodomenico", "UCaLY5lSx84HNH7KX7oBdeMA": "Muhammad Dawood", "UCZ3uODF0sXpwNXbdTcPEylQ": "Matesalva", "UCjF7E1ASUfv7HW56cxr-J_w": "Maston Dane", "UCKzBkbIUDrg6eg0Apmk4yOw": "Mocanu Stefan", "UCP-0w6LYNRm00s0EOEOvkwg": "Mike Ackles", "UCJOficjOWPwhCBNNhp-ZSGQ": "Maddie P", "UCLN6c5_KfBaQbyX6p2Y3x7g": "MangaReadingSlime", "UCXA0U2nJ61fXUxCaNJmge8Q": "Michelle Ryder", "UCRKgG1kjyi0HOntO3VuKTNA": "Mehr Kaur Anand 6 C Rno 34", "UCY-h6AjOhfzqF6DCvhNpkVA": "Maggie Quinn", "UCHJB-4I-eABAYXOajUua-mg": "Monica Zorida", "UCWXeSsBL-XFSKBgkMxXx2xw": "Me, myself and I You", "UC94izFmyQyyJ8HObrgnJxgw": "My Euphoria", "UC7nQ88_aO3FV2r0F1r6tSbw": "Marcriz Mirai Rivera", "UCAzK1Xq3C2Ij1PItUht7s1w": "Ma Luisa Garcia", "UC_zRLATxfmCq_3lhAZXAbqg": "Masood Bloushi", "UCTFFKK0b7p2soAKYznzWuCg": "Mr offer", "UCGttNp5tzgtCwQtAiUtwQOw": "Mr.TripleDouble", "UC6EobkesFKtViP9G_QfNB0Q": "Muu", "UCQmf1E8i8DVIY8CPyn6Zf_w": "Mariah King", "UCf56nILi59cysJ68oEJMOWA": "Meltingmanx4102", "UC5RJCBvd3FvtkjS_UXKgoAQ": "Melon Juice", "UCqHY_wUfIFEea6n0p6Zdb-A": "MakTVs", "UCMK5kKk8pxn3LHtZMfxTWPA": "Melly Mel", "UCn2dTJhDkxoIW5h0QVnra_Q": "Miki Miki", "UCilxsRRMBGjTvmoj6eahysA": "MM8verick5", "UCnOj_9bTQzFeHvT8ygcMSvA": "Makaeo Trash baby", "UC7z1uIFqplL4mqO2NBzA6tQ": "MONSTER", "UCW-l5ogmmGT8QEO5IQfynmw": "Minim", "UCq9trxL3SAtjbYIwwetiEhw": "McKazooha", "UCTbjIoHxq6wXIVBRTV4xGjQ": "Merryande Astelrin", "UC6_lzCg6uJpRlvQ-wwKiF1Q": "Meep P", "UCPw2bJVru4BsndL5K-wTaqw": "Mrinal Das", "UCkEuyUyXrUq5ymucWYNGy_Q": "Meadow Trammell", "UCnObSvkkdPP7Y3juoGUabsg": "Math", "UCUJCvo3ruSIBRZyaLpwWNoQ": "Miron Harmelin", "UCQo1zCOw-6pX6aDMI68hvdg": "Matusek Zsolt", "UCjAubPIibKFu8pFY52ksuYw": "Mason Brown", "UCj03DuFDZ26-J8gqsFTqmDw": "Monkey Attackedmyass", "UCQRisXnvF36vp-47JS2kgvw": "Michael Corazo", "UCEkwulgj7JdX70WK3W6_J_g": "Mizuki Kumino", "UC252lQqjVxQkUw285DQk9pQ": "MAJINN", "UCa7zvwK5m4jxMRFiTnU21VQ": "Magenta Lizard", "UCHqZjOUFlEj0M87Yju1gT-g": "Madilyn Stovall", "UClqxBEv-2fcnHCkFUvlk7Ug": "MrAsadour", "UCyQuzP4xYIDNAXejfWAwXcg": "Musically Nmc", "UCJbxChgkWOas5fFVDD5SqSg": "Mikael Gulamali", "UCqnoAaTAf3yfPB8PE_l5r9A": "Max Wild", "UCYdt2KuM2qVk4Ti7nVsTO9A": "Mythronies VonDrake", "UCp61Eee02Ck875WMaVSKXDg": "Manuel garcia", "UCKcKF9zpw9Xb2SpXXmTEuSw": "Maan charik", "UCDOdjZ9Qt1elF2w3papirCw": "Mariechu Dujali", "UCZxBZkomasroaqhfYuVa2dQ": "Miss Fauxy (Fauxy Vegan)", "UCk38Ganqb0dyuKsTo-eXXWA": "M Kuszneruk", "UCby8oWORndtrhSf4b-Qyb1Q": "Mykneegrow", "UCsUQCl9N_IZTQ52aogPAQjA": "Mr Torrance", "UC1EKiX9uHxj2iuwmNUm9VaA": "Mike188", "UCpTxClm2g6qVCECxTkBx9Aw": "Ms Shyne", "UCQIQEaG-L1Kq-4zhFRvjOiw": "Mon Core", "UC7qGUeP5tKsm3O7yvhQNUdw": "Marissa Mat\u00e9", "UCo9hcheDUv7q36ZC6Q8_LvQ": "MTFighter623", "UCLAYYLfwtGF0behO4Jne7XQ": "MovieAfterReviews", "UC9HyjxOBc5YzWQBApjZXBRA": "Mostafizor Rahman", "UCJ5dJT73ObN0iiTHxdSbpKQ": "Marlene", "UCtZbWHjOGw3OoZUamPT-rjw": "Muhammad Rafa Adnani Syaaf", "UCWwltucQHCCK9Sft2X7YV8Q": "Miriam Corris", "UCXsdEajZ81eTFC9iO8eeJjQ": "Madison Nora", "UCYhMfRzM9SkDILunDBNkFXQ": "M B", "UC7NYcBSUSNTXR_ai2KLaGzg": "Mo jbr", "UCnH1vKq-TTFt6yqDZEVWzqQ": "MaG NITud3", "UCKvxQ9gYQ1DDa38GxB2iH3A": "Mauro Diaz", "UCsDYrPP8tCjble53hvSQKng": "Morgs Ch.", "UCGz1CVdozuwrn4hx92ShiyA": "MonkeyLux", "UCzp5wdBuzlI_K-RnsAafoLA": "Moonflower Tarot", "UC8LkqApI5gkLQ5IZbE4SSXQ": "Menim Dunyam", "UCvdq02ZlKV0yUq5EpzsMeOA": "Mohammad Choudhry", "UCwiQEv9d9h6U-MZKdbM-OfA": "Md:Motiur Rahman@{DJ}", "UCr6hlWrZzcl_1Xj_yszDjMQ": "Monish Das", "UCFQ0FJfIolsDuLjybWU-ffQ": "Mar Mar", "UCLixOa10fEojLGqYX4WQKjg": "Mack Kk", "UCJ3l9N4AuWT7E5S20cQEwGA": "Moll45", "UCzQKUPp8HkRVqRrsmVRG-yQ": "Mike Wade", "UC7lVJD_hxMq0h4rGJnKDs8w": "Matt Aaron", "UCwMvS9q_9IbDVGCqMpF3Aog": "Marlonious76", "UCA6dLvdeHfrLgkCT0Tg_rYg": "Marie Gravelle", "UCPO-weFo2edx5lv782xpq1g": "MK Mehmett", "UCPIKUWfo_9UyXuRy2tdMhlA": "Melinda Villanueva", "UCuhcRAEuQXT8koNHjFKTBKA": "Mladen Stojanovic", "UC8DK66lnyzgQz2gmlKNx27g": "Malak Khanji", "UCZ0odXAWHrh_XZXfTQYCGPA": "MoJO", "UCmSzJvhG0t819aPYlQz57tQ": "Mara", "UCndYwnOeCMhpy4dEjI9bOWg": "MonBoy Sales", "UCmkTAXbUSl8QUuAogFienDA": "Mark Rowland", "UCigSryB-BXNcbryiz7-wbxw": "Maurice19", "UClhitoC5laZH_Aw5O5OY7fQ": "Milani Fischer", "UCBwfhtuQXUAfMcUKa_L0xWw": "Matthew H", "UCBq_RoIy1H3xLRrMzwutbVQ": "MOB Soppky \ud83d\udca5\ud83d\udda4", "UCRVs33Q29NiDwm56ZB9I6KA": "Marisa Tai", "UC_9kRs_jRyM9N6qdENnnIeA": "Meher VER", "UCmjvNcaDJeDJQiy6Tjif9IA": "Mike", "UCItmnS0okvNaN1nijitFU_w": "Maezami", "UCeycH5lfptM1YC5V5g2jFgQ": "Maurice Rinehart", "UC8xvKgXxyyXKRXpMcOCPayg": "Maiden", "UC-TKEm0zV0wLSrs9jsNCH2g": "MattyMCFC", "UCLDN_4dIbyXRkNMFxaUehJQ": "Mischa Calcagno", "UCgG00NcURliCKH-WnboRaug": "Magnus Skrynik Pedersen", "UClIEUykZsqTBQN5UOg3b23g": "Moutasam Kahin", "UCvWqrt7TUU1pn7fCqtf8ItA": "Maisie Moo", "UCPVjzAuCx4tKj2-Q9rN4EXw": "Mohamed I\u2019m ard Bruce lee", "UCsR_GJoeIvYFsVGjiO33C4Q": "Mr MasterBuilder", "UC_zSKgixkEvp9MPyo48AWwg": "Maddiee K", "UCKPWbHceup-Hp-OSRAfWWIg": "Max Cronk", "UCgCsgVRn2QJagp9vrfsetgw": "Minecraft Guru", "UCYdq5rKBhnF6oV98mZBF4qg": "Mrs, Syltie Sadowski", "UC5T4HwdkOct6h0V-9Sn8RDA": "Mary Frail", "UCHKu82_BPGLlU4Gjs3oZIgw": "Melynda Byrd", "UC1aNVdaikSzGg6E4MYDNF1A": "Mich John", "UCFI_OBCppvZU4SpOLSOWOIw": "Mi'Laijia Hyche", "UC8i2oOIO4I6O8xGHvfz9KSw": "Moon Slayer", "UCM0E6EZZywlVmfyLl5YUFKw": "Matheus Barbosa", "UCCMGGXXWSb2PwkuLLBgKXMg": "Madeline Stokes", "UCWfLT1Ff7fZBsGSP1ozmmJA": "Miles parker", "UCXXzQ8mqzL6U3B6N4NdgDFg": "Mitth'raw 'nuruodo", "UCVTp5PM1JBcLrBgMrPXpAUA": "Mason", "UCCzhsu1Lyn_HAK3ryljv6Fg": "Mommy Vang", "UCING3B7VnbklpnmxLyfCa1A": "M\u00f8r\u00f8n", "UC72JqCv2Ew-LsJbRKp_VH5A": "M U", "UCwOLDLzRXokKcw81yDiN06Q": "Mil Budgets", "UCuUidBSVoe7x6Ksb4AtGvCg": "Moonflwrr", "UC8III1mA6-lHZHepoVjy9Hg": "MBZ", "UCXXjbfDn0VN1yg4pHXofjQA": "MyRetailWarrior", "UCwjF1vy9sBsl0ICzg_uPRKA": "Mari Belle", "UCtNyQ9ghjSkMBpu74pbuTrg": "Michael Oso", "UCIBn5yNiZSmASsTGOxZ-wcg": "McShrekNuggets", "UC9d-an3wX8g7eOTtC7KZzsQ": "Max Shirinov", "UC7c2zet1bTbd6fp1ZEDKPLA": "Mandala Pham", "UCa9EG7BXo5yZeUHXXVU-zUw": "MD", "UCJbiYd1BsJibyMtTH9u_tBg": "Mi Angel", "UCEvBIr7J1Z8Od_pHfaeV2pA": "Mia Ellie", "UC2fmEdI2xnsxhBUuDnMZquQ": "Mike R.", "UCQwpF6kG40WzomnEtuUcgPQ": "Manu Bass", "UC_2597_7agOmBjpZmG8K9Bg": "Morgenni", "UCV-3IIXt2THvAlq3dM_DjLQ": "Mr. fudge nuggets", "UCwykcmzqJ3yWZe-DKIULSOg": "Marty Lang", "UCcKQo1Xh8eyr4ACCnK7AzBw": "Music Lovers", "UCKqQmTgi7nb1vofeX1CvCdw": "Mr BiggyFresh", "UCtk66aXzDS3RVE69Bo_vRkQ": "Mr. Smith", "UCImXbIif9pyITaT0W5ikWyg": "Markus Rokkanen", "UC4X8Ai3D7umF0g5bYzRfM_g": "Mario bico", "UCyhTxrc3MVXUoPqrOpZLTEQ": "Mike Eagle", "UC_HdZqVxUwiECS-z-9I2wHQ": "Mathew Williams", "UCCXE1Ul-nJuBR7YO2PBYMNQ": "Mythical Origami", "UCiTKGzRXDitDbdXJX6l9arQ": "Mustafa New", "UCNw53Mkfqc89AQoEWZfMqyQ": "MP Power", "UCh1nYqcivv4mlzdkZPpPU0w": "MyGaming LifeZ", "UCwh9TXwfiqNTDVS5XMEC_wQ": "MoldyPotatoes", "UCHMNlvdjR179iJBPeXRrDrg": "Mr.Banana Man", "UCy1674PimalvYNPFK1QLerw": "Mr Dib", "UCF7nnJlPESV1gWGfDhWzE-w": "Michael Kennon", "UCJihz1RIumbj3NGqcOUoF5A": "Meg", "UC38QflS0xBw8h1FH6CJQg7Q": "Muda Le", "UCySlRJbja7RloTLFq8oDwlw": "Mate Pavlovic", "UCA7p_7SW6vTJtQTZuPOe7FQ": "Mrittika", "UCxSDv6-lrYx6rMYCSrjx0xQ": "Mystery10", "UC8HDSMcgNUwQiNi5g0KerQw": "Major Lag", "UCN2UJwx0To3u1pCmR3N0zpQ": "Myles Robinson", "UCzWjxVMweUmVwcAG6Vkk1Zg": "Matteo Graziosi", "UCkzX4wjiKtwQvfCXD0oqUIQ": "Madina Khan", "UCxS5C0GkVImqXOb1MLOWDTw": "MCmonstructUK", "UCrp-M3ZkgxFXRXsfTzuUI2g": "Mhad Rxks", "UCvpfIUwtz7v-uBDPPrSbY9Q": "Moonxlight ROBLOX", "UCA0F4DcF0jgvX75dckHgEqg": "MothWizard", "UCKgwIo5o7ruuHmC046v57Qw": "Mark Garong", "UCzzzfim26figvM-cA4PsF-A": "Mehreena Ahmad", "UCliOYaAYhx5m4gVEQ2r9TFw": "Marilyn Dillard", "UCEa4GUDOSuR4tGOxaG3MyqA": "Mayesha Tabassum", "UCLJfBrTC48hAbCj7Qz_G3OA": "Maureen Barton", "UCqNJcLV3QZP0FCJFd1N4xBw": "Miso Bright", "UCWiOysKJdn0w1ueNvyfGNpg": "Martin", "UCUS2C1cy4oaXG0voFeiI8Vw": "Mar\u00eda Moreno", "UCxE59_kYzIFONlQW2U9-upw": "MrGunLiker", "UCA-VNyIUo8K0i4hNNiJ_O-g": "M", "UCVRNzQnGB1G_DfwXlzBfKIA": "Max Frank", "UCHSdVp0EcjW2dbsZBmKhtWA": "Mikey Muse", "UC3OuAGELiSawmQ_Dhc0P4zA": "Marme Dwyane B. Carillo", "UC4gJoVljz_7YWulYVXnOtTg": "Matthew Rendenm", "UCouz08pv_yJX2jk6wTlG7_w": "Michael Hay", "UCLD0xLOW3ghemy6SwW1gHFw": "MISTER CRITICAL ANIMATION", "UC5Xv8usiMlgx1Hpw-mb7PvA": "Max Borja", "UCbekMvTNNZAvus1KhpN6b2Q": "Matyx _", "UC7hVnyOfnlRy4Bn4DSPPTGQ": "MoosMetZonderAchternaam", "UCnLhMDiKfLbkGTqdRaOb1Mg": "Michael Ward", "UC1Y3QrR6xilfWbSNDGfrhiA": "Marc Cabot", "UCVxZR02pGjK1G8L312Y2-Ng": "Molotov Borsodi", "UC3L03q1hl5K2gkLso2IFz6Q": "Mr. M A J E S T I C XIII . Blackstruggle77", "UCIGGnOG1GERArWMbXurV1Ig": "Mohamed Nabil", "UC8dnawIhK-hfStwM-LHO9tQ": "Marcar9 Marcar9", "UC2QzKuL-FWk7eYTZ_P7l7Mg": "MrGatechfan99", "UC1cmhFtQA2nUL16GOla_0xg": "MindBlowing Questions", "UCSZR2u4rfhgaFBhgfbfug7A": "Manasa Vuibau Batiwale", "UC18X9maQsd4aPE0x0zD53Gg": "Mao Midong", "UCZkjhbBm9R9yWc3k2CEMLSg": "Matias Cossio", "UCVPSJ09iXIg1zl-24ATKyfg": "Mike Shaver-Miller", "UCHwV-HqY9hF4-aZnCiZjHvQ": "MrSimplerr", "UCdbKZ43N8FSZee6l0VVRVfQ": "Mibo Plays", "UCz8D-p3SE4c_wWwvEwgMdNQ": "Maxine Adil", "UCFfz7FffrcEMSKymdgYqspw": "Matthew Harter", "UClV74XkIvxYKA4ND14tP2FQ": "Matt Ryan", "UCUwJeCIzB2611S8od49FNZg": "Muhammad-Amin Moulid", "UCLgoo7TlV_riuCXWPesi6dw": "Miojo de carne e bom", "UCiRPf5Gc8g6vowgqeZMCl2Q": "MonkeyJedi99", "UCVEhiL4l2G4ba2Y4oHnfLiQ": "Mad Network", "UCP32pP_KFdWjO7Jo_o6syIQ": "Micael Douglas", "UCQL-Fxuuoc1ytwVPoUs4Fig": "Mia Castillo", "UCBD5nWOrph4nsWNqtnlohgA": "Matthew Bryan", "UCoCdiIS7gdoLXLFao3HB24g": "Mark Schuler", "UC8do2UJ_Z4Q4FYKewb_sdZA": "Miss Aundrea", "UCrDbOx_ECeXkq8c6dXC2K9w": "MICHAEL MIRRA MINISTRY", "UC56lHEysrTJuqI_dZIDpvgw": "Michelle Murowanidzwa", "UCZXTQbc8kzLuSCQj0ZM-psQ": "Mr. and Mrs. Killion", "UCWe3fxvilPF58S1iEBKijxQ": "Mr. cubington", "UC_MlEIsEU3N4KyUZFLODSWA": "Maria Rodriguez", "UCGO0Ln9M3DX6hK7DMnCzsHg": "Meme Playz", "UCypPpHzejRUH8sk84kpW4tA": "Manimanocas", "UCbYJBE0m3nsekAjlBFllfQQ": "Marcus Spiva", "UCZAQQNnCphZZJsrWCJ6jsWQ": "Master of None", "UCnYa0AKUYodWT7rTSOHVv7g": "MR MINDSTORM MIDAY", "UCrHIx86zs7ZbCt6xzRpm5jA": "Marlon Makweya", "UCbJhdBFztLP7X_3X92nEXyg": "Matt Waltz", "UCiZER_tF8HSrO2S_0u_HhBg": "Marc Premo", "UC0kRlBBO9tMDU03wymWRp9g": "Mike Day", "UCEHoKUxmmWjhPvo6twi-XRQ": "Mk6 Joshy", "UCydKJ3eurdaJGZV8zfcqn1g": "Michael Jordan Best Player Ever.", "UCQMzPV8raBP3UPB_coIfGLw": "Mika Botha", "UCek6pWF3thQL4jeKwk36cKg": "Moosicn\u2019Art", "UCb0CFLJZQG2LgGvraBN61Kw": "Mamba Mentality", "UCWqu5L7AJj2Qk29XceeE-Vg": "Mikman360", "UC2kuj2kFagj74i7yx0S_HrA": "Matthew Waugh", "UCo_eyOVp1LpGcdNUG9oJM8A": "Miguel Mendoza", "UCFjtnarEo3trQ7AGmEcdRXw": "Molten Ennard", "UCJHYood-GHgu1YTDSm5ZmKA": "Mushroom", "UCtoHC-folibZ2WnOi_TvcOA": "Missy", "UC6bZkgGzjqRVSGs57TUc2Jg": "Megha Dhakad", "UC3CF4a6ok0yu4PnVQQz8V7Q": "Maxmillion", "UC6rjuqFO8Lh8XOAko4K4yXg": "MelonLord", "UCnObQVOub04MUPBxFbZN3cA": "Mr. Seal", "UCUoe9ioNKChgBGz_nnX-ooA": "Master_Player", "UCUXAMYOgdHNvlxxpucGRkIQ": "Madarauchiha4983", "UCe4zCADHfyJ6Wg28UIwkRXQ": "Minimiau Variety ", "UChxYl1NbRfWpUc6jcg5vV0A": "Mitch", "UCwpmRt5pkEN_p3vgwabb8Ug": "Mr.MovieMafia", "UC4ywyd3v36URYNhUdCsnanw": "Mike hunt420", "UCppkJe7KgkmACSlMW1nDu4w": "Mems", "UC5fQgjWDcuhETO7rO3fVIgQ": "Margaret", "UC3lG_pFcfju5z4eIw2KpQWQ": "Maria Seloi Xavier Brasil", "UCgPW2x0_zAr2HRwouUPyB0w": "Matthew_theonlyone", "UC6LJYRHUwqCpO1q8uRZKOKw": "Ms Behaving", "UC_yi_6pSY9S2kc3qPPKmodg": "Mari D", "UCpkhbUgb67gUUPNS2Qg1W_g": "Megalodon Man", "UC7Sc2Up8OrxvPEvXoyUkoEg": "MaitreMechant", "UCmPZxx1JwcWmcF7s-6yC5Dg": "MrGaMer", "UCaOEymvx3Jys4xmQItG_yDw": "Matthew Madigan", "UCVrQWO3Y3YQ6IjLhH6SH3AA": "MarineTuck", "UCFy9dfjbKp7lQC-iTfZoVhQ": "Milagros Werlen", "UCroC5B7ARD4yO6g9yTLuhdw": "Midnyte Sketch", "UCxQIZ_BU1yIHL1kM756v1SQ": "Madam Blade", "UCxza7Nbbdp4b-SEemJMZasw": "MX79", "UCXutkK0hu3hWuDPmEOMSaYQ": "Mrcrazy777", "UCElm21QV-geVDo9HceeMIqQ": "M", "UCr1_wM0qDkmbzWyCtkA8DHA": "Manored", "UCRzHSeSKFwAgtqmvOzIQlCA": "Megan Taibi", "UCJO7SrLwcXxUX15EJe0B4Zw": "Mike McLane", "UC7OorQrH_9YC6zUscCVi4eg": "Me\ud83d\ude02", "UCiM2sHxvY8_nYs1RIVX5IPA": "Mattly", "UCLsoUPZXCI5bupC0SlPjO9A": "Melo Riley", "UCKDu6Cxrwb1LHAECrmzdNdQ": "Markell torres", "UCaj_UleWKh0J7nlBUPcdaDw": "Mohammad Ryyan Lorema", "UCG_7tzb4gwfp1GqARzT_lww": "Micah Arlo", "UCLt1nfH6jQeOUpIcL9BGGyQ": "Muhammad Ridzuan", "UC4Asw-tIYCeXadjH_GMn0PA": "Mlp diamond princes\ud83d\udda4\u26d3\ufe0f", "UCNGvbPJAbVMdER8DbIuUgxQ": "Micah Morgan", "UC0u-BN62OnV5VctjQE427Xw": "Mic Mule", "UCCWzZtYBci0WZ-_wu9sHHpw": "Miles Sadler", "UCeoxOYq2HOkdOdxE_h2-daQ": "McMurray", "UCbnewfOmfwESHpBrfcSsFbw": "Maureen Davis", "UC1_-IGWl52bshn-B_UCOwug": "Mason Gill", "UCD4bPIymZpKnVsOiYAlZt1A": "Magario The Carpenter", "UCca3hzAcgHAbMYVXfAgrnrg": "Melissa Lochner", "UCGyhVVYLjILCw7nxd5E2z4g": "Matt Jo9", "UCgvk_vOImXCc5gNd1jF-LIA": "Mayra Gonzalez", "UCcjausr0QMlOS1mmWWQCs5g": "Mark Hashman", "UCpglDkhuo_WudgVhwya8dMg": "Mario Herrera", "UCG0SXyYaPRRHFYe7vWyiFhA": "Mark Zuckerberg", "UCLrDM8cGq8Nhe252TA713gA": "Mario Cagle", "UCKpkiaFi4BJEIz8nLy_DmlQ": "Matthew Snebold", "UCkplgd2HtuSODlJdmmtG3Ew": "Mukesh Sharma", "UCveLoDs63V98vlXE2PH4jtQ": "Mihail Fomenko", "UC8xOH8s9dBXyo1Z5WQp_EFw": "Marl Jeshua Aydalla", "UCeqjPm10e-VVpB9lbW1qHeA": "Monopoly Money", "UC2GWbpobCc3acRgRl-KVbLQ": "Mute", "UCsiXAehFur4LhwCdCJRr0ag": "MLB.Edits.", "UCqxAIIDcj_RmTgnTKkjVuMA": "Mali Ruby", "UCf9moPWl52xTaLGfN6jt6XA": "MaxedGamerTV", "UCbQj58HlyV-nhOeV5ya13pw": "MrBenSports", "UC9PdEKHxwq51mfO6YtZh6eg": "Michael", "UCY5XgULxzfzMwTiRrUwLgdQ": "Mafia Jay", "UCToZu8HiyO4G_BNjIrJ2LOg": "Madison Victoria", "UChsNP7_k6beAI6eEWvRahqg": "Marcela Carballo", "UCGi-L_xXWz7R17XTp-Trzqw": "Miriam Arbaji", "UC4_gxxrGYtZ-LoR9MD6zeYg": "Marielly Oyorzabal", "UCzXYqu1sK5BHIEEfLPpwung": "MrDjmaidi", "UCsZZNe6nm1HS74tZ_CInFbA": "Micha\u0142", "UC3YmJCOYj1N-coz6O1rn3KA": "Maybe Harvey", "UCucN6uftCW4P3Oi8QSnRntA": "MalachiDaBest", "UCggrPhtS9TNWHh6ox7_qBbA": "Mr. Bob Dobalina \u2022 47 years", "UCDFXgQ7w7r6x2E6LLFMNudg": "Menkov1ch A A", "UCy1Johw5igFVZET7qJy7-Ew": "MinecraftB3Like", "UCiTknWsgkrUWeWuWi7F1q7g": "Malcolm Fitzpatrick", "UCnWZwch4IYat2zUiI1i2UIw": "Mister Karam The chef", "UCLldyfBGnG66vSGAoLrDGrQ": "MrKus", "UCduRU31-nbkRQkmFhkv3wDQ": "Marvelous\ubc29\ud0c4", "UCnCVq0vRR9o9nUYDp0nksoA": "Monday Marvel", "UCwJOJavftD2hisdKGHlIreg": "Molly Omnik", "UC3yTuu0P0oxJ3Ef35KVZYpw": "Mad Lad", "UC2Muuvm1AL8lSFgZAKmY7lw": "Mzjazzzy Jazzzedup", "UCCNXfXctQuzP4p6ST7FgSzQ": "MrxMcon", "UCbkOSeVE0r3zru-gclr4JGg": "Missi_ Slaughter", "UCsSkEoerdyKdrhrj9BrSbsw": "Moditor Playz", "UC6dvWNxNxlijVO1MHy4wgSg": "Misty_YT", "UChvtopUOr4MGChah70wW2WA": "Manguydude22", "UCVbn8E4P88_LCyjg5QUkKnw": "Maddie D", "UCDLmr0r9NsbZYskZS724fAw": "MrBakedDaily", "UCqmgmZogiDmMxO09A3GFkKQ": "Ma Ann", "UChlBUlFFyT-UoDQjOGaRGIg": "Marcus Hicks", "UCXrnlZp61n-l_36vgZliGtg": "MJF", "UCDp-NsTHOveGXczML4nBLgg": "MAT", "UCn8QeH60qYP-ehRgl_mNQeQ": "MrX MrY", "UCn-JLY97_dUTNbv9Fk2HeoA": "Maxx Lehr", "UCntwet_KxHxdNLsHZuWybGA": "Mandarapu Kranthi naidu", "UCEW11SZxbc42t0xls_I5Nkg": "Mannie Fresh", "UCujl02Tfpm8TuLm6rFpXjfA": "MrTomservo85", "UCmyMl5iqrW5IqfQZ1_fnhyQ": "Moe", "UC2l95OExU4iVd_-OuY1H_Uw": "Mariel Ordonez", "UCCXcmBzwU-wJ4xTT9zZIXuA": "Miray Aprecia", "UCMAsSzZM80tHPvsabB35yBQ": "Maria Girete Soares", "UCv4PEdoZoPbRe3lsmAZKAFA": "Miyoung Benson", "UC1hwf1VOLg6lwUPE9J5mL1w": "Morris Tyson", "UCyXEUdYFgEKlthbm7sk_yjQ": "Maximiliano Bastardo", "UCcMWn5hexXrjbIU1kGmhuHQ": "Mason Musich", "UCCijeTYeTU5VHJ9q809oYSA": "Manuel Garcia", "UCmlFWOPCEBVlp5a0CfpPk0Q": "Marissa Amon", "UCO6EHMDZSqm0tDxXFLXLItQ": "Mattie R.", "UCGUD7lH4Ngu9PECZMOYQjzQ": "MXO", "UCvS1F4smiprEVmsmV_FXhKg": "Mike Cheney", "UCefTSGq3fCyA-N4tApxhRww": "MineChief10", "UCrwXEtUzSuS9fz944dfrTRw": "Max Payne", "UCXQ8_F4bEjwx6EPFBzyHm_A": "MissMBA", "UCbgH_XH_Rxr_r4_ID5Ef9XQ": "Michael Green", "UCFbXgglTwcSYAJF4H0WBW5w": "Mr. Rob Soft", "UCWgyLf6ffz8cJ0MP4SSfjDw": "Mig The pig", "UCFAxaBxrNhq4NpW8TiuxYHA": "Maitha Kiio", "UC9beqEn6qQ-AojRD8ZuJUWQ": "M D", "UCR2P-teOkIOwZ4FYL-7NlwQ": "Mirza Munif", "UCS_cD4CJbXbWNOrpdwXLVMA": "Maurice Johnson", "UCGblyEvTyk9UyiZfiaxT40g": "Marebear 1107", "UCL8Na19tRqq6O-89i152jXQ": "M&M Peanut", "UCl99C4gYOex8ViP4UObIRRQ": "Maki Sky", "UCS4p1HqsRyzFgE5AdPqvNBw": "Mr Man\ud83d\udea9", "UCDwRO0piQYS-iIk65gTCL8Q": "Maiku", "UCVNqPSD_72uJ6H_LKItzg6g": "Malina Uja", "UCg4xclXwnxWWKChzYOn9k3w": "Michael Aguilera", "UCuPqUUTeMh2sQ-I9xk5QCAQ": "Mochin H", "UC70medmljDWksC9i6GjC-Fw": "Midnight Sam", "UCKT-lF-eliDT8VYE3g5C8qw": "Mr Dandelion", "UCOACG0CzV6zq2ZIPEJPheBQ": "MagyTheMage", "UC67n_grKWDwa2hfaKCYffhQ": "Manuel Leyva", "UCkV26X71AbXlJEpLPKl45ew": "Maribell Balan", "UCf4Sw3fP3Kv8Z1VCWcwm7Bg": "Max Myrene", "UCL2BQR4MbfEmLaaICh1CANQ": "Mia Smith", "UCWsLigPX6F_Y3A8_59wKZDQ": "Marlon Brewski", "UC9HZ1Xwm6gkdO28Iu1QJbLg": "Minecraft vincent", "UCVc6MeyuHQdqmhSLF1gamDA": "Montasir India", "UCFwOCi-Y1gFeodCBIiZLTtg": "Michael Miller", "UChMA7c8nz0I2ALwPFDp81ng": "Ms. Jones", "UClipBUPdfg1w2XuqBR1lpDA": "Mars Bars", "UCGjjW1V3GhVXaXF6zBRbFlw": "Megan Mouton", "UCAYTGFBFsJO08EzY-v2ofzQ": "Mini Moon", "UCJQtbRe_C63rkQTfthhrLFg": "MichaelWiedmann", "UCCaXVYduUNQuePqRSY0PEQw": "Minderofmyownbusiness", "UCYW7KIwml9Svvsrl-scg8Cw": "Michael Knight", "UCvoTfEfKsi9ZTEP1b-CwrUw": "MutantMike", "UCbr4ICJmeYjyKQ53ONwLZuw": "Michael", "UCOo1fKYSFLeXCw2rbb3KgAg": "Michael", "UCh3iArUlN27DbdIIkcNVEKA": "Mr pigman", "UCoOGBJx4vuCDiG8vW0Mv4qw": "Mj Ahmed", "UChfqiXeq0cbITDa2ZGHY0Jw": "Matsiko Norman", "UCTfN2lMFNtpzjGvjPxfWphA": "MJL", "UCftplbZN09XTT2AQqClDdTw": "MIRZYA KONOK", "UCSG-Me49k9lzOWxWqgQNh5Q": "MTF ALPHA-1 \"Red Right Hand\" Commander", "UCbbJ_2CgN4XmI6X1vVpY6Tg": "MyUsersSnappy", "UCmEAB-7_MOxzMC9rV_rrtIA": "Mikhail R", "UCuefY9-TpPWMon-ogixd4_w": "Mary Katherine Hill", "UC-p7QszQP2Fxwik6fioD8_A": "M4SK_ED\u5927\u597d\u304d\u3068\u308f-\u3055\u307e", "UCoYgj_OZHGIzmU7IMxppQpw": "Mariyah Concha", "UCyfpbjThFVqLjompa8EPUIg": "Mamta Pandey", "UCEdLuuLk-wwiY2jh09Q0VSg": "M a a d", "UCi1CIkuAkABKo9DHHp6f28w": "Mason Lewis", "UC7pGKLXljYQMQeK8TLbBalw": "MILLER", "UCi97NKuOV-hFuXFe0Dnpp2g": "MMVipper", "UCV_uAUoFluCzoGPaj9nMc2g": "Mido Elht", "UCff9Y2Cd8Q83yaTg7mnVuUQ": "Mike C", "UC9HMJRNbH-WjWP109tgH9NA": "MakeupByAmber", "UCIJabCMg8qWSPD1f0OZqnRw": "Mr. loser", "UChpksVaZpISJdHe8Yzau2_g": "Mark Hutton", "UC1zPLbcym80BGwnXeF1YU6g": "Mark Bates in Thailand", "UCBCwTkxKrDN_mA6CYjeDltw": "Mc Spooky Kid", "UCT8O-4tnloJZ5mSG9UYrM4w": "MEGA v10", "UCNpT5oLZa0SmYbAdMD053gg": "Myrna Pranga", "UC38x_avgQ32pqlA501qduqg": "Mr White", "UClxVVQV2PYWIreIBXL2BcCQ": "Mike Mike", "UCVW366UbgIylMIeERlkftxw": "Max", "UCojfdVKGYxZrbVYTVMqwx9g": "Mike L", "UC76L1OTVIIA5Oxu4xEo22dQ": "Mike Belleville aka Me and Lewy_mkjsdad", "UCcyKIZS2NJo8kMdb5HJwOXw": "Mt Shore", "UCtbodUiiiedxjm5dXcin7uQ": "Meira Krass", "UCddk64G59tSWhWV6S8Qf6bA": "ManIWishIHadTheLongestNameOnYouTubeIWouldBeFamouss", "UCpILJDnzj_SHskxUe2L-S-A": "Matthew O", "UC_vaWqRKgaQIrYiISieM2nQ": "MinusSkydiver", "UCBdPlaxUY5bi3gh1nmsSzbg": "MarshmelloFan", "UChXqtOV_fa-x0FPaaD47HFA": "MIsean Fulgham", "UCXpTABBzHkqNUYg8gj_mweQ": "Matteo Spoletini", "UCJUVpr_F1iZSBzW-3owFKXQ": "Multifan stan", "UC32zd9BQsfN_FQOcVJGkcmw": "Mansi Chawla", "UC2P9NY58-rMaZrMjOYYTsbw": "Molly Jackson", "UCBrSHSJUhLrZosplpwJhNxA": "Maika Valentine", "UCNSAFIssp-2lqnBSoOj7tyA": "Mansur Mardanyar", "UCYKSQNwZfnnTabkn0fSpwZw": "Mr. KittenGaming", "UC5LXVmezhoJxWYXfRLIssWA": "Manu Puttonen", "UCd5Ysj05f5yzAI1g2i84g9g": "Mimi Singer", "UCgP4jNSCNgg8SbSYvEF7KSQ": "Mattstar F", "UCrK3aXcwUOVru-lCBnH9ZgA": "Michael Vixaysack", "UCRsOzCzmIetN0qkW7nYsxCw": "Mulya Group", "UCpScGzvEK3Wj9dWXmiE1vMQ": "MiddleAge Maniac", "UCCOXhzsMJUp2tUBgA4sj2IA": "Mr. Bruh", "UCgBtFq9x4aV-A82oS7idMuA": "Mister Music", "UCZtKnW1SSDX-Hk0SYau8X-A": "Missus A", "UC8IQAGYhdYTQ2F8uv1v0BJw": "Mithrandir the Grey", "UCb8wEfVBO7APrF_9WPERMRA": "Midnight_Surbhi", "UC37vhnH05LpR5-0kY11mLdQ": "Medicine Medicine", "UCpoG8mGhWq3v3QD67eT4V7A": "Michael Ha", "UCFQGXvsEXUF6VgeNsqA6R-g": "M", "UCcF7QR5jACzzzZXNvCC6hHg": "My name Jeff", "UC0Vc3VDfeNpII0pv6f6ZdTQ": "Mikes Micro Worlds", "UCkrPyYENy9DYbe3ZFMQVGew": "Mariah Gunn", "UCkESvxswTWaYMDRSwvBZxlQ": "Mr Pasta - Roblox", "UCMWFADZgIKm5ycuRmKt87WQ": "Mark sianson", "UCAnyunEL5ApVUWQUWJoPVCA": "Mbalenhle Mahlangu", "UCJ5ziBuZIX3OdFUGdFgwBLg": "Mariah Laguna", "UC9uQvlAIfTJJ7m0CHC1v5aA": "MrPineapple", "UCyIPUTvokluBbAUU917frnw": "Manar Marzouk", "UClV3xZ88tO22M9cc0k9eaSA": "Magnus bonne Lindevall", "UC8gLuFs6ugpbiJhNiwjjyRg": "Matt Marshall", "UCq78RNjCuVItqKqYKDzwjTw": "M S", "UCnNyCJ3bj3B6fHj_X3y3IbA": "Mateus  stein", "UC9FNdRqwDClg0NZRibJjfwg": "Mechassassin", "UCbY5dxWp1TFL9hI2gAPKrAg": "Mike", "UCofZQFG3zL3HA4rDRJV82MQ": "Michelle Tam", "UCaPIG5ywwiVc61O0VtGeZTQ": "Mastershell", "UCkyioAJW-qoJRhsjlQ059cA": "Marissa Santiago", "UCOCBFpUgcyAchHJ6l4Kkn5Q": "Memes That Cured My Depression", "UCJ0Y928GMpewkQ3bf4VYPgw": "Mmmaiden13 Psn", "UCxQayN5TEXwAcCNHtNfjgoQ": "Mr.Psyber Banana Watermelon", "UCrQQ6dz4mx3ovMSOMgA3wUg": "Michaela Gaming26", "UCkzUqD-XDONV08l-GtCCIHw": "Master of Raw", "UC-VsDP_WqXqZGSChBNSYJ6Q": "Markele37", "UCivhAJO_3SB0OgxADKU6K9Q": "Mishael Kevwe", "UC9pDgA2rYb1ouHWjFAYsY-g": "Musa Hiers", "UCHKyAn4nfyVyFthswb5snog": "Mackenzie Freya Nixon", "UCYJkeHWWtVilNvLIkoD6akw": "Mikasha Turner", "UCHHeVBFwk2_Zh70wjr0aMbg": "Madds Tombs", "UCafbbnIIhzlSNqbm1q70HgQ": "MADDOGMCY", "UC8R4R8xUNKQTURq4bN5LVag": "MC BOT", "UCsC810hwjYH8yGM9VeeQpBw": "Miles Anderson", "UC3S22fW3ZrJy2BoF_P0wKsA": "Mason", "UCt8KxHx-y9zeBpTNCw_d_dA": "Miguel Mabborang", "UC08o2Z3ox3z1UpOikUCIT5Q": "MOHAMAD SARIH DAUD", "UCrYW8NGUiGM8OEYVOKaCtdQ": "Martin Lopez", "UCU3gPmQHNrGGyreYhNi9SsQ": "Marcus Antonius", "UC_-Oslms5u7WInIRLBGygSA": "MegaHolymoly", "UClhnaCXpZ7cfBpNsvMp8i8g": "Mr_Yoshi", "UCYTAvgrL96oKKly7AGQwh9Q": "Margarida Reis", "UCbs4rzxhPZkugpbW_q8jwNA": "Marvel Anime", "UCloncpX6-0MpkDBz6jSPldQ": "Monte torrate", "UCPbH3AsnX5ILct1UWM7Q89g": "Mark W", "UCsqSEVpJLjUmZoG2Ug71QEA": "Muna Mohamed", "UC1IltuUHp8J1Di0LZ9L4ZNA": "Mr. BloxRo", "UChGenmX92hTjvjRyi6BVy8w": "Mcmikeandmacpants 1", "UC2d6wc_TX17K_b1Oka7dX4A": "M Daze", "UCjtMn9KzIEiK1Ucbnd3fvGw": "Mexico Ball And Animations", "UC2k20UMqAmcqPMCfahTsEDQ": "Max19yearold", "UCb-TTB3wTYXVyiwfX8GhgpA": "Maronmario", "UC-irqdVKinp_SMmIxEJ2ERA": "Mark Mower", "UC4x4hjVXlIa13VG3WB1lLLg": "Mushiixx", "UCIYQ2u8RrHmhXDlal_RUidA": "Minahh", "UCyljMu087r8UxnW9PiD7QOQ": "Max Justh", "UCrwXoHIcjn8VQNb2oCju6sg": "Matt Carrick", "UCsF4IdladV4Z6opc082IzbQ": "Me Myself", "UCKeqKjkdk9XNQzP1xCF0-Sw": "Mason Hardy", "UC-Y26KELJL7b1QJLm1zPoSQ": "Malkin's Universe", "UCy-4f5jjgYysgCUrOy-BaHw": "Maria Casillas", "UCGR15vXChNwEhoDsC0Y_pEw": "Mexican D. Lord", "UC294pO9DnpPbX1VFOkSrY4A": "Meghan White", "UCz9rDKtSjX1BKaFcbISTFjA": "Maceyee", "UCFWSYoLzcrYJHe0_iJp0Ddw": "Man of Culture Allanzo", "UCsbXGe07drBcfr4YgJE_eeg": "Michael Jordan\u2019s Burner", "UC3xnm5fpFM0WV5c0IVsLaew": "MR Darkman", "UCDu67h44pe5B21JhIT6_tbA": "Michael Waninger", "UC6zUr9cJTr6v3wsQ9Qf9MBQ": "Meghan Servais", "UCVsw5rH1curh95VULpWiZVQ": "MEMEUS_MEME", "UCat3oaQwO-paiXy8LF8Ejdg": "McRae Naayers", "UC5140D9ZLSocQM2kDMV_E3A": "Madeline Ferguson", "UCLTXNkZm2sfeBMrztxYl0KA": "Maddie H.", "UChEmmucEMIgHIwULYF65D9Q": "Moon Star", "UCyE6uTNi50ne_VxoA6l5c1w": "Mamaco", "UC1YPxzUs-QmwelyUfojDTyw": "Mike Hunt", "UCDlVObTCyGgdIaSRFTAICVw": "MrsOakshott", "UCl97iifA_1Jqt_9QpKw5INw": "Marina Arif", "UCeuVU-tmpbvIspf_EtWp9Sg": "Mookie Gold", "UCsqN5WOfqr24wHph7dOoMyA": "Mellessa Young", "UCxSssuygxLD6Uc-G1E8r0Xw": "Maga is a Lie promoting racism EvilVile", "UC5Aq0OWuZ0x4MbAnRZDbMHg": "Mary Awuor", "UC3kNBnM3dWaSp5m1_jdqrMw": "MrDino", "UC4HPhqATXvuMKYXmHTpNdHA": "McKinley Mac", "UCEuUMHFDJZNfldwPiuY07cw": "Mr3picly", "UCvGwSksBaJBgrinztM152yA": "Matthew Yeh", "UCbK3ry3fIEL4yQCeSMuUsXQ": "Mitch Ryan", "UCFdzoTMMCBOh_VOQuKSq9Kg": "Maxi Mu\u00f1oz", "UC2Hjy70JqOjG2oCGSju7ueA": "Mota X Madness", "UC3-ZkfxKqL63kSLusiglWlg": "Maryam Ahmadi", "UChQ-0AX6qWjzvuo8ph8nw6w": "Meliodas idk", "UCe6u9xrMb57LuizL9SLEHuw": "Mustafa K\u00f6k", "UCMBZugYaAlVaUk11TGdK1wA": "MJ The Cat", "UCWX5htW_g-yr4L5odOKJ6mw": "Mr. Reese", "UCwJ3lbEnV575o8KYYSNx4vg": "Marv", "UCZMcxYxqEWBm2e2uxlBgAWw": "Merrilyn Norton", "UC5434OJadIhmyd2fEMuoedA": "Mr cube", "UCdwoKkdu-l7g89-4JFr7alg": "Misty bot", "UCBR08FrubxFblsEAXoXqHGA": "Mary Herrera", "UCuek6y6936tBs7-l8mkljVQ": "Magic Kingdom", "UCdW6tnAoiho0sL5oHxvil8w": "Money Topics", "UCXyUVBhE1aNWGdvjBwfGBIg": "Maria Mandujano", "UCBMVRzAW7LlhPqvIvisJYGw": "MM Marinette", "UC46g8jbug_EwUJMPBYpGuIw": "MariktheWolf 1475", "UCMMUqj8CnwnlqPfZNeEmKmQ": "Matt Sunblade", "UCREMI4sb6nIJEf05uVVPPog": "Michelle Reagin", "UC1jNQcwA4QfMChICtjj73_Q": "Maci Krause", "UCRak86TYDYtAPTUHHIb5Z-w": "Moonlight_Emily", "UCeJiB7JzZBi4g9R9oJrM4Xg": "Mark Bello", "UCjLYPMTNlz6uZWUYxxYovEw": "Merrykat", "UCe6XhuAxbA58ctOM8CBQpYg": "MortZon", "UC7pJGr70iIxGkXCYk6ZienQ": "Michael Do", "UCpbHKEMAiZXqhNbyNsUVqhA": "MassivePonyFan", "UC8uXE4HhxzoujLLBTRkFaIA": "Michelle Sutherland", "UC5d_sl246kabA9Uwd6tWXmw": "Minetic", "UCagNmowyRmXAwMSdgtdWH1A": "Mary Davis", "UCJMsHYlVxDGrG1xdQmWCsFw": "Matthew Anderson", "UCTWKrkUWI623CxIA2dBBvpw": "Meghan Meador", "UCULkQQUMfGUdbDGUY8D8ayQ": "Mega apple jin", "UCFoheO488YQAU4rDfPIMgHA": "Meme chicken nugget", "UCOmETAeO8q4M6aoRZ_g3pqg": "Maia Prost", "UCfm77h7L4RvLmiA30RuAoag": "Matt Langford", "UCm0xUYCvqui0kMrfttZfGHg": "Mr. Boombastic", "UCS9bem4qYJSzh3ugd2Z_fdg": "Mathias garcia", "UCItLZdS9ZGt33UkiFGepzHw": "Malek_animates123", "UCOYT2ZBP4YS1nbqo2m7GlAQ": "Michael Glassmoyer", "UC1N9d1a34VmUqEY0j_ZG8Rw": "Mr. Peanutbutter", "UCoXOKjm_PqYFOcl8gZesL8A": "Madhav Arora", "UCjRsOwBOkjLGzzSVUo2nb8Q": "Makenna Lomeli", "UCioP_1HEzgX525GZ7FoKJ6A": "Mitty", "UCQDdcp8zpV2SRnuUiyDziSA": "MJ MERCADO", "UCNW3CRDZBzM8EtLv-KJs9RQ": "Muhammad Hifzan Salimun", "UCnLbdfTPrJN67gxzR3hoJQw": "Mr. Ashtastic", "UCNbdPGUJQI8EFoKYRwuTXRA": "MuHamMad IZuWan", "UCaDDO12WVgpnrA9VSUo7c-Q": "Mariah", "UCTi7hy4lWuXByy4dMhTYxKA": "Majae", "UCUgWrTRF9A9gVQHRniOr7vA": "Midwestnet", "UCW2yoQPg8OakZZEfVx-xzVg": "Mexican You know me", "UCi7pRVNAfqLtviHfv2UB_Cg": "M I", "UC5qYyPgpZ1kCAe-CZprFXVQ": "MrSoobak", "UCphM9GpPPvUTwaVNPoLVmgQ": "Madi Orazayev21", "UCIef51oV0qu4ElEtI1yKWRQ": "Mooping JaoOuan", "UCa8r8QKV9DPXzcPpNEnJrGQ": "Milena J", "UCrqa2biaT4zTiB-x_8BqGVQ": "Max baller", "UC6lQad3jogQj-Y54Xz6S_Dw": "Mohammed Amdihun", "UCKMFj3z3T-GbhAWrW7NKtug": "Mr.hughes", "UCJI72XrV9Eh3yg193sMyJxQ": "Matty Crow", "UCN_lPY_koGx4ZL2iS7v89aw": "Megacooler96", "UCNIV2G357qCdwL3FNk3ohfw": "Mars", "UCfDobE1rFGo4ybLd_mjZP6A": "M Balazs", "UCNzcx4n2GSeOZ5DQypLKpRw": "Mr Beast", "UCx7ncTmQ1YF3lFLIW-4bZtA": "Matasa", "UCFgZ-E2ArM5qcuZsQ_jDzeQ": "Megan Suggate", "UCPHI6ZU6Fy7jXMpkC8C6-SQ": "Maja Kosniewska", "UCQmPY85VWt4l8mBTv0LszsQ": "Marcos targaryen", "UCAjiFmJm-cTLZNtvEVqm59Q": "Michael Rucker", "UCatOWX6eWmPzFo3xJS0MvzA": "Marika McLean", "UCq9tDV35pMW7mYfVaqXV8lQ": "Melyssa Monfee", "UC33GK11JKTjStLLupD7q8Sg": "MandalJi OP", "UCUNNtgs_QExrOXSSSi9er0A": "MM", "UCxvdqn77KgNDENGcpZY19VA": "Mohamed salaf", "UCDGwj84wa3rm9_vgyGdqD-A": "MANNANRASDI", "UCc25VpfnhdYCkKW7gOSjynA": "Milan Kobalcik", "UC7aE3z_PhfEto0ZFzc6I4wQ": "Malachite Quartz", "UCmkzcAXgofvihRyfWlqUs5w": "Muhammad Dani", "UC7U1kuBxSe5N5ZDOz9ZTyCA": "Maricin De Taza", "UCCa8qNWCwpcmSkKNdYfNzTw": "Most Definitely Monique", "UCvTyHlgzLIXBgKNmllY6UXQ": "MetalicSphere888999", "UCq7wcLbK1bWM4DiyVLE_d2w": "Michael Sangma", "UCXYp5QgqPpo8Lk4hwlzR_5g": "Mack Maine Joyner", "UCb-c2KkUoy4PUPHldAxx4rw": "Mrhappypotato", "UC4l5X5YRPULuMcCEvGdCgEA": "Muka pogz", "UCTm9jQS9Hf5cl1UvOXhWBgQ": "Michelle Castro", "UChd5uM_HC6d2I_qnDDNcpKg": "Miu\ud83d\udc95", "UCXhyfklRo--zwlVeRP3tFzw": "Mr_nobody", "UCHICCxrNtjQAfmrijsJYGhg": "Mr.Tony Williams", "UCqzBOey6uDPu1EcmxVDDCwg": "Md Rony", "UCYqEleJTkohI0JkfRyLWMRQ": "Michelle Htown", "UC58AD3T9HGrqfYIkro5AERw": "M.A. Fion", "UClWCbsrL1Dd9n0AHnoGzBtg": "Martha Ramirez", "UCQk5AD4gllLGR2uQb_tqs_A": "Mathi", "UCekhTXt9Tj9HX5X7QwNiwng": "Moaonen Imsong", "UCCzhPpt3zaCRERYdQY35EFg": "Mark Lexam Roa", "UCydnGDRW685O1eYpsAfu3Ug": "Max Cap", "UCu9DZ-7ARA9fwUfJjvZjGCQ": "Martella Nelson", "UC3JLme5vGfcl0yDUQqxhNxg": "Mr COFFEE", "UCgv_er0oP6grnLNz96ARlPA": "M. B.", "UC3xDdSrtMM0gUxdt4WAzn2Q": "Manjima Jayadeep", "UCOYP1LfxLy1FgMvWcPPxZ1g": "Mr Kazimuddin", "UC-XWdqBm8quOw2WRneK8NCA": "MisterMuenster", "UCW-vY4FWoVADVILAb7m5B8g": "MP Aung", "UCSrXmjU4PcK4aNNMyiVI_0A": "Marz", "UCbI5PqxRkYy12zHF_S3zJNA": "Misty Falls 1234", "UCqXD35J-Kb0ynBzBmTHrv4Q": "Mike Doyle", "UCr5IiyGmZE7eUstQWX_iT9A": "Max Balderrama", "UChUItF4814FcUUc-f8dm_MA": "Manaa Almarzoqi", "UChGBSGwwpoW9Whg3uW1ZcnA": "Millennial Marriage ASMR", "UCTaaytV1b4sG2iz8zZMH3PQ": "Michael McGovern", "UCNwoEx3yexde5cY5Zk5X_gw": "May Santos", "UCeYGOdzi56SWKOYvNXAW1YA": "Melisa Suarez", "UCTEXRAVJvThYTqHr5r3kbIw": "Mark Youneva", "UC2mdU0hYWaXJYBrjC6R0NNQ": "MarkZ", "UCJk5kFFNL1AF_t4fOGW5tAw": "Marco Borromeo", "UCPaAmQEL9aQqQChGdifJ1TA": "Manuella Rubillos", "UCtwwGDmWakz-32ww0N-63TA": "Mr Bean55", "UCDjY2JqQUHtUQ6pOH2Jrg5g": "Mallow", "UCkjLFts0i29ZeMnCsd1SbDA": "Mokuhyo", "UChKLDRQwIABmUlYbrgYID4w": "Mark", "UCAoI-UXWKB9RY2d9SxUnHlg": "Meteora Butterfly \ud83e\udd8b", "UCU1-nmD2ryHD-FxfJKyPCJA": "Music Critic", "UC1BzxElGUni3bI8AmW6PAJQ": "Morgan Lukasik", "UC6R-qK7_yHyfhBNFkhVRJhQ": "Michael Evans", "UCp6xTQ0IzsdtCgK_-WA2GpQ": "Mad Michael", "UCqE8SnR5NntOmjWteKUAcnQ": "Matt Hood", "UCe7xSJv-p75GnUhO5YZemLA": "MrBigT", "UCeNfApcq72ormja2qqYny-w": "Matt Hart", "UCP5VasaeznduAyT3lLh2_xg": "Muhammad Arif Borhan", "UCl7c__hHcFLiCNBFE0No2Hw": "Morbidly Oppressed", "UClfVSBZjop8sQ4HlppsuYRw": "Marcus schou", "UCmiRla8ctcmihKi972eAQOw": "Michael P", "UCb9ZgULSbMugtD--QCIBofg": "Melancholic Nomad", "UC0x6AU7COZuRcGQfo1UxMvg": "MVious Cosplay", "UCiggIZ4i09FsbQJP9hz6fiQ": "Mary Hinge", "UCQSEyxHvLamdghKurwuFYxA": "Ms.Yawhaw", "UCrwjSYzjv_I57BUMe9QDvVw": "Madi", "UCeqBa0CaArWne8-xbg-YF_Q": "Marina E", "UCm23gFsgWuHWxRNL1DIyS5w": "Ma\u00edra Ven\u00e2ncio", "UCLXPnKIyRbJyDoJmA2JAmpw": "Micquel Dequina Jr", "UCiRcxCeOE0AIP0qrU9x54HQ": "Myrzik tv!", "UCstKzM5HlBdnzE0YKf1SDiw": "Michelle Canty", "UCG3WuqC1VDQ2t4zNzgiZ44w": "Milton Hunter", "UCzPt3l-KfvBNtjy1Ysbh4sQ": "Matthew Coyle", "UCfxVdPzWuSaBHODJ8Ke6_-Q": "Mustafa Sheikh758", "UCxJwpp6RlePYKcS1cjX9HWA": "Mackize Tunner fan", "UC7iJQ9_vuatjcJ0L1vo_spw": "Malibou Blu", "UCHJ6jvDil9nuZloFhKrCJQg": "Mountain Drew", "UCw4PATBo5IWbVn5W8SlX-vA": "MM KING", "UCZ2O_0qsCamlaEWVZHPNoRg": "Marky Mark", "UCNZQvUsEw921eBGMw77qjxA": "Matt Pumphrey", "UCYquy4jgjnyNo__v4iObPOg": "Mah Dood", "UC2RjRQeUsI5HUv4mUbgIjzQ": "MasterCobraGaming", "UCX_gq6F94juHWVPlxPH_TZw": "Mandatory Fruit", "UCu26_IYpzkD1WO0T2bXv7wg": "Michael Young", "UCHcDQXvNz42mFBZ6ppjXBrw": "Matthew Waldron", "UCIhgRv8yJZswl48grr3zIiw": "Mary", "UCqLQY4C3Fk0ejXh_yY1zfYw": "Mebra Flower", "UCzbpGYVTZt2QYaV2EuQq4dA": "MzMee08", "UC9MqHJl-x5lsyXxRh5_5kTw": "McMugenz77", "UCuuzyuqR4cK1v92_43ww9bA": "Michael Fridelle", "UCKmimSDahNB2OrNz6CHDFdQ": "MikeV1018", "UCVbXy9QTHkE_PjctXVRClSQ": "Mike", "UC6_iyhQAPlz1dwhZ8UtRV7g": "Mohamed Haris M Haris M", "UC_tbA3HvUY7jzoiyvFnc22g": "Mindofmilk", "UCM6QcZX48FV0lOriJkBuXeA": "MrJibsIV", "UC5coAms0YrT2ldbsEDkGDqA": "Mr Green", "UCFa_xnxyFCJ8a_wVLBwBRSg": "Mason Garofalo", "UC1gzlU8cy7wV1xtEmXEDdpg": "MrZee", "UCFyUEpgnbVLyO8FI5Uh0KmQ": "Mike Tracy", "UC9_ySLQ6n2P8HbAX2d_yZ8g": "Michael Donald", "UCWrqKxaMXpUvZuOcdr-RdRw": "Mr. Anderson", "UCxbv_UDZFX6U2eSSnL-JbAg": "Mimi hernandez", "UCUqdeZRDVKaPQnwaQNlz7Ag": "Mizi The man", "UC8GLC1Stfowpfj7Qk2IHLlg": "MrGAMESLINGER", "UCUhxnb-aS-rqIH_xJEb8roA": "Madix", "UCI5waavpGEqJCHzAlx84dHg": "Munchiiez", "UCSY5NXFHASiSfuvGNhHf3oA": "Mastan Khan", "UCYMl-97aT8KKXrdQV0zwVrQ": "Meldorian", "UCvrT14uVGq8h1ww3ac9wfig": "MR. J", "UCUfSPq-0niGXbLY_OZ1IaBA": "Michael Grubbs", "UCyPfi_N6NTct5QUldPlbPeg": "Maria Chan TV", "UCnb9H82vBgGaLYFw-ofpguQ": "Minecraft", "UC9fR-H9oH0UmanugZcnYrHw": "Mystical Garden", "UCvEJOtlUgJEhtJV8UnJ-KZQ": "Melinda Knight", "UCZou8EcYxBtz94SNfc1kSgg": "Meerab Zaidi", "UCPVPe1foMh1nJrOzAu23B0Q": "Matt Schubert", "UC0YqOIaTKNKv8k3300NW-Rw": "Megan Cook", "UCOQAgrjqzeuj9qrcmxpa1Hg": "Minionjay2013", "UCH3JxT6bCef2jNy5QwgBMAQ": "Marc Alexander Gunarso", "UC1sBT-zS53a2KljsG03msWw": "Maartje Meike", "UCuWox5kWIm8Oi8CaSVEyQ5w": "Minecraft _J", "UCaMFfIOD-Mo5sY_FETTabnw": "Martin Castillo", "UCVlkGiDqMnT5dkG2P1JKaJg": "Mango Shake", "UCxErn6L6QDHxVpemyh8Pt6g": "Micheline Eliassaint", "UCvBKyuoC_cFeuJkn_-R77xg": "Monyon", "UCJAsOSXxpL0A__gM4J9Bguw": "Mia Riley", "UCYgYRM8HZYD0aepGbzz5v8w": "Melodina Debussy", "UC5deHBk7EQu2ugWQSMo5bCg": "Mr_Pancakes", "UCyT0xhqwsvOz7uitIr5qcEQ": "Michael Whitley", "UCMmfZnP_mDTsASiNScAsv7w": "Mexico kelo g", "UCeCAyZqjlBS2Gf1NlN-hgIQ": "M C", "UCviTc3-bpoBDTtUbvu68iWA": "Marina Abroad", "UCpIZ3-6BHGo-AwvvPdh0tEA": "Mxystifyzz", "UCd8T0fUEr0qnH0zx02ctqaw": "Marquis l'Exil", "UCx3WVKY0EBWlgvI4MlSLyyg": "Maja Bor\u00f3k", "UCPT1sJiPPcz-Quy771FYanw": "Marc Aron Neilsen Gonzales", "UCFAeI2Rexol8MFptg9ZDvRw": "Miss My", "UCopWK4iNRsdAvXfINDfeSVw": "Martin Martin", "UCgkxE1whUNFx749XDAHK-Aw": "Maria Jose", "UCaG6PBQM8xOHG2quaAW1zgA": "Marcellana Carri", "UCCxEhmKWvTBk_gj6Nj0-mQA": "Maria", "UCgQGfcc9myDumt6NohkFFXw": "Mark Daniele", "UCFdz82v0qu-oEtsGsNfGm9Q": "Marlene Cabrera", "UCkdGZge8hI41T3eiv5fcIFw": "Michelle Joanne Williams", "UCTPmQFUNfvwBltEXRgZBVdw": "Min Lim", "UC8Ol_rF4W9XX6-NM-i59vXQ": "Miracle potato", "UCLPOpgru1U7te1W2k4wph5A": "Michael Nguyen", "UC2oQzxilNeofCL-F0kDpUsA": "Ma. Soledad Balisi", "UCD46vbQFPOWkp3oguHN1dMQ": "Matt Visser", "UCiQl9UjtMy57s0CS0ok1eJQ": "Miner", "UCTZT1YdwQhxXSsH9AxZi9Gw": "MAXI LEO", "UCeMG4LE3c8cXUZrwde9Nm5g": "M Armyeater", "UCTbKD4PwR4kfIkWDR0n3yrg": "Milkymation", "UCaALB2oaDXf_8yVe1ajJSog": "Melon Stuff", "UCXV5YJwlvhvEW7nLkFZ83cQ": "MayjaAudio", "UCadQo5KJD_MFYsKZzT-geKg": "MaxamiliamMus", "UCCAvq66NGWR5hNoTtX-vDCg": "Monica Williams", "UCc4pPU6aiTYrdwzAgAYB03A": "Mia Ruiz", "UCbhF2PAHuHPhSLGBMxoEI0g": "Maryam Haidari", "UCQ30t0w-1K1_RzWn6khk0Yg": "Mr1sammyd21", "UCHyM5uH0HGDT-VZnJu-zfCw": "MikeyRae", "UCexM5esNTzWq18SmYjGjrZQ": "Mysticz", "UCqnL7c0jkuDPLExrNtEpdUw": "Mike Jumbo Jet", "UC3ceOe0b9zD3hbQn2WWA1iQ": "Munnzkinz", "UC0MbvbbbaHsbrGfXYVg1VIg": "M i u r a 25 years ago", "UC01I8XydAWkHfpWgTdiU3Kw": "Mc Mando", "UCgr2RFiHsG1g8QSrPuks4aQ": "Marrion Lulu", "UCIGhT1714f-xz-erbLhzXww": "Mayza Funes", "UC0iIoW7NO28RYEgTgM36C6w": "Marvellous Jester", "UCpAHvBNksMhnAG5SZNhFQPA": "Major Tom", "UC-hVE6r0hciov66l4DdxkBQ": "Murilo Fongaro Gomes", "UCyw3E29eHEvSA5RxNApJtJA": "Mc jean", "UCd2MGIhVZ9ePiG4_OyL0hHg": "Markus Bergh", "UCiTI593YfUbx5roi31F4WnQ": "Mr.Baldman", "UC2NJajK23sm9IrNc1nWEbMw": "Mist souls", "UCwgDzkM0_MksojmusyMSbgQ": "Michael Dawodu", "UCraZ70B_iqNC106UMeVZXTA": "Memer", "UCNkYKgE5Nnj1f-f2xmUZHSQ": "MMS193", "UCD0NgCOFDAlkxdW7FC_FyOw": "MrAxolotlous", "UCN0RPRQ9FMxdjje88MWWjiA": "Merek J", "UC5CqASRt3i2s-g_2RO4rxiw": "Manny Ramirez", "UCjuhFUyEsGy2ERQ3gy6q6qw": "Muhammad Ehsan Norsiake", "UCDORoh37F39y7qeRJ8AI6AQ": "Ms Evergreen", "UCc6BaTEGeC-n2LfecNL5Ahw": "Mataro Blue", "UCOnk4nzn7dxZt_eSkYRm9bg": "MillionIQ", "UCGXoG-G-yGRGy7lCo46UWIg": "Maddiee Couture", "UC_2UFsg3csdi3pZDuKb-2DQ": "Mathew Herrera", "UCGNoPsnmEB8ZhuY-iFmf2og": "Michael Baggett", "UCsGJomT3ex7pajPCmCf6_1A": "Martin Gonzalez", "UC9sHRY5DjHx7NrHE4gpOV6g": "MV1890HHT", "UC-1LOMWQ3SHK-fTL0Y4JyTw": "Mikha", "UCGpYX4tDvrHNEElhWB9Gllw": "Matt Leighton", "UCO5F0cYPw8NilnjgONexwUQ": "Makhai Barber", "UCw8-hg8SfblicRLNQKeYo_w": "MyNameSucksBad", "UC1MsSpQ7Q7a52e6U6cIXlPQ": "MrItsjustmeok", "UCTnVcsNIbPvpMdj6tPbwk9A": "Minecraft Phantom", "UCXZsTLRhODX7S2S62rGwl3w": "Mandroofing", "UCZGmtJJSf5mK0fB7SuWwWew": "MGC7 gamer girl", "UCW0FBlAX_huMqH64_84ktTQ": "Matt Flys", "UCgq22NL0Bnjpwf5pgxSAdoA": "Massiel Arguedas", "UCkmZMCju706jONzRVsSm8dA": "Mark", "UC4u-tzEQrVfJxuOM247N_SQ": "Muffins\u00f3w\u00f2", "UCO3IAjqltPHQPjPT1io96cg": "Margaret Altman", "UCwD0aXigPlPZlq9UWPznC9w": "Menuka Tamang", "UCK3RqPNv-h9CHCUR1mUXT4Q": "Mr Dew", "UCkYJU4ghbOD0UFiTAzGAVFg": "MIG", "UCpiJOQljm49VwMF2VIkl3xw": "MikaMC Gamer", "UCdSfEP-wg7wkZzSsYQH_PgQ": "MadameTechnique", "UCXszMT4cfKllVSQTk-oejaw": "Moss Finch", "UCL0TS1lWEDXfuTUVGWmFNSw": "Mr Twas", "UC0v7oPFK_WQDEozTx44zKLQ": "Michael Uzoho", "UCh-38c_5XgC2gVNRIJsKe4w": "MONWHOOPER INVASIVE", "UCN7-RuMlrppLMh6aRr79c5w": "Mark", "UCLOAVXbyOndFXs7Bm9dy9vg": "Matthew Howard", "UCyGZPyuLA5g1PG52hFb1xWA": "Meer Meer", "UCwabCXtTzb8d_uj6RKvzL6Q": "Mis_Princess", "UCx8is1a9QeDBd4cx0E8ytNw": "Mena Solmes", "UCtyIxi-_MIlWn5ovvfBzW4A": "MissAnissa23", "UCnaS-g3OjmE5eiGLCX9s4dg": "Mia - S\u1d07x C\u029c\u1d00\u0274\u0274\u1d07\u029f 18+\ud83c\udd65", "UCip5ub8V5hp7soCcCV9H0WA": "Matt Watson", "UCFEBLbToT__tHTB8L0SZJlg": "MrStar Nation", "UC7S9lQSF-N2OjhgotJt1ZkA": "Maxgamer4049", "UCGuzTL0KRyjO2rlTh94ne4Q": "Mishan \ud83c\udd65", "UCOlRMjCt07lFGk6CFELnwtA": "Mau365PP", "UCmvNHeBftlr5broFsmV7iPA": "Miguel Riley Bartolome", "UCIQ-DuJACkruvffIyFbQIlA": "MAGGIE B", "UCzwSLdg3SpYqhdGQd2FUn_A": "Marty", "UCxSDv2oKNGdGlSfEHqzOH6Q": "Mango", "UCmAt8mFvIACkx83ugqPGvlQ": "Matt W", "UCJoEjAgEVd8J5zsuHlEbQZQ": "Mr David Ashley", "UCWf9Qa-OhrjvCli6XaRLL4A": "Mr Michael Andrews", "UC4tu-6vUIkA7o16EVn_ipIw": "Momin Ansare", "UC5hhKT0_lSm2uEbmyhjFvTA": "Ms. Purple", "UCHnxCV77zuSDJaXnNeFXwcQ": "Miss Jane", "UCylngLYXRBFWWi-b9O4eAWQ": "Mahogany Magpie", "UCJvnkjsa_d90efil2EDWSnA": "Mikolaj Slawinski, Vikingaskolan 5C elev", "UCLK-MaEYcEh6xklQWK2fXjg": "MKR Cinema", "UCi7v346nBV7kH4PxacJNqyw": "Mark lopata", "UCd9A0HsbPRzAFqo9WpVK3ew": "Myisha Williams", "UCkzm2-mbkXkFfM8-ps-Uscw": "Miguel Ceballos", "UCz-6ETUs65ddLfxGcs9BY5g": "Mary Speedie", "UC-Qnc4NUFA_zgZwuK7JEd8A": "Marlo Newkirk", "UCzgtqnI2xACfI5b5v4tUsdQ": "Martin Nilsson", "UCFuw16M17XAgobXz6CgXjoA": "Mabel Wensink", "UCMD_flL-ZwxgsTS_USnc03g": "MrSnickerz", "UCcKPzpHtumLILcrW6g6ov-g": "MrNo1fan", "UC51pWK5iha_wmvkKaBaVeKA": "Mita Stak", "UCG3Z8eZ9tdSnkv2YKBKFudg": "Minh L\u00ea", "UC4PlAIpgzS3pLwD_w4cppKg": "Maddie 26", "UCzuE2NElgZ5FA1wKUOnhNOQ": "Michael Brooks", "UCNao7EX8OT3f_70DvDqNIEw": "MourningAvenger", "UCi-5tGrisowsMxQR1QBosuw": "M. ZAID", "UChvmsJw3_I3SyS2imK_tbpw": "Mr Legitz", "UCk7e7XPxgTbRnpjCw7Dt0HQ": "Mahika deepak", "UCH3YvKPu4er2TMLBRsHP8CA": "M\u1971mor\u10e7", "UCdavLV5NmnhXORip_lN6sMQ": "Marie A. Kopp", "UCFFxUlN22hhYwNVRIW283aA": "Marien Troche", "UCLmDzMN-sOw48Ppy0a1MxkA": "Meghan Bentz", "UCaUnaAeT1tB4Jh1KcEp3DEg": "M M R 8 7", "UCUOYgbZa4wu_-T5XMQo7Nbg": "Maxime Gauthier", "UCysAksinn-TM0Zr0pq6aJGA": "Maui \ud83c\uddf0\ud83c\udded", "UCGW-CPqCA4XCrKF-3fyQgVA": "Mad Black_", "UC9InETQoEAbG7zTis1g5H-Q": "MADBIO", "UCgrnknW5FHijsahLf6XsDfA": "Mohamed Ommran", "UCGBkCZwpcHR_55dQHhOv5hQ": "Mark miths", "UCCFV0Sgdh_p2Zz5ObLatpjQ": "Mirko Lazar", "UC8YeFZFeNbw1Da5S_PiQbzA": "Moss. png", "UC_l87bi-sfcIVGOZP-gXNpA": "Mike Jr 77", "UCIgX9iz-QcvOvvVPiwM-uDg": "Military Update", "UCSMnuzeQmQHD-SV3NvcRufw": "Max Burner", "UCQFyGD8ChCbozAgMHXvq0qQ": "Margreat Alfred", "UCoyIReOskX_m-4eURRbMSGg": "Master Mettalix", "UCJJ4HGukdOn-ye6L6z6NNhg": "Maria Ponce", "UCC7lc6WR0bVJbZh8hfeHoWA": "Mhd", "UC1wmiu_j2WjbUFnycRWozpw": "Maine 1", "UCIjzpJtl6GQn2zVBammV-Qw": "Mymumleft", "UCiYFDm8S-us3iQtiXWmIU3Q": "Maria Avina", "UCyP92HJebSUm3BK7tNa3w2g": "MiAysha Brannon", "UCOpJHNFw5s3BYvuBKoXXkCg": "Mara Chou", "UCCqFpRcjXbb1NPPgYWYeKCA": "MJ", "UCEBa-5SQJXkDZEmI4WuCygw": "Ma\u0142gosia Milczewska", "UCAX1zPc6AZTShATjkZZS6Ww": "Markar Alvin", "UCcFye_DzbbpZJBbnJLDET3A": "Martha Kautanevali", "UCcoxPGzFG8aUI-JWv93J1FA": "Mar\u00eda Matutemar\u00edn", "UCwZG4oZPDSa1G14mzC1ywUg": "Maya W.", "UCJesJytq6HW9PapUrZD7FlQ": "Mila Mcneal", "UC9_ozOnJkWfaX9cWzA91jFg": "Martiin Matejicek", "UC5Eltpndcv1SxUgMuarYiWw": "Mark O'Connell", "UCHl9aJV9jH7lNmd9Te3_1gw": "Maria Dorothy Alonza Gadong", "UCa4w-cRZCqujo-Kjq4HzQdg": "Mizztah galuh,the greatest,and most awesome fox!!!", "UCZ0aW758962JmfHF55ACKtg": "Mr. Kitz Bagy", "UCGQ4zD8uT7i8dzmfmwE9mLg": "Mary Geoghegan", "UCsjcHHKKsU_ee0C4R18FP1g": "Mike The Gamer", "UCQmaitt5W6X83GBs_XqSCSA": "Mind Foocked", "UCbn3d-ddLOk0jqqIjDMAUvw": "Mc Daddy", "UC-gxMKqEjZVqFM46qIuEwtw": "Martin Oropeza", "UCXlXTCNPwdCKZNoRwIPzUVA": "Madeline Timms", "UCu-pNkMkcjxwlI51B2oPjhA": "Mason Machinski", "UC4Ifnduodwgd7CWYfEVg2tg": "Matilda Brown", "UCTyc10ukIkNf_i-d5Pj2waA": "MajorHurricane", "UCSHc3LtGPwOXWecr8oNcylg": "Mxk Rvgr", "UCbfV8CDqqQY_LcJBkz7VKqg": "Mj Bailey", "UCcHr07k-aaF_dpJJZv6skBA": "M Almalki", "UCd1iiKtc4VBU_8MCQd5Scbw": "Mizzo _Beeto", "UCdxisaUYwBaEeHd0Lf6mXIA": "Martal Glory", "UCmyzaiItHp44pqiqYFe7LmA": "MerahKuningMinis", "UCj836ND5fNaxLQMWaiA20Jg": "Martha Mendoza", "UCc6xZF84ERtSL3-ffQLC_Tg": "Madi Pete", "UCcKSlFB4tKjiPGWsUNiEZ9w": "Mystia Hayana", "UC88cO5CSbBA1tRBI6SGi8Fw": "Matias 96", "UCZVTCY0AAroSe8B36uZ2g_Q": "Mursku Xenos", "UCYcEMH1OpYIHo3gJCNonM-A": "Muhammad Faris Aqil", "UC7J59RhB0QpGsEqfPXMXSHQ": "Maximilian Gregory Cruzit", "UCT6_r5FvNjTaA0TisRvsXtQ": "Magic", "UCR56KzoQ1XG3t4a8YLWDKHQ": "Mission Valley", "UCRolIN87lCyEFRbRK4X3teA": "Mohammad Arnaout", "UChNayZnhwJhq3S3nhUx6xQA": "MG13", "UCZcFTJjdmVpa1dx2L1VUoqw": "Menzii", "UCFLubnVXHJW3zQXr19GBn4w": "Meiel12wastaken", "UCS_HX_H76QBWf8k5gtlKsoQ": "Marl Justine Gacutan", "UCRJiI0F-vp1iB431AwdSfvw": "Mohamed Khairy", "UCy88yHhQcyCH7h-Qtey6LqQ": "Mira Windows", "UCn3JP9sfk8wdYJWlqP7j__A": "Mobile Goldest", "UC5Tua4K6QiRTWrp1thLSFWw": "Money Online Simple", "UCW3Oy0cc5DM4lumjrYnGylQ": "Misfit", "UCIzKgL_WRHD_hT7ju1dnAkQ": "Matthew Col\u00f2n", "UCVgnnSUyTjsT_3ffGmxTDCA": "Margaret Jackson", "UCtFXyE_C4t6OKl4rovxDRuQ": "M Lindsay", "UCsRPH2mFfymV-r2qJG5wHFg": "Miguel Aguirre", "UC6u8bkw59Jgl5kYuI3SNPLw": "MrBest", "UCj1SbcW3YyFAK8xkRB-s2eg": "MusheDups", "UCb83IbWk4BNho1QViA7JONQ": "Myst3r1ousHunt3r", "UCh567hSH7fr0TKMh1jXZ3cw": "Micquan Dawson", "UCOxGuvCCyNcIX3ShcjUNhbQ": "Mandip Cheema", "UCyo9siFNcPty1hYLKnD4Qkg": "Megan Greene", "UC80S43fp_66qeLrkAg6edtw": "Marcos Facundo", "UCkuFrum_xg9trOuLtVYVJzQ": "Mar", "UCIGifK14Ja3kidmZVytxzGA": "Miror Warior", "UCPqX1DXcRJgB82E_xhZwk8A": "Moto_brothers", "UCzbkFIFKO9I7GZOg8HvGQ0g": "Miska Namaku", "UCIYS4UhNkIZhP_NPRSt_0xQ": "MadLad YT", "UCO3BrLGLNmN1V4wh3d6DBYw": "Miles Talsma", "UC34XKF6t5qyIvlaK7CS8eoA": "Mar\u010dello TV", "UCJbgQy4oFff6xCftc5GBeOg": "MrEightygrit", "UCiDKbHpuypk_i-gZWgvTBzw": "MC green", "UCBBw4eX_Soss9km0QvSVVLg": "Meagan Daw", "UCla9b-nXUfiXK1TLd-c4Ovg": "Mike Griffin", "UCEpeV88zI6SzES59q7Bl0RA": "Mr Incredible42", "UCWsQpNXXnNnEQzrn1sG5CCA": "Minhajudeen Taj", "UCeb6TPjXMAetNAm3nLZW_yw": "Marni", "UCWpjPhtdTEIGAL7xu6gYiJA": "Michelle", "UCu2rbusqy8WKDz55AfUQT_Q": "Mam Ponm", "UC19KA2NqRXu7Nge3qQVE7yw": "Merissa Greene", "UC7KUIOgkJDttuZrXwN7noiw": "Mralien", "UCr9utQht7ZrnwktCLyyowRw": "Mynon909 Non", "UC9H-juIKLZTsnNrLQBH_5OA": "Mr.Moonlight", "UCZEdErYnBQkMu4w4ERNEflA": "Master Ji", "UCI5DoZH4z7DFoWlVLI5tpMw": "Marissa Moore", "UC07Jij5bxV28a7E0d1wVKYA": "MAVINE SAM RAKIRO", "UC7GJJE7aC9bksmE46Lqf_jQ": "M Farah", "UCt12TJEZn5Ic1Y1gfbdrcFg": "MattM_707", "UC1QhVixBskWoSbmOzIKfOjQ": "Mazina", "UC7hrnOqfTXwkgKdL3M0JTZg": "Matt Mahan", "UCl5v9Bk-kh8r7zrmkb3Qiag": "Madelmar", "UCd-8Z4zXTo0op-YtvOsvoHw": "Macy Lane", "UCYnpx7CGVeG_zVD_0-BGC8A": "Mr Mayhem", "UCeVOy_rL1NkoFYOJ5gf0msQ": "Mohit Rathi", "UCXoYRMoHYYyqd0wC9s2h88A": "M Jamie", "UCJcrb-Aji8tUKO1Gh0puL6Q": "Monkpaws18", "UCLvC13hzPBPF4knA98l0Q-w": "Mistr Dee", "UC_fJ0C2Cs-HuNVEuipYwyMQ": "MulchDisco", "UCVzye4FhcFZo8NfB7kaOr9w": "Mar\u00eda Jos\u00e9 G\u00f3mez P", "UCBuq9BCsa_OAdUuEkPBv_sA": "Meredith Grimes", "UCpljYEiGG1sUzx8zgxDQgsw": "MacGyver B.", "UCN9cMhu7zLkn61qtsI5GUyg": "MeowYouToo", "UCVW1bFZiegYenuWIZT_X_vA": "MonkeyTennis74", "UCib473yXoMGI-tqQgLyJ5tw": "Marlee Valencia", "UC_RdkU2uADmTRa4LrqZlXzQ": "Matthew Roberts", "UClVfQ0Usczv0m33SU9Z2Z2w": "Milan Milan", "UClyRFJ4y3FgEjvYBlXy0dyA": "Mark Fedechko", "UCmYbFxeD9fsoNyLVNBM1Djg": "Mann Kimchheang", "UCUrb0LAy1E9MUTAY11EZ-Ew": "Mason Biniek", "UCHzhQIld_oLwXb9ENfxXu5g": "Mnr Black", "UCgVhrhOzSp4yixAubrMAWxQ": "Mitali Jain", "UCCZlcfT4V0r-QH1QbV3rr4A": "Maria D\u00edaz", "UCg_XzpIB8r_3vnAGRTWmHGQ": "Moon Collie", "UCtWkZK_5TKcBLHNYEw_EP3Q": "Myranda !!!!!", "UCcmJGKRZXb9s6J5NLzMqrLw": "Mary Couper", "UCHXA79qkqzHFCyH0GGF26-w": "Mark Shubatt", "UCPNSeAPA9hK0ssBbHe2q3Vw": "Mile Goranovic", "UCXVRZTmNlsDBfZbz2xwxiQQ": "Maddie Osborne", "UC-WmHDZrT05_hKPPlzw-x5A": "Mental Stamina", "UCuqxPnUV0OU33nAvKXZIbfg": "Maitreya", "UCTs2VrL1ieYVVSY_SEj98nA": "MaryamMure", "UCPwdi5J-BfaDbC3Egq3K0gQ": "Mannu", "UCzzfV74ltRxj4yno6GJoAFA": "Manuel Sisi", "UCkPprkjD5GZXtqTU3av1H-A": "Maddie :3", "UCNKwSMj-2TH1WvGI-On4RzQ": "Mike Hawk", "UCYOM8PHejjyEJ_xGlQNrXJw": "Mr.GamerGod", "UCugrQRHtw6YJi9t4jX6VUgw": "Moose Factz", "UCGLFj84tSXxvSfDg5vEIGqA": "M DF", "UCdw_bCsuemZKKu7STvRkAiw": "Mr Tar Tar", "UCB2Fd6XYlJnqCw8sucuinng": "Metallica Fan", "UCHErUPV86uQ57pJ2i07KOxA": "MrGoatflakes", "UCJA5ujCDjFHkn5Z4HMODzCg": "MR. SKULL GAMING", "UC6OwXlJB0gVVHR8mUZAtk0Q": "Mary Ellen", "UC5fGcue3mjx5ctwZiOlpoxw": "MyztyMTB", "UCH3OW40ENuIT6HUzxFjw_0g": "MR_Anime_69", "UC97p5CuiM-qb3bBwXrexofQ": "Mo Salad", "UCFY2A8M8mS9_1NB2gtd4fpg": "Myeah Malalis", "UCwGVnWjMVf1iIGncmVaEiWg": "Mari Cali", "UCZ-CC8V98aGUxhkmcDpolDQ": "Miguel D\u2019 great", "UCiEnFI0Ztafmof7F1jVla4w": "Mini mo", "UCJLPMo0V4DGOcOKjmjWJ7QA": "Maggie Cruz", "UCl8u-UFH-CPuObYHXUJh2Ug": "Mob slab Gamer", "UCGMekobKJO-JEwZH6E6FwxA": "MC Canary Videos", "UCYnI3bb9YyrGuYnL0WWiPOw": "Malady Johnson", "UCSUtLGTYE_Ipn5jSNt4FUBg": "Mrs. McClain", "UC7gnUl_e2ixOsGBlFuJtU6g": "Maria C", "UC6q5pu7T03-rLs3B1AB4oMg": "Michael Schaefer", "UCqMuS0ROhHtV8-Y9Aa7WLxw": "Mateus Sousa", "UCT4zIf4OO7qqQGNSxgg8uOw": "Madu yasasa", "UCard-pZEICV-fh2uaelF4BA": "Matt", "UCWmwcKHDNX4udwXsrmqDFNw": "MarS", "UCAW_znLcKfGCEICc9b-6JMg": "Mr. Meme", "UCmn62KyfxQiartMWv7I1rzA": "MBP", "UCt_Ww59xEVaBU4nnXsc9r0Q": "MasterOOFalot", "UCfy0flQTgPR1_7HtsXiRYlg": "Michael Schwandt", "UCeY6_DEY91sbonFpgHjHQCw": "Mr. Man", "UC7sjv_UZx-fpEsH-SmS4RXg": "Maciej dinosaur club - Cartoony Headcrab Boi", "UCFxQiMz8kekI8F_zDt2vrsA": "Makenna Heffernan", "UCWDimtQm_aY5f3SxelblmCg": "MKS mks", "UCjQAwTXtgfzeUoP9k4SFRtQ": "MegaChickenfish", "UCr5ctHa_9joNLy7eqp5UGTQ": "Mgd Hameed", "UCj9OgarV7o88YT7QLa7Xm_A": "MG236", "UCQNIzR12oAdllQYovLJbU5g": "Mee8", "UCaDGPYW82rbVyXSaG9eGDwA": "Murphy Smurfy&Friends", "UCby4ov8W63ILjU2x7yK7jHQ": "Miriam Martinez", "UCpG7_2K7TpVEaKt_8rHR2bA": "MDottem", "UCQcTTNz152JMVTTKvPvqvag": "McClutch", "UCO5cMdNE8n4JJpjNsd86iFg": "Michael Enzie", "UC9xV2h1oc-tHQfh4Oh8UyJg": "Michelle Mcdonough", "UC_qAzRiVZF4idNX-XBYJLng": "Mike The gamer", "UC7xWjH-htYFIx1JC7bCu7_A": "Mevio Adveva", "UCGltkibcbUHumih5cOodtEA": "Magnum Fodor", "UCW8DmDsMhEbBUd2pnN7_swA": "Mil Nau", "UC4BQ6BGUBT4IidFULGZDzeg": "Melissa Litus", "UCnAicwizOdr6ZkCP7Bh7wag": "Malik Akbar", "UCEPpIcLtxWq0QXjiO1jyr8w": "MintyMedia", "UCGiYd2P3FtLK82-l_JTJCCQ": "Morisadatu moridiva", "UCcUTQjRSB7pZjeheZ3eYiLQ": "Michael Hurlburt", "UCtuIpsgOs1JO3DzG5CYtgtQ": "Marwane M", "UCEEsrZeE8Ow9evt23ZhkEJA": "Milldeth Salazar", "UCGLZ_pbWnbI01GHA3CWcvcg": "MrOverlord243", "UCBYJgWMsvJun_D9luJ4bIkw": "Mansi Sharma", "UCuRAK9t6xsmL4qeqBUv8bsQ": "Meep16_8", "UCY8a_AHetk20JftNoSoL5ZQ": "MLC-PANGUIN", "UCMuPIlNi_o1h9oxtlL3bhPA": "Midax Gaming", "UCQm3FVz9CQygEw-B5in_vJg": "Moondreamer", "UC1RGjXA-7I4Wy4bQVSTYhOQ": "Mandar Hamine ", "UCdTrybYC6700t4aE-XVE5-A": "Matt Andrew Lopez", "UCSJKFXfn6TP5Cimqv9nlxgQ": "MARIANA DE LA ROSA - FRAUSTO", "UCOtH-lCUDAb0McQAg5zxAaQ": "Megan Lemonds", "UC7I4Mbx6k8QFaLXJK81_YOw": "Mason Khamvilay", "UCH_69Xs8nlFyKL2rvwh4E4w": "Madhuri [Hardik] Singh", "UCchQaK8PgtVc5oAqsdm0D5Q": "Mia Chan", "UCfYgYIIQlCBHCnzImIGfHSQ": "Mohammed Mehar", "UCfM4Lwrf_2_l3mXV-ySg1_A": "Melanie Queddeng", "UCd2ac3QiKyTFRmtFuPtYEzg": "Mar\u00eda Teresa Novales", "UC__qgV0TBzd0n98j2WF90Lw": "MagicGirlLol", "UC5Qgo8MtAyO5NCYBY96ejew": "Madisyn King", "UCnsLbmvuIp_MDn2vBW5yJlQ": "MediaDumbwaystodieeditorboigurl", "UCN_Zq9qpWqGVmMeAjWrP70w": "Mister tschiller", "UCSidobQ18ivLquDvKQOL__A": "Muhammad Adam Syukri", "UCtUvVap-QWKAO8wHCdwHlOA": "Mastequila85", "UCR18LEJu7MvxixfN9kw1yBg": "Masis Nahabedian", "UCsjWuo8z2P8OeA3bx-80ATw": "Moonlight \ud83c\udf0c", "UCZ70iaM2isOcciYqjaLny6w": "Movie Makers", "UCCFD1_Q-xIIrQARsqdbHHVg": "Mieko Howard", "UCEwFfw-sJnMN20EoOYLvDbQ": "Martinez Exotic Bulls", "UCzPeCbnkUEc-hE3r2hKFDNA": "Matty", "UC88CrD9JSQmzeXm2ky2w-nw": "Maya Kohn", "UC9ptQIfvdAoqy7EUX6qn7AA": "Max", "UCT2jx8cnAqWkC5hRYtIAD-Q": "Michael Penis", "UCHso5NS57zmn7FtKIU68AFQ": "Musiknird", "UCF3R_JqypFuBzj5xNxiudng": "Mercurius", "UCI1bE4kZGfZTDuETzeKNvsA": "MoksyUno", "UCA6H5P3iPxp38O2zXdd_1lA": "Miss Awsum", "UClzVh2nhQ9S8ALDaJfiHzhg": "Maylie Kristina", "UCwcpwpYQwn6PdC4-CL0BRcg": "Michael Blankenau", "UCaHaapeMLYZPmJr9ZgBeaDA": "MacDonalds", "UC41z7oLwoQqIMHbmykA39ig": "MELLOWHOSH", "UCMNsFBzTxmcCIlLL4OQx9Wg": "Mary Trinitie", "UCSgrtGTAYQR9cd_NUl_lJOg": "Michael MAnville", "UCoJXYvorI9d-SSManICJ-nQ": "Matt Bonne", "UCDpGD972J7q5u8GGgwnai_Q": "Maggie Robertson", "UCVkA50fKxhj9BvivIxz4YjA": "Melissa Goad", "UCXZBbEPpWAdZSyfooleGeOw": "MikeCheck\u2014", "UC-tHuhOfdSRJoz-nG6msipQ": "MCisAwesome 95", "UCybE9a1KuRE6_KbYbN8E9lw": "MrMr Perkins Gaming", "UC4qvkwhLcbJTyTgAxg2_btg": "Mr.Peguin", "UC3It64ZYHqXA7LLIOPJTrTA": "Marcio Nunes de Oliveira", "UC25kuY6p2EsivNF6AxRFTsw": "Muhammad Suhail", "UCYafHYEWcxvlzW9BoIbBZZA": "Mallory Harrison", "UCAAkWF02PzOKdG1ZmVc5UVw": "Michael del Castillo", "UCkGdX-3aIaYFjlJGBgrRA1Q": "Missy Woford", "UC7-yevBUjPIc2cEYxJwwy3g": "MiTmite9", "UCNZkCVVR4V99rADq36yyOaw": "Murdoch 451", "UCYyDNNy1WkwoX058fMr3HIA": "Memes4Life", "UCxAUwzb8Q8Kj6_i7p1Hbo-w": "M- Raytheboss", "UCO14lwUCpHfz2XiWsPq7gVg": "Mr_ Sadist", "UCTSX7iNGJyygKR8WRGHVKMQ": "Mrash Gaming", "UCDoDrchs3Uu6uxYbHmXILCw": "Marc Ritchie", "UC7d9BLs3n7nUji3OStTjMYA": "Mia Ava", "UCrNXlj3hYODL6lZESnHjrHA": "Mike Hester", "UChtyNIExlLnlfSgK4nt52wA": "Matheus Grimm", "UC77wpYz9HRicSj6KzDGYIMg": "Maggie Hay", "UC2_c7uAhtBN36p5CrCAyCMQ": "Mono", "UC4undDOJkszDhXRYUfOuAVw": "Mitul Singh", "UCq5ViMXCj425lHggXF6IlFA": "Michael Baker", "UCVqAxcS9PWofLseBJzaxdYQ": "Matthew Schrader", "UCnNaN0qYYDggxxL64ohmxjA": "MrBadkul", "UCIY-IKVhSn4170I1fATLl6g": "My LEGO ideas and MOCs", "UCIDxb7ifLdp130VUDQXuTSw": "Matt Shearer", "UCrYCEucJ9NWB5d-lkTOvXTw": "Melian", "UCmZ5Vqg5YwZyF9bu5eAJekg": "MissGreenMadness", "UCAA-q98tZICOfzMP7ORWLLg": "McVenti's"}