{"UCMUrtS5cSjRdnIXG87OMKYw": "savvy", "UCRkLJ-XnSLyWjrV2NAo6S0w": "sahra xxxgrt", "UCNtvjFk6DKYeHaZ_aTlVxIQ": "shadow Queen", "UCheqQguoTAlwaufkffiTtJg": "shara horan", "UCBTmIeC8qCPGIc90iK-8jLA": "sajero2", "UCs02ZhbZq78mInO356xjatw": "sage11x", "UCIGfYoQnEnhTpAzP-MPmZng": "shehzada khurram", "UCbxreeWsyScJtsVF1ZO5Haw": "salim \u00f6zt\u00fcrk", "UCGIBvjblnxXoDiBpmDrq28w": "soap", "UCJPyDs7BS8s54Z3wOgezY1w": "salads o", "UCUvxOC5AXvygb3HxgKlhznA": "sade allen", "UCuCBfFDKagvx9NaxIKJ4S9A": "supermick83", "UCWRWxrNBo_J28RZ1iXplxDw": "spiritof thewoods", "UCPBwA1TBkiY-90NUNrAr4Bw": "seamonkey02", "UCBx3jYWXuaT6ilnbvMcx9qw": "squishy jo", "UCXOE7-Q8P_-ZU8hQXCxw-lA": "slipperyStairs", "UC5IEpqaMEcUL-tCJDmPt6hQ": "snsjwlqmam", "UCcJ2KrjalhXxqQm0wp2ozwg": "strawberry Shanpru", "UCknpaawnCzJ6BIabfMOJ0NA": "samnelso", "UCog5qpDgl9OiJriK_lsiMQQ": "sam pal", "UCUYYhFgGkSg6MYLQuiFrLJw": "sunnyday", "UCycOEnsSfLl4_P1eHDe6Wcw": "samreen Rashid", "UCcxHSjlVA7t1RUDR51o6xfw": "sheila commons", "UCzpQPk2gOa8YcnDB3g9XUTA": "superaaronfandombros", "UCZHPPb-ELTwmFsFqeBJTuJw": "sk_santhosh", "UCCK6IcfIDITDvljcndJj0fg": "shortslord1234", "UC3Mi00PDGIZ5_gX3dsNdRWw": "ships_ skips", "UCpIDxrbWuMyaz93uTHxYSIA": "smen sir", "UCRaBTUk59s8AJjPzcMGiQ6Q": "sunky the hedgehawg", "UCkhVKkXocUrO1xpga5G3gtg": "shedipity", "UC7W5kUvmvhWB4XmZqQ5qslw": "syazraynaz atqh", "UCpt897V-pA5KJGPd-0BwaWg": "swaggerino", "UCGMcoSZ4mmD3zb2CUihLaxA": "shortylickens69", "UC9OJ_jzShSnhw45IyOc_jmg": "spooky_skeleton", "UC430xXQKio_buRVpRq4y0fA": "steve kissel", "UCGZ4cFWQWXeYrBiiDD5RRTA": "sunnie studios", "UCkeIcG91CPv0cdFK3roJUhQ": "steph", "UCL7-cxHq5WEtg4m1myrjU4w": "skipsenn", "UCHLngMVP7iDQpgwm7-8We4A": "shadow", "UCLUcYBKigiAljyTCzE4B-mg": "skits king", "UCXRoChjhcIE2CU4AdYWiVKw": "steffi wibisono", "UCNa7_EHexD5DiqBKYWEcshg": "seesikopter", "UCpD0WbNAjIruzMTjpfK3cYA": "stlslamgal76", "UCYEch76cE82cW7nVGZtGcug": "sudo nautilus", "UCUrUvv8oVonnhFTmkCieCLw": "satisfaction", "UCN8hw8CO0jAR_BN2pP1YlaQ": "scoodoobada a", "UC9aBlrFWXJJ5-ahJ_1Qgb4w": "swishahouse68", "UC6np56oxpyAWV61GozoMFNw": "scotti pippen", "UCtSElzR37LPqbdbUSaKyfwA": "streamdattebayo", "UC1-MaLTuXjEh0SJtG-DPNPg": "sereneDelusions", "UCF8GaNa1vOvhBpCFyOYhssg": "shawbros", "UCGTHC9pxMQHOGfK6u56Tsyg": "soomi", "UCLLz2tn6RsdYx8j3puNl80w": "surprised pikachu face", "UCUncYAyrWXaOJ8vucmpQhOQ": "stephen stritch", "UC-7EjbBJ5W_41C2IeAojh_Q": "sirksir", "UCwvOS5wIbLlm0LejpZHlNSg": "sajish kb", "UCboGDvfgfaoRy4Rx30oi50g": "squeezme88", "UCKPvenILWuuQC9Ik6ZRA65Q": "simplyalexa", "UCEHOUc17L9dzgFTe3x7f6YQ": "super-majin", "UCsrZWwbNxl_HG5yLQXzc-lQ": "spocclovocc", "UC70P2Ua6xMkCejRLwNU_DSA": "shack", "UCAdnoXmmlYVShUSEacxU1mA": "somedeveloperblokey", "UCIjlp2pXP4xJcLtrq6edrNQ": "sunny d productions", "UCKWECjvjWSjFn0b8iT-JVxg": "scrumpy nugget", "UCEhjbkzknL8kAIOTo85NnVg": "shayaan uraid", "UC04NSA2dfI50rLB4ry9WfMA": "shehebas basha", "UCFNLzLOLP68hKX4ub4iaXkw": "ssj4gogito _", "UCdGjFTZWqXz4OrQcF83Iq7A": "swift1n3", "UCVN4uWkm5Hqd1iJzj-Fa6mg": "sisters", "UCY9g_SQ7gAgAiCryPCR0wjQ": "shrek66669", "UCSYrQx1LAfpj4lbKtKvb_1w": "silent hammer", "UCzp59A0lULXfJxNh7KXpoNw": "sm64 bloopers", "UCDgfbdujeW7A0kcqzpHxOaQ": "some random barcode", "UCkC6Mxzvjvwu9iQBBwV2CJA": "stillwatersas", "UCed8D_Uxb7e11M0i60SnsUA": "smirkstudios", "UCSWzAbC2KmTDfLXY5zwZHPQ": "superbat", "UCaysicQyKDMn7sSXQdvEAdg": "sunfun", "UCVcmzuaX2XtQipkTTToIdbQ": "sebifeliciano12", "UC_KKc-H0Zn84u43H26bahLw": "sent16", "UCVlIBg66Tzn5zEvh6pn3VGg": "sky lark", "UCKCx3JzmSVuNk7C5Zk5H_0Q": "spencer mason", "UCfC_AE-ocJzFD0K23KY4MtA": "slideshowgurl", "UCmycDmy-OudAzymXwvri1TQ": "schoon3303", "UCAdo_kFdwJnLQ_0o0n04oPg": "saaros", "UCrdJC7ciGGYliHkSmdf0o9A": "shane smith", "UCtrptH0u4OaQ7nlYNKtrbMA": "sn tg", "UCsm_S2tijKUAaGPCnx_OKAg": "ssj panda", "UCQTaZa6GU9W1VQrmyN3kpQg": "svpphirx", "UCxNejmpTgkP7LmFmFl-X6kw": "safwaan arieff", "UC2XSaomLfrMYcCZymymfvgA": "sophie jeffries", "UClX1kAtMl7LuKh1RndZ9pAA": "shiningNING", "UC3n-LkQ_urk-bkd3-DMsbGw": "sarthak sharma", "UCZH118f-B4rA6hZVLiFL2Ew": "stamtond", "UC52QeVG1zNcdIzpDdosxrPw": "shnoiken", "UCtxxV5W0WOmGD6HGoTjZhHA": "sarah4hp", "UCFSW8UtN60YoIj9FccEI_8A": "santyy", "UCQ8cxgHKXk3qKKAH_TlNJqg": "silvercamaro78", "UCf6A6AkqRVC3dcrXyQUlsDA": "schnorpel", "UCW7WBYxF8j3phc59PVkcimw": "sarah dawley", "UC6rD66bnZhyWoKf56nxzLEg": "singtoh Vipakornvit", "UC2MYF03jPcW9UlaFfaGnG2A": "spiderfox 88", "UCKTd43HG45fS6YK3eIjKFEQ": "sh Y", "UCVEWlDyULjG_XOXYS0344Jg": "sadiemakesmesmile", "UC1rO356SSlYNW8x_cqfP_Fw": "sweets", "UCHZVsSF9KUIertSKKolLzGQ": "simon kristiansen", "UCmm2aBgSYk13d71pZvu0ZWw": "sanyo goo", "UCpaywQy0JBqLjWd6A05xH5Q": "susan packham", "UCELjZDDxnC5vZ1X9IVFGQKA": "sharon lukang", "UCMYvF7KPnbdPmOgObESaOIg": "shar james", "UCMhWMj7fyeQOnt3g0JoDv3A": "squaw1023", "UCdlA3hgL-wMBQF71atQDZ5w": "shannon's club\ud83e\udd84", "UCo_8TSRlke4S_uywFxy4MoQ": "sherif soliman", "UCS6zjEDneKmp6o7OFrk8FOA": "starlyn", "UCSNxEk79kmVaPdYZAa4Btew": "souvik mukherjee", "UCgEQgCDAoJVIcbsNslNslXg": "subjectivepersp", "UCrqEn509-iHJOIuJNzQiQqA": "stonks", "UClCGDVwro0t1gBVTesPLzbg": "siva ram", "UCtDBkXQ9__XY0XihtX2Ke1g": "sad boy", "UCAPxssEBrUuSpytUA3smv5g": "sez", "UCe2IJZc0XHB9osq1ACFdmuw": "slice", "UCI0DN49LJWMdXKdAdx_oAkA": "slashvsworld", "UCvNbwBSKPOcLpo4akJ793uQ": "sebastian velarde", "UCuAKH5LmjC9lZvMmQrTnK1A": "saffool", "UC3SKIe4BrlPXJBrcedOJ0pQ": "sAcul Beatz", "UCDx88IyMDS60f2q8eSO6mAw": "sophia m", "UCzMmI2ukKRAJ0NZ0qMRIVug": "sonicfan77", "UCWL4uTDj24ZkqnVJNzEXnSw": "syazwani malek", "UCGGaKorau3iuTSmXtCMBCEw": "satanschild xx", "UCVwgrLWH7-81ujn8el5oo0w": "sito504", "UC4QKACgozabQxSAjlRiUKwQ": "sindhu joju", "UCdyhAa7-SWHar7CiM_u0qJw": "scott_p_havens", "UCPcCnXZWY0DU_WWZVu769Kg": "saksa\u011fan", "UCVO9OlWlXucVgeB8iukpgYw": "soho", "UCcX34I5PpO3zVb6zONpLuRw": "snakth", "UCn8mV2S5R_nZ3Nk-QZKVFjQ": "sohail ansar", "UCzGcbQkTJhK5fj_MPpoJonw": "sheeshmaste and killer ace", "UCS2ek_s50OCa2sZ5KEfBhuQ": "shogenx", "UCuRLNlh2JkZnENAJ9vjRQPg": "salie_hah_", "UCwbIx5d4f94WQnVcUIfdxUg": "slim young", "UCqZTP5MP3PA4u6HRhMWLQMg": "saltine", "UCMao06qWSRv2TapJ5C_uNJQ": "soumya", "UC10f8KslFuCrjL7PoAe5t-Q": "smireni waifu", "UCIW5X51VmjXPPrLrn83JirA": "shaheen sultana", "UCeYhsmz-q6MuRiVd63G8_lw": "spooky boi", "UC-UMqOQhaVKY2buOfe5Ao9A": "scruffles 383", "UCZlmHVdr2UZpMyh4a1vE5mQ": "siva kumar", "UCbpOdwlxyH-8rHjgA7Rz9Sw": "soham mohite", "UCipzH53gH2eNSRISEuah1Rg": "super bilal", "UCDK9EdtUtxY2kFv4wvbsgfg": "super may", "UCLE_Q0MXLvmgwg9ZbkKQoAg": "sujata shinde", "UCLn_C9bHFLd3wxRaJaV_2NA": "sadgirl", "UCNm5BmHICgy2CCd9eH3vuSg": "soohaley 143", "UCIzxKHIZTQfAckQH8zX3DDA": "silentshadowxp", "UCgjQYHBC4lamIzl68Pg7maQ": "sirhamalot", "UCfpkmKys4ZP0y0ON7v-rPoA": "salmon with feet", "UCysa_drAKKi3T1Rr4tyED_Q": "sesshokitten", "UCvHCvIbeJ0OsFmy_u8Sa1Rw": "swati13sharma", "UCFawTTr4Eh4ANlKjdVlsSQQ": "serialkilla23", "UCgos3ZdbZBObsNSZTr0aYPQ": "sleepy's channel", "UC856pWg7sU4y3zBl1DVyPTg": "stay happy", "UCR3XZ_s4mZVeCioeh6bHCfQ": "selticid", "UCNhT1imPeL5gSLICU5nZDBw": "scary savage", "UCMRhAsjBOGkKYv7cbhANGyA": "shiba00f", "UCOai87QLusdTQjzufL7Vt0A": "sam", "UCC3WGuExhTNGX9sgLBa--cQ": "sailor_swans", "UCt5XMg82k32PySu8JFCxAvA": "strawberry_seagull", "UCedtW1wNS0VEEP_Jyc2I3sA": "shootashoot", "UCzCWo-9B80x1l0UfBnlPbWg": "shivam tripathi", "UCzQSmrcE0uhBBGMQz3J5Q1w": "supersonicxcoo xcoo", "UCjFsxh-cm0ZRbE98RalPlVw": "ss Dailey life", "UCiFEyAcNsbqJJdaIuzkNVcw": "sashy mi", "UCWjvhg4FBfo4n8a5yEtOJwQ": "scottie", "UCGaEZO5dsCYj6-yWLCEcJng": "slime queen", "UCjoLKsbVr_Xk-p7zPuepb6g": "shubbleis_sad", "UCQ9olneme6jnzFlG4OT2zOQ": "shirleyj Johnston", "UCxLWnHJImIHVBUiKiE79ZVQ": "starheart", "UC8XSGvtgPC3AP0EQ3KuMIDg": "spy_ninjas_are_cool", "UCIPguekDDKZZfospjHJR5Aw": "stellastar63", "UCzHwSAS3UiRgj2-H86ofobw": "skyland1a", "UCx4AUeSC7K3Rs62IHdkEjEQ": "stefan .s", "UCONA0knRYAZGhQHn1SabXRw": "stewitr", "UCqGTnN_fyJqjYlgxqt96Hyw": "scottloy89", "UCH7zxL6GKRSfiU41iHTpSFg": "silvenshadow", "UCEcSqV-2b0APT77vmNn5dOw": "shazada", "UC9l_mbzndeXUzJwZtMHib7A": "sanavelvet", "UCjLzJI1SG6WBy7UTAhKE8Mw": "sus_kid", "UCfzbW2MUlm94wvyP32D7zqQ": "super sonic", "UC0gPCcBcC4O3G0drdBqfKfw": "skyler bryant", "UCoV9hxUAwgBqdNqHJUKlQYA": "susie", "UCATecE6oNcknVFJvLJxZNlg": "skeleton hunter35", "UCHxaEVOzRSy1T1kv5H8f37w": "studio animation ignell", "UCTQCh2vsJoGX7Ydo3Hvue_g": "shann's page", "UCyAVe7JJ28ThA2sbeOlXDxw": "shimmie shimmie kokobop", "UCuHfrgV8BTPlwV0YCGRnhQQ": "sarahbear", "UCqTCx45KrrYjPme9lysZtYA": "sandra hernandez", "UCIIFkdNGTE3BtGcdYRdbGWg": "suxia lu", "UCiWLu9Ceh6PlZ8Ip05nPcrw": "seansimmons73", "UCSK3bhZ6lPuvdplXuOiswOA": "squidmochi", "UCOc6FikYFWliaGw_Fhiw8SQ": "saleh", "UCJMWJIL5DgMnhEYrFMeAntA": "shOqux jOhx", "UCWKqNHKLRFlncn_WSHpeWmw": "sander derooij", "UC-zOlthO4MTR97zDGdCPWIg": "simone jarred", "UCIHttmSKJCoS7_uuETXeZnA": "selu elisala", "UCjq31NYB2wNqfWe66iSJXaw": "sam tehrani\ud83c\udfa7", "UCrrogkHPFw3XPnnv9gdYSnw": "smart fella", "UCA78z0nCu4iUbns19b86_dw": "seiko", "UCjSt5So6R6Qu0yEs5RKvpPg": "sawa albino", "UCLB7DLO9wfsr504w6uR-HEQ": "someone", "UC0z4ZyqN-mt17BQfp-tvROQ": "samule", "UCmDfJts_zRWoAgFHwjumdmg": "shesdlzzy", "UCKfP47GVQsvxiR01QrVKn-A": "squidward59 squidkid", "UCVQ6rlagK9aUYUBInuySMTg": "siddharth acharya", "UCq34LaLAEUWAMprsvG8Im3Q": "saimongamerzn", "UCjnyLpFqB5Uk5Fzm7GOcODQ": "starshapedirvine", "UCoxHfhiEVUSH5tmiA29SWow": "shep", "UCR1fMrU5uqM3Q_54OErqKNw": "sjk", "UCk1Uk7_YQZS8c6E34bAvTHg": "shotarcherZ", "UC4j1w752QeAqJdSy7p04CzA": "sophia D.", "UComNH4fDZabH82gSH65FnQQ": "suffer", "UCffiCfb3wiKA-h_83LwBiFQ": "spongebob squarepants", "UCBTs47-0DbSVJD-55LfzyRw": "sicboi", "UCBg-nn8ccpGL-7uhGmGRv9w": "son goku", "UC18PgdylUSEEHpDoko0zqZg": "silvermochi", "UC4ZTEOSwojyOhh3xiQZU5zA": "spoodybo", "UCmwYxu8qt0wSU6TdmGg4iHw": "sheva", "UCwELVQi4DFVWHtp84W23oig": "shakia", "UCIvg6uxf4ccm1XqbsAYp5hQ": "santoPaperella", "UCFWNW7sJEupyHXvPmrsgFfg": "stinky labinky", "UCsXhlgd8UBWgavufFAieCfA": "sam wilson", "UCdRI0_B77MxPTazoqFwUooQ": "sirziploc", "UCRNYilMoY0mEaJYJ5iJkPAg": "ssunsspott", "UCsxfrXBekGb4IRHC-6NNw8g": "shajia saifi", "UCM0iTZKMxyiPjBgd9_sqjjA": "smokr. 501", "UCkfjNIBosH3lGsTL-TCOiGw": "stolen mind stolen life", "UCjUoxfUEZ6dBLJaxHK2XtTA": "sirius black7", "UC8AiHTrgQXM4iDoRKpOPY1g": "spopy idiot", "UCcakEdAtAx5QM9MJrEXGK2w": "savanna", "UCF962WGIOivWVsoTyoGJmmQ": "sharel", "UCAxAIpn4GWEu7rug3AQWP8w": "something", "UCHlDnxjXgGH3ZtPCZIV9sMw": "sruthi's lucky yt", "UC5rVcPZP7IeV648tIuMR4tw": "sliimy", "UCQHI3k7KiC1OigwDccOqbDg": "shone bitl", "UCXkLS7KWw2cPTaKmV40dRfA": "shabott45", "UCfThY69gyx-e76Rc7anjm8Q": "super kill ko", "UCcfX40PL7iOovLBsWIq4rjw": "shane frazier", "UCkiObJ1PbbXWw1JjN0qkAcw": "sachin Singh Tomar", "UC9lP3MhFEU5eyNs5mAunJhA": "shankar sagari", "UCEczG32qGEJTkjTIcW86ltQ": "sebydoo", "UCa1kGbmNZhle0SBafGG7zzg": "second_snizzle", "UC5CFOpj01eR-c8q22yBnKrA": "saysaSSYR3~~", "UCmCPV7QPDr6iKVRicbpOhVQ": "sweetarrd", "UC-oKNFkvg7GYuWnYQu_MxVA": "sammie shoroh", "UChdqe8tjiEpCC-Fw4Uos8eg": "shitty kujo", "UCYmfE_xpR577XrkKyV7dDJg": "scott hamama", "UCfZHHvPQv_OM91WE-M5fn7A": "sunny", "UCDu-tpbDUJ_BBvavSM3oQhA": "soccerzz5", "UCDVnRRX70ZkeDg4e_kOrSbw": "shinobody", "UCARdG2h_e6FkxShd1EpZLxg": "sabrina _", "UCfA0yK8coTgfEV1aORAznPQ": "sebby luvs food", "UC_EiYyjtrXFDPOLRuEWPi0w": "serenity gates", "UCnGkwpLLVpBJ1MRoEJTyBXw": "saa", "UCwPG3F5V59X94opDXboNkXQ": "shanez azem", "UCEsd-SRscCutIyLxSNRwkHg": "stan_sprinkle", "UCu5Y0Z64niwn8KbZINN4xDg": "srt 1413", "UCP9m6M-iEA_8RuP9A6u7WLw": "sasuke uchihaa9488", "UCgfYbPODEZ-c2P28Tm3S4ZQ": "soaring_ sophie", "UCR1nTdIphPpFrfw5RVCInJA": "seanx 3000", "UCilM17NZGc2DEWKDTqSryfg": "sherry keelerHTD4Life lucids dream team gime a kiss", "UCRg6m0X-fWNUYg-JNSESgzg": "shilan salih", "UC6EBSaVavcS2iUSWm0EF4Qg": "sepiONtv", "UCKw9oPCuMyh_xOf0FQuJXHg": "simplyELA", "UCixkjgkPbrXKUiexPMkwbOQ": "sarah hambling", "UCMCigUKtFhxTzb6xDHzGleA": "susantyrellfans", "UCwHp9mi62YJTLjJQHP3BtiA": "seraph", "UCXUWdQe80VCDhxfwKR8f68g": "sydney", "UCA7BP-PIjW9ESslmjpj7YwA": "squirrelwithadegree", "UCJmxuh9tec_jIOztoYBJUyQ": "sweet dreams", "UC_6HHhCx1moYBoP1WOphCqQ": "sleeping thoughts", "UCfBZ8zsr_AfNVYhBh1ZjlQA": "senzuh", "UCGo-1QMdPjoj8k3k-N-aKSw": "skyanity", "UCkwsAvQETvDkX56TV0PToDw": "salad as", "UCAXlRYFNKAbHN2WgMUYdHQw": "shinedown crawling", "UC5Y-s7epq-i4ncLBA4LB2Vg": "strikestorm", "UC8o13JpKVm2mOs6b3moMgKA": "savage king", "UCdeUbFCTsnwos5cu2Rm1Jgg": "soup boi", "UCwADU4LemX57X0QgqNdcx9w": "swordsworn7", "UC-kKyRIFmBg54bGzDA1iTfQ": "some one", "UCZBihom47COCNiE9HxRqe7Q": "sidney lawrence", "UCGsYWREmkfyvYtJdp6ozQqw": "spoddie", "UCeD6O_Zrk1vXkOc_REc2aKw": "simp  for strawbys", "UCQdS31O60E2GaJY3yO2ornQ": "sheena de ocampo ruiz", "UCAPUSAXsGmR4_BBIXLnsvqA": "sentineeel sentineeel", "UCLvwSa0IitQqVa-6yC4NBDQ": "shepdawg", "UC3WBAcYnRtHFefoz_yUvx3Q": "scottdeftones", "UCQjqq3SqAh8J_FUwWVcvM3Q": "symone rache", "UCTADZThCHg5guvBZKrWa-Dw": "spencersuxx", "UCMxFDcVcZxkbRX0DkYYHf9w": "samuel Biye", "UCjgjo8gmcqvJZKUCuznorxw": "sixstringedthing", "UCvw9rC1axVLJp1YEgawwV1A": "speedwaycoffin", "UCXvOTMdArTeDHuSwBADk8TQ": "sukhmeet kaur", "UCu8XJkWLSmmi-YFYGSpLT8A": "shymike", "UCVmnYUKkUWJ8CmWzXLc8LxQ": "solarcloud7", "UC2-QCehisDJwFte3G1EBJdQ": "thoyo", "UCJ2g1XSSqj1fFv40xd3lwaw": "trey one", "UC7c5APGS6st9N-0jEKpnwJA": "trina beh", "UC94A12Ng3t5yhLu1lMPzi_A": "thisis SPARTAA", "UCfH0ZjTEEAwyD7p3Bkz6Uow": "thomas da train_innit", "UCl0RjCOCvhJHoKP0oxtv82Q": "tullah taher", "UCEu6BMHaCZmZWJO6k375yAg": "tina", "UCAhdDwPgG_-cChPjsEDlu6Q": "themadhatterxxx", "UCXELM2r2mKKN80K0wTfbx-g": "tania dubon", "UClyKSkI2FzrBc5ey2DkcuNw": "textridz", "UCoznXFKvpzqkHwAzc6hezDg": "the magician", "UC90mVGDxR0wiTAJJrFz3zXQ": "tubenachos", "UCaPIvbcP9uqoOcaWJVN4esQ": "that art channel", "UC2vKRf3e1SDK39CyVVptLTQ": "the sheesh man", "UCPHGEsqkHmaVly5yl9i5xbQ": "thesmbbross", "UCQMuGhNGvdwTBdaa4yIIztw": "tianl98765", "UCzk1b6RvnpM_2k-4vPrGvrg": "true lover", "UCUUjN9B8uHoEgdU-IqZk-0A": "tiziano lamberto", "UCuHD87tsVYw3vbdrRWk-OHw": "the sound guy", "UCQoZ3oO0_KFsbWO-47gdmeg": "tree", "UCz10KUq8zc2CcT4l2c1IcTQ": "tufuluhv", "UC76eaRG04R-b-2HCJdHdN2Q": "the glitch galaxy", "UCiM1ClPPjAoFxZAm42y1EPw": "thank you chanel", "UCzZKFzZiw4OCcymRcrEdHYg": "the w00tman", "UCPnaOiM3efTZ0GTteX6mt7Q": "tom yo", "UC2z626csgttYnWjQA8_tLEQ": "the one and only", "UCg1iaoznIkzQGnNna7XpngA": "the Sarkive", "UCpaxl0oJSFUZSwBEnmuA6CQ": "tyrie ct", "UChX8MAu4vrTwwGvJbThgnqw": "timothy lisenko", "UCRY3A47Jie-_Olsa591jqog": "theedwardian", "UCRzOjghbNb6kM4OUZKtMw8A": "tin snips & scissors", "UC9upY9i_hqc86aOO8YVTLiA": "thechurchboy2011", "UCy0S5-yye0vWQffIFI8V9aA": "timy gimy", "UCkIXI7S7Ev0QrqiPy-qLzHA": "tirlak manyak", "UCU0nHGxQVqSkJ4jeHRXGaig": "thumbs up!", "UCvvUx0btvDvi42wshgIF0XQ": "tazkol", "UCBrjsBK4__HOOt_nL7EG5Pw": "tretre H", "UC2ctkWKQxqDTOMVhYDCGROg": "tariq shah", "UC0E8ETqB8kl4-vQja6UoXxg": "timothy holsinger", "UC9FJP3gTR2yv2UP-hAWDDUA": "trashmouth.", "UCuIlacGtt885TXH5mhXra7A": "tom42ryan", "UCVD8EmiYcINukaiGGDOZzyQ": "tigeroll", "UCL7oTDXv9lhqkgCAJHtXPCg": "taetae", "UCYPQo_5eWXTQrZLGuH_xXIQ": "tmac20031", "UCI6p8QStjYqOjKl_LKbH0nQ": "the man behind slaugther", "UCmtEPA9cv3hP3E7uFPPt1UQ": "tyamato 588", "UCrwdyoEvviKOBWR5V4sYChw": "thehoneybeige", "UCluQkGCiEi8PnuFjGxcm86w": "tarael86", "UCUtHOKUnLMtycBy-d0tk5sw": "tannies", "UCoTM5rZdQY2rcNkSgC0e_Wg": "toast toasted", "UCtg1Q71LPuaIS_J8hXYVA8Q": "the gaming family", "UCzhaQzAlSJwmt-VyGxm34MA": "th3_m4n_w1th_4_p14n", "UCHxguCfHWgRoyCdLmYd0GzA": "tileccoipiedini", "UCqzcTlnIikFLQS9UL_UAlBw": "tortieshell", "UC5mphaFULxLeXgimw8ah0kQ": "tubbo\u2019s big toe", "UCgucIXT0AZP8y4gssxmYWyw": "tom m23", "UCAL1MB8Q5_aiAWnd7CURRwQ": "thatriceguy", "UC09DgkudhORo0Un9yFVCTrw": "tg gaming", "UCeYdexf9AGoiv3-M0FQF9Yw": "toobasaurus23", "UCym4Ontb5PTKOmnqJNRuSkg": "tee sulzhik", "UCN0gbAHj-HMaRnPpzN-g8Pg": "theScoobylife", "UCZ71T31Q7GZyt10TP_AhMew": "the monkey", "UC4EHLp8qcUtIBY1kPm7o3bA": "tony Ojeda", "UCYZQzXJR9hYwRHoSOjTVBCA": "tnp_fusion !", "UCnk-KgPa0NF55tZn_kxkaew": "thomasj1026", "UCkrJ318H--qEpkJssM9r6xA": "the wonderful squad", "UCtqKr80wrKleSuufKPVxzeQ": "tez2k007", "UCG93z9m3S5WzxVp0V0uALpQ": "tina easterling", "UCYxEQl95yHuOHqQhgAdwQmw": "triledink", "UCsnF8j6Dj3AKWEo84N0hMcw": "tommy magnuzohn", "UCluxy21zu2BP-L06oh4GRiw": "tiffany mengor", "UCtKQVxsh0SvQhewK02KvFkQ": "tipuzin dechavez", "UCWC8MzSyeaN1Y2AZUinWonw": "tomnookswaffles2", "UCH23Twzocn9-jT7DeVi20qQ": "totally not a gold bar", "UCNARQppguJ0Qns9kYRZ8jtQ": "the 0ximorons", "UClz2rl7YJtr73Le8Z3VKWeA": "turtles fly", "UCp0cwNevtFQE7UugJPXBG_Q": "that one guy \ud83d\udc66", "UCBCfWOKQOH6cbu2UqwkyjcA": "thecleanslate3", "UCOGlngHzDGoDeyfDxhUummw": "trovioo", "UCvSmSgEKghmYl6uaNI9dlvw": "thatCrazyChicken", "UCg0u7XifCpsPnJWHRZsdnjw": "tr0llin", "UCDA_IxIXnU3Uf2KB7UfUcvQ": "tayrico \ud83d\ude08", "UCiJheImMH1_XpNV_bOEun7Q": "thisdjchick", "UC-XqdQwYJErR-XqAaIr2m2A": "tango jetsugar", "UCuvb-eRUSrVubueO_HjqtHg": "tannertuner", "UCScCd3iuMX8rRM5E7Oc1j6w": "the helper of games", "UC3J4PZcS5DpemUv_yNpn3aA": "trashy", "UC6hnon737jquXMYadiyT7YA": "thiquegorgeous vegan", "UC5W2ay4GE-KoZtaaA0wv0Gw": "timkis 64", "UC7KpdqWNsO-Qte11nyC02FQ": "totally_not_the_joker4479", "UCTvvGY8nhvCr3t6dnYuvaCw": "tanya lopez", "UCb6h6KOINMiBpFaPCvp265Q": "tracyleighbasham", "UCocETJX3WKzzNTP5CoxwaGA": "tallasianchick", "UCsz8x8nulYqo8lU2dIu66vw": "tye mcdaniel", "UCKELzRTnJMiixoWaaetuHew": "tanishka bisht", "UCWIkWM_Yc6dgFVYA69wIt8Q": "the pokemon on screen", "UCj-RCxbQr8MD6m4_Lr8CLzg": "the breather 2 0 2", "UC5doKr32pxHcVKiy6XBMeOg": "that one dude", "UCCJ3GmpGUXLoqNsBzVutQmQ": "titus4166", "UCw3BWosvgpOsoaI5ie8wTYQ": "trekrich28", "UCWGFNZtl7F8oI_A4KUm4o_Q": "thisistrueuser", "UCaeQO0COLNITXMai1nXsT5Q": "that one smile", "UCVCYDbHbyKu73LqegyjASJw": "toasty", "UCkqKPdtkcskvtIgfvR9VtkQ": "trevor frederickson", "UCZNY-qWXnaqaVXkLLp5DYLw": "thecraftycreeper", "UCi-kwSBYidpDdJIKd07kXmA": "toby", "UCIiJ3lNgi9fXNEDds-KJTYw": "theOzarker", "UCWN7fd3Se8XHMp66vXenJ2g": "theotothefuture", "UCxNiRYCZWPgsnK_r4-LOXRA": "tasminlois", "UCs0rfn3hA7qO07GRzdjXB5g": "thecommenter", "UCztGEhhaywzv8BIflSuk5hQ": "theorignalgrayson", "UC6RpuZ4axn7wt14-tIKVlXw": "tom4od", "UCYLJbFK_90Kc_uEWtUAvb8w": "the ____", "UCLk54mYDkUQXyjiRLXpINfA": "that guy", "UC3qlalTK0nGkAinO9LQZlXg": "terru Lee", "UCW1gzdOtJTIKxjOwwmZuWFg": "traci_angels", "UCXF9MDo0n-6rgoVOUyUWOaQ": "tyler eastham", "UCl6z6COIPJsNj_RhWGysYhw": "tord (tf2 is cool)", "UCeg5xvDBZ8RGK0ChCUy_t2Q": "t", "UCMTaGWLGdBYm7HSUmmdAtHQ": "trey youknow_.", "UCG-RsJ0ajPOVtL6LmoXFd9w": "that dude gamer", "UCvQu4cR9yrkz7eErVspJLAw": "the gameing hub", "UCwl1l2PMzzgxQaGSF2b2ocA": "tayyylorR6", "UCTUdfh9QmKP7Z9KuGwc9ZZA": "the Boys and gamers(memes)", "UClURXT66Lnd6vY1LsEqxk3A": "the lily and mommy show", "UCgI7FAmBXI2Cf4lr2EzwKZQ": "tweetch cleeps", "UCG5GK_-Lcw2pd0x5XEH7AHw": "tricsiemarie jemino", "UCvJ8XonKYuPSka1Cz0uJMAg": "tech dairies by sherin", "UC5oltPSdLp3qb2cNjTOIhSQ": "theLynxKing1", "UCU6V0EH_RFLjKVEa9Zf-bAg": "tristen maxson", "UCPpZsu1_XVeoTMHtN-est5w": "tutorial utili", "UCJQWDICtCOBAPKHHtv8iyXw": "threecutepl", "UCV14wDTVhRdeuSdvZEPcdNg": "troll face", "UCNqo3mLyYOJxG2f8t1mxklQ": "tamarin", "UCYsWKFvTQxhJpsrHkIy-l3w": "theMuddyRug", "UC7zJhLXtkw2r02WldCpipfA": "teabug", "UCx_EKeXT7UyB_t6i49Ky5qA": "tara lane", "UCxdApMFJUyvcEIz3prdZ-FQ": "thepianolovingreader", "UCoIEuvLEUaebeDhC6xzlolg": "thekingofmoo", "UCucV0uyqatW4eUCClatCxQA": "talia841951", "UCMbvuI5hKtjfySRxaSDHoNw": "tatsukagemarou", "UCTZKyiYcLehUkr13dfgGr4w": "tino sanchez", "UCDSvBp_KjKfOIGHLziPWZ9Q": "themcknox", "UCYhTrZpeG1xIitJIpIiSMkw": "tRump Keeps Losing", "UCMm8VS-NFOUGs1lFl0RaN9Q": "tatiara6", "UCn79EwBXSzbfFxD3MQDsn_Q": "tnductai", "UCXJCfdAZ5gFMcvRchoxb7hA": "tami collins", "UC0_lMh3ZcekLBdMo6bNyDFQ": "tube craft", "UCgyXvvi6X2ebVDve4NoUUmw": "tony", "UCNwko6j6FwIILAxst3Iuuow": "thegodpoke", "UCKU-3NnZwlw5SUZx6XR1ZnQ": "tristan greaves", "UCiGw4TpT9zuFX6HglshQRiA": "the amazing world of paola", "UCtLUciRPakIv5nzSLaQeQiA": "t y yu", "UC4EGgRSooQeFp5_faoFKfFA": "tody luf studios", "UCBqpTbdj_QJFq39vscjSfLw": "tmsbak", "UCATt4p82F9VqT_1Oz6HhcCg": "twinbornship 700", "UCXZxFZY8O8s2N52FsL8sfPg": "tj trm2", "UCmbd-rUmRaXxGxg92dQWWBA": "tanakrit Phoncharoen", "UCZ9sEfwWRN1bNXPFQyqoZSg": "noodlesRawsome24", "UC1jiHGT-dkJLtWBzlw2WLSw": "nobudee the person", "UC2Boc5wD2yeZW592WYtAKjg": "nadav goldstein", "UC5o5izQP8cITdQE1jfDvdbQ": "n\u0113\u00f8n sq\u0113\u00eaz\u00eb", "UCuOqX_kSbJ8UQcVVnH8oiwg": "nycdweller", "UCWyTpN4MfEKGZQjwqjpzesw": "nacho biznis", "UCg51dcxMaVMiuwXBrTJTwug": "nhem nheannavath", "UC6kSgaoEfW20KtGfbYEeM3A": "n.a.s.k", "UClYRlckUfSSN511PbYaOfNg": "nobodys vr gaming with tito", "UCrKLLTvFsH1p8X9HlRVafMQ": "neaven harbin", "UCWixh8rH337SkkU4s2Ln5mQ": "negito uzumaki", "UCQTcYJGwR6QsWGJbx6MP8dQ": "no", "UCRkgdnMUkRmdBngS7HFM8yA": "nothankyo u", "UC3Sq2b4parADlS2JXmnj3sA": "natasha oneluv", "UCOoKERGNwyk9gR8IYwuFlNw": "nystagmus", "UC7Wj9W9Ev7tpnr_iZt5k-mg": "nerissa k", "UCODTHUqpVNg1WqnzXbHZaCQ": "noobiefied", "UCpJDuJAynPSS5b0acBugugA": "nicky quessy", "UCvNSGq-DggkQPVU4rKDEjEw": "neptyoun", "UChjHI0VV__Xb5HuJ0ctCDYw": "nuttybeef", "UCPBqnY8-w9_6QlbOAufUOpg": "nietrifroep0815", "UC0KJYHpiptA73-wLEom-jcA": "n1 X 0n", "UCw5ocMG0T9rolxi0XhcJYiw": "nola stolfus", "UCVtUuW8oX_40_nsOwmWNGGw": "nostalgikid", "UC4yFobS-HUL_aOoo5KiWMeQ": "ningweloveyou", "UC4LUTqEV8tSjvzB5oew_ZLw": "niya", "UCPNMtxrk0R3sXfYtnSAUO3Q": "nic nac", "UC5tr6YEKf7ZvegDwBGWHWQg": "niki75", "UCeje9O58apdhPpgPyiVQCjw": "noeatey noeatey", "UCVaFyhrruUEk331tNmO1x8A": "nithin x2", "UCijCS5zXahoZ2de3mWbbj8w": "noodles \u2022 10 years ago", "UCybNQVbE9d8qscXnmt05LJQ": "nkosinathi mlaba", "UCWPd1piIzp77ESp_FcTeBnA": "nickedinger1", "UC17zLwUSFtkPcm17I0T_WvA": "nite thief", "UCwiBBJ8jQC5h1ZQm9O_f9EA": "nclshel", "UCUSDJkZvkjRuleeoR_B9wqA": "nikola pauleti\u0107", "UC_fgNEAcduIL7xAbenn5_aw": "no", "UCm9whqxeF6OtbOOFcDYD_vA": "napatasi", "UCmgzbV_-OEFFBlOJy6BglWw": "northside.", "UCWYJHAefv5_dApMr5Mlh8dw": "new in transportation", "UCNTxQJxh3Q0EUCVD997WSqw": "nonamecat", "UCm8dGxjKCQp8gqKLa5QO7nw": "noah hallmark", "UCEt65S1aFIsk-ihmgcEQ0sQ": "nujaz", "UCbMTXkZ2fyDFAdA7Tal1JgQ": "new face", "UC4q4mCw8g8r4koQRs6hnAVQ": "nay", "UCJyrDoY_kDc0DPlUbruHygg": "nakat singh", "UCvOJcdM8EX_4cckImiI4gHA": "no", "UCh8dhl_zF9qBjSYtMwSShVg": "normal BS player", "UCbNJLBj3jLYjZXejtIpAiWg": "nonbinary child", "UCBZcrU4-Y6CaofjcoOsU1vg": "newman1012", "UCSobA6EVKJmFpsW7vb_SvFA": "nalonay", "UCiCMvfKUzFhca8xGYbPbjpA": "nick wells", "UCplOqPOqAMF5AgYqCc4kX0w": "nicolas ou", "UCbTFm5fYs3y20jwOehX8mgA": "nemesis t3ddi", "UCfyd6mAVFhVWmv51XWomFLg": "novembr", "UCKS51-BU3y_8N0rSay9X5Cg": "niteshmurti", "UCXnniWoeYA9eT1ZBeNhkWfg": "nihilistic adventure", "UCw6V0PX7Pbq6yrJG5jkOsTQ": "nemya", "UCQRPmG-y9RZa6JLS0yuLcnQ": "nightxshadows", "UCpwbjL_xKYbGYngr1FLXP_w": "nobodycallsmetubby", "UCt9M4ZZGfTlcwoqbUlSnnfg": "nazalli64", "UCzfKPg18ltBBLq1m3jgL1yw": "nazrin tabayu", "UCIfKYwmt1ggwLA95TvWi_mw": "neuronbob", "UCsJ_-H6wunPDu0HP7eX08QQ": "noel", "UCVnPmIor2_TOR7PqhmOwE7A": "nancy contreras", "UCiEXSCUDg17bkV7ADLyRZjQ": "notazombie", "UC21Vyny8D6askxgcAlikSzQ": "nate b", "UClsByOvnMdeZ0ubRbbMmT7A": "nhoj nhoj", "UCSiN9bWwh8Xu3LtGZH1Sl_g": "naz", "UCCThTvNoVfdMexg1cw0o-XA": "nimajneb", "UCDLP6gnCkFpb7eEo0l4qTmg": "nooloo3000", "UCYpagd3V09vJ1psUygwawaQ": "nho 43", "UCDymBDORivi5eJudn345lpw": "nightmareinblue", "UCV6fXoXmmV9cefJ8f0LE8uA": "no name", "UCYUFHKPugMotn_r2JdRH40w": "nikitaz123", "UCkbIRrY9PXv94GQQUzMp1qg": "nadip ahmad", "UCaNvYwAi7MgdrrxQ89ExhnA": "no one", "UCSMoBia7NTBcLvIzS0nfCrw": "nothing", "UCmu7z-gbRTPPWdEPEey_s8w": "no longer a thing", "UCf1Tuq88-KhROWSskuXmgxA": "not exist", "UC3eo-XjIb74bRpPpdR9r0Bw": "nattyj44", "UCnpQRKcgRAnASMU9NJu_Etg": "nelsano3", "UCyjEbxrbfGofzb94RH-dAiA": "nasham", "UCx1AXkzWwQTUDxOYglXeU1w": "naedemic", "UCttd-czJuxJf_ilvTiAno2w": "partha banerjee", "UCRjy41ii1EjSOPNg-OlT8jw": "pianowater pianowater", "UCvhyFzDjiiep_IBpPEZApqA": "pseudophrenic", "UC0Ul1iq-1436Atpf65cM1dw": "perispomeno", "UCGj2F4eQj_b1itCWy6zZHIw": "pavel", "UCxDibPO7F__jC89p9nOvENQ": "pierrelyzander Co", "UCQoqkpLYmQ1hK_G1Yg3a7bQ": "pazuzu 777", "UCp17etr7UQ5dZ2Pp6RmXN6w": "planetzito", "UCj-XDWwiRm8dZd5SD_Sefbg": "poopy mcpooperson", "UCPfHBGlgyWwYaHQicmpus-g": "papertiger", "UCwzHE-6ZQHQXdPyJF1BJOCA": "pjeter wilderer", "UCtkX7Qi26IbBOD0rvtYOAMA": "poisson avare 101", "UCY4feNmKfhcXvaP-k8FAGuA": "pixel", "UCMJ06-ZcMh_c8T0xcz11iZw": "poopman the 3rd", "UC-MrGSIRzqQVTkQe4K8_WEA": "panda4247", "UCIXmqlakSU32Wx9q8Qh9Mzg": "puglord87 lol", "UCrSUTkS-gb4PDrqUUQGQxPQ": "pepita losquita", "UCU5s5RbR5v6Ih5czwUdwrHA": "peruna ukkeli", "UCDNiTcWnlKrt7MmknSZbB7w": "panda bot", "UC_FAkwf_hLGtm0uLUbnHVYQ": "ptolemny", "UCucambZc8MHy4kdbmy2Sr5w": "partyboat123", "UCHLrEg5HEh8DUKASrO2L-3Q": "phantom7472", "UCpZQHgGRck1XWaJdHFJXwwg": "p4nchi", "UCjRN1WjN3SfaSdQXc9jSLpQ": "panda_Mary", "UCdJhxmlq6-gOm_DQ4u_Bw5g": "pop py", "UCQ1S7hGjByCL_GVNid0ZK_g": "psmaulehlien", "UCAdVYFbvaGW3HDqdTMOAKiA": "piripanuo", "UCGTMQpMEWoCNjTLR24zfqVQ": "prince nathaniel batiancila", "UCTAoNsUbB_N5fBsSPrDJGjA": "paysonfox88", "UC478dCUwi7ThAb1de925D5w": "pastabloke", "UCb9uhZFH0jdpnJ7VV4m1tyA": "philip J Dry", "UCguBhAZMLiwRiFVp4APkbqA": "poiXquared", "UCpwvvl-6M0E14Xs3oPJg1-g": "phi rus", "UCC3B39Hk6gMoOaAXZCey7wQ": "pddixon", "UCxKNb72300sRP6_b52cC9ug": "pultank", "UCO1OfEzyCB_3o-xOD0KJvDw": "puzzlepiece", "UCEzxZgVxHy1TTmzabYoeeow": "pezevenk cowboy", "UC8TTFjEBH3wryAAnErNmaQA": "profklyzlr", "UCNCdOAL-KEgrf8UqSoy1G-w": "pbpankaj", "UCDwl0OBIXF9UBEvR0O5A9xQ": "puta pinga", "UC5M1vfndD5QoLTaq9pT2KbQ": "papitosabe", "UCoGzJSSDMayOLOqkieb5kbg": "pizza", "UC5j-nBr6f2omkXLuQjCSIAA": "putri khazana naila ahmad", "UCWJqe-yAcsGdMTI3yb7CEtA": "pixi robak", "UClVSO-LwyjiwMUHJQGISUnw": "pogman_ ratatouille", "UCmeVSO6wTjKk8GS7vYVYvMw": "pyridian", "UCesvXJ5cRC4SC0TMkhOxbmQ": "patrick leake", "UCzqIF7uwO_KnNpPUHIwIG2w": "pro master gaming", "UCgmo8iC_DZwae_irqose7zA": "prosz\u0119 bardzo", "UCnJiYt3bbes42sCLEMxQjew": "p", "UCSPWYEiPc0R8PuA2CycXQRA": "poo man", "UC9lJKHLCVzw_FukT-atVFVw": "prarinya jirapokin", "UCqkfsQwBHe7_i9eO0q0ZV4g": "ppm", "UC9pPVfiePC_qHbzcyevu_3w": "pj", "UCOluz-EU0FaOgRmeQp3fwFQ": "pablo", "UChf-MM1AoVbmDfHNK5IHlOw": "peace was never an option", "UCQ2QD1K6tC0opHpbcQI9mxg": "patito tactico \ud83d\ude0e", "UCmKOJW0VrmXeZk0bjFDgJVg": "pinky vlogs", "UC3bXG9gHHZ2wI1V9LR8_y9g": "piotyrholbion", "UCMsBk8S_-FEiH27abpRHWUw": "princey tv", "UCO-F5ICjyFtR71XQq4Ebw6A": "peter sj\u00f6lund", "UC2n28pakRgHYJ5B8dBeuR0Q": "phemati", "UC7LFcCJopGd88b3JLMGVSPw": "patrycel 2000", "UCLSRARIt0RotHALJ0sZ1-SA": "panBambek XD", "UCmA1AuR2jh3tLWMiYjBCnrg": "pezet pezet", "UCGcmUPxyvz3Gpr0n_vhmvAA": "pop up Poypoy", "UCk_GeeAKAH0DzD817l2c0TQ": "pro master", "UCCKSz84Nt1ADflKsHCk11-A": "profdracko", "UCNjkLrCFAsLImo1UxGLLzmg": "projit", "UCUmzq49q71RIFHstOtZfsZw": "poppy", "UCpraeOdsOuvgxZ3io7zcIEg": "pkeod", "UCv37acwuG7CDq2_eEN2tTUA": "phantxmoreno", "UCD1AaGH9N21_fzBYWIqmpCg": "pep._.cassandra", "UCQHYsj_Cu8fF1B6kRZolELg": "pixiniarts", "UC_e9sXIO9C_ehIbUbF23AVg": "partyethtoon", "UC5YGOrFUk6__prZIkWNYEJw": "panos xd", "UCdOHOGrrSYT8Jrgy-Y0NQFw": "pemotong rumput s.d.n", "UC092X5Hr9GDMzvIAgNiDJsw": "pEppA pIG", "UCwTnZlVAci1bMZpS6mugdyQ": "paul west", "UCE2oXtDtRKyEMX3Z0L_MpwQ": "plinius", "UCfuJg5_S1Yif9A84c1JrC3Q": "phamiru", "UC-KpmKz7dCOp5pLCnsrv0dA": "payday 76", "UCKFYruOFPEUsTJxI3kwu79A": "pay dem bills", "UCqrShJffjgLhWa2wGYgU3Pw": "pearlrodriguez225", "UCfJjZcwLWQzdhG2EPR-YBOg": "petros zakhariadis", "UCD3B-5GpAerQYQtejQo7sMg": "premium d0ormat", "UCMjvnf06mfxMOQG1Jc-LIHA": "peter babooram", "UCbKnuDXaTOwJrZ379g9WVlw": "phil heace", "UCENEWw2xsYTH8XhE9h15U6A": "panduhbear21", "UCMAIsfrU83mRuKeF34WuAkg": "piper greer", "UC6XVVXpsq_xrAWJ4r78ugAw": "r3dst0n1c", "UC1cl6FWhd1SSH-aXiHkT6hg": "ryan klein", "UCTr9aiQj4_fsHJlDTzHHYpA": "roni mndza", "UCKDSwuFQDt12N8NWzhPxiRg": "reapapyrus", "UCseug9dXniRkHfMuHusm5XQ": "rlVer", "UC-DtB-H55OrGkuAcfwfBHxw": "rasmuspaetau", "UCnhFzagnLsNmM18RAROr5sA": "richard playz", "UCG_RDzFt_dEgZmHlsRAjD_g": "roblozgurl", "UCRaOdknAY4l5VhGnhe0-Pew": "ritual", "UCqbqqh8Nv4uz_lj46GH0stg": "rost /\u0631\u0648\u0633\u062a", "UCFseF5ktGAapTwPuN1Z7N2g": "ryaku5", "UCQvmKVF4TG3f3Q7BVuK6QJg": "rigfit", "UCFF_NG1Lgz4w1cFzouQsj3w": "roblox player", "UCGu2Lr3_7CSQO3SziurhsIQ": "rochelimit's hangout", "UCn-uAlm6-sP7FNtXVW9nQ2g": "ruby giron-estrada", "UCR8p2B8T8ajuIpr92KS2nZw": "random guy without a mustache", "UCu6KBBlE-6cQLL4vmMwFBJg": "rasazy jinky bright", "UCKNkIDqfizzi4oq4jXKUFMA": "rob", "UCyc4MzfVY1pbfkwFA6EQEuw": "ruthlesss sss", "UClhVCChSx4O4azV_YqaERhQ": "ravi selvam", "UCKsSw8bHG45y3CAF1OusC3g": "rhett lampitoc", "UCSLjjw3yhHS50fkNCkMXNRw": "ryan pease", "UCMauF3qwjb_W63UaFK3e_ug": "roses_are_rosie 2.0", "UCpV7Cc9rCPfichj6tN-lu_Q": "richard rabanal", "UCHtNkTqZbaPa62MbUNmzgKQ": "rose val", "UC3C8QQBvBYU3NfsnBO463nQ": "red number1", "UCLE5NWYqf_ZP-7xZhxfZdHw": "robert lichtley", "UCSpusqbWYOXPBUpXKDFWf9A": "realxroses", "UC0j4Hs7Qr8l__y1iGRl27UA": "robadamson1", "UCUDgw-Os50t6AzsBw-LEShg": "ridgebhouse", "UCtGHgrrK4hFfrhxpT-Hzsdw": "reginald cledo", "UCAioZWO5vFzKcZmHJ4m8zwQ": "roy castillo", "UCC2Im39BcllOi1xkjYPw22Q": "robert ready", "UCg5ZAdsWAhlJcZSSBBbzpXg": "retartscom :D", "UCMOMqv07BxWHfLKN6Hb-LiA": "racing fan", "UCpV_EilFd2WI3VM9ngmcuWg": "raptor1275\ud83c\udde8\ud83c\udde6", "UChNsT3E4C9U8NOC9gcS-efA": "realshompa", "UCqe2RxFGy8cRgbYyUrb_PJg": "raygon8", "UC2fFuU9Vn0Hop1JIt3QngDw": "reggie james", "UC2WPpmeQq_gwxO3vkcd8Ydg": "robert edwards", "UCTycQa5u63o_r9547chxC_w": "rim jhonson", "UCV3wTQSawTmK0VrGD4QKe3w": "ramiro", "UCJqSkhd8DM1ptmDvvBLx3tQ": "rosenrot234", "UCAlXXw-6h7_0Db503ngifYA": "ryan woodlock", "UCe_h1bbbioHIlOIbM1ZOWMA": "rayder1031", "UC3uC3iZCNdvuVjJjwrlseeQ": "rayyan Muhammad", "UCCma2mNwcH0EdUBCr29x7eA": "random_name", "UC7iapqPNVKOmGb_j2QH5RgQ": "rippelz", "UCHk53oTuSpVM7xMQSdLbGhQ": "road to 200 kg squat", "UCbCY3q-UKRl6E1t4ITjs0Bg": "random studios", "UCoNDxbevv_0C8QMhc0GBKyA": "remyreelz", "UCEszTiSXx2J0H0ALVNdArvw": "roald dahl", "UCRi7_qSj4Xs90Q6NQa04Cmg": "randomdoodification", "UCfFtlYa99H6he5Gyh5f-CLQ": "rishika singh", "UClssso1pb90s3n5fL3tfIrA": "roblox duel show", "UCdm2K2KktI4mhxsdR-DTLqA": "rayvan23", "UCP_DP8fZOkwtnFAnTurkjdw": "rudy", "UC3LvkdmjG5VFpHOpNrH2OOA": "retrospark72", "UCO92THzSMi-Rc6qX5nqbvCg": "rashid ramadhan Muchsin", "UCX4RLG7eeWTwLkuaPzikf5w": "robot ttangkong", "UCS3c1Z3_XNfJNO1BwMvOBww": "rocknative70", "UCc87FRjxUgLeqmLbG0wcXSA": "rudy Marquez", "UCmqGTdeavxE-3Q34NJIiZ7A": "ruby rose", "UCo4YMuhZ_ojrMS3Is-FC-3g": "renee thweni", "UCIdd9AOfSFcA_G7Msw1vyPQ": "redmonster1993", "UCNv37lujgE8Ud1uj3MiAZ5Q": "r@munya", "UCmt2xISSYQcUJ6rF7he4L7Q": "red glitch", "UC9ImO2S_OJAusZajZNA_rwA": "roger escutia", "UCytRIPDFz3ixCHgDutprIBw": "ritsuu", "UC06UYaUud9p8m9-RsUenPIQ": "rozh ranjj", "UCEFe7u-cO-qIEHzw8s8iukA": "rl h", "UCxinQagd4JfwSQC-b1yeuJA": "rotsono", "UCR6agYOWq153uWb4znQZwLQ": "ryan49805", "UCtEe0GkcWaCHbFm7YryKQxQ": "rebecca berlin", "UCfs0h7F6VGA11VlrHWmr5RQ": "rosalina gutierres", "UC6N8dfSWcboLoCPhT-U4jDw": "raegan b", "UC_Vn45pZ25V_Nk1MLgPG0dA": "rmzy717", "UCUUKRbCEUebvKZzXc-HIhwQ": "relax the panda", "UCizhxxy29iXYXSaq6mTyEhw": "rediornot", "UCqniEc0NLTrbWzmuIp40KNg": "random nerd", "UCxgxV4MShqV84SQc7GSvInA": "revy_skies", "UC0W2HENwVQ81gcs6IxtWSZQ": "razorbuck1", "UC2Z4ua2GxNKi_g9_QjJWSuw": "ronald mc", "UCATIxAIoshBPH4R8wqzzLBg": "ragingfiip", "UCFiGidRfGzmHdLAflNtCoHw": "random guy", "UCO4APECmcKOhBbUOzUQS8zg": "riding ahead in life", "UCjiVv20b86_SPPU539qkO3w": "rossdaboss1959", "UC22FRbc2xxrGGNUDh9K5bJA": "rattlehead54321", "UCN2TkIxsFeeJzFRxFidvw4w": "richieneddie", "UCPzu6aXbFBTae4rXYplWpdA": "rohit verma", "UCoTJjNsvjqd6qVr3oYGew-w": "roycekimmel", "UCG802qBBEijuK6iawFHvSqA": "richard cooper", "UCq1yfzw0Fs-DwE_K58W-mQA": "romancase", "UC-nbWlS_i9fxPQfrF1AkuBw": "riptide games", "UCW0F8yJNcMxVq6fx1hGu5MQ": "robloxfunnymoments", "UCkN_wzt6Nz-eE3Hm-rNdfhg": "ricardo ", "UC-j5TI2ZSBtyz0Z6cDzZyiw": "ritesh rocks", "UC5bfrxsZnMprWe1doLDzfAA": "ray henderson", "UCnqzwgYoWBQEpk8lfe4s_fw": "ronie abror", "UCsxXnq5piu8IDtaLHaJDaMw": "reyansh kabra", "UC7-Zu8NrKRRZLoiYGtGLviw": "rubes", "UCsZtv-pT5VIJfNkKvi1GkPQ": "raul rios", "UCavwGYPdON4jbv-a4IeFF7Q": "rob3rry", "UCW9wF2NDEifYVvTdEaZbgmg": "rbccgage", "UCFZF0FXEpAgg3pRi6fdvWrg": "rsims7", "UCxGCLo24Yv9eCiYnhVP9l2A": "ruo huang", "UC60PbKW-vSEWUKPg7IoAexA": "rUpT Crimson", "UC8Mn5-1ay3UezLgd-D-_dEg": "rosealie vicuna", "UCMNun2O9H7042TXjgX9JV3A": "runemonkey58", "UC9H_n7tJzMk4M8qZr2_qtug": "random muffin", "UCldBariVZf6btnQqhQUi_fA": "rose rupard", "UCS1pw4BjD-iu-DKhpBe10pw": "renegade_muffin", "UCae4AN5DqFqJDuCAL6D-DEg": "rolando baluja", "UCRYx6WtalzzF-Pj714-KMow": "raheda weoake", "UCPPFoYLlUIJWlALSD4rShmA": "reativ", "UCwc8il7GxzIq6eAv03wFlpg": "rashel Pinkham", "UCXs8ug-tW6079yUVp2lFDNg": "roobdio", "UCt-oQK86Gf-foa6bJeUtO5Q": "ridiculous", "UCqWmctEqfFog7sfkWXcBvGw": "robert anderson", "UC1VyaUwtmziDcsrgLqu0fRQ": "ryry998", "UCNUCMO3a5IP2A9DODKX56Ig": "reuben bradley", "UCThepwlSY7VHe4a4O7R5bqQ": "wanderer", "UC8T3Gow_oGoPFxpU3HEECaQ": "whee38", "UCcu_SJ3SFY52KDFg5xgg49w": "weatako", "UCf9iI08-p4H7BUctfapLz8A": "writer primse", "UCbPitbH_KffCobsmSrkGGGw": "white masks", "UCL9FyIfj5R0xKLoqd7ydCvA": "weird duck", "UCKv9kO_s4TmhyPvz7-tUJFg": "waisho heaven", "UCytwNBjniyP83ocju19KeAw": "weakpig", "UCoLKTBS81Po83Ru_hdzcFyQ": "whodat", "UC3Iq2qgu15VDCxTIIGX1Mhw": "wizzzer1337", "UCybf4O6FnJYq1rsrTXusCLw": "worldssmallestfan", "UCsGaDNwiLxPonBDHOi2ylkA": "william bond", "UCUh_LBesAPv968hv-2zKFSQ": "wait a damn minute ", "UCHDzk32pZV9jSWtjBq0-SDQ": "watchthishemp", "UCC5ghYodI0HrYsyiqWl4dbA": "wiitimer33", "UC5EO3J6EI9yAXBdGME6gRGw": "wockd", "UCbGdaui7m271yIEVRo5ZUAQ": "walyo", "UCF5DqZD6xJGoX3wb6Qe0tBQ": "water horse ocean", "UCLFGDnYoUJyeLNi2J1lHfaQ": "wade porter", "UCS9WCkp8RuB_qbRzl6wvsAA": "wassup\ud83d\udcc4", "UCrwoC6p5AaF2xntB3W_db1Q": "w31rD0c1Ty", "UCXgbPY4cfxRi0xLogz9secw": "wtever k", "UC7g2wnYJVooCpIuYnE5bB4w": "wrobla 26", "UCMmbbanyMS18T9AqDlb-0Vg": "wollyKoala", "UC3NkfHMDP-xmP8yPjSRQIsQ": "wildwolfray0418", "UCsuKgiVb2KJ2sZdrrwoAqsA": "wattles", "UCqwgXi6PNE1KsNEkvSntM3Q": "w w", "UCNG4-8gK6bTAJaQlnRt8uDA": "weirdperson1", "UCdCDNVCCPGaWv2-qoGTPFqQ": "whydotufaqoff", "UCqHsHSSbqeF0xz__ZBVsciQ": "wang qingyue", "UCf5dK-iVjMN1bT01t0_IP3A": "wheelie", "UCWYsXPcW8kpwEFOPAPVqW9A": "wubbie4", "UCm2bur3No375q2Zat6LUcsg": "wad", "UCIBs8PIpkrlgFZa4bYqITKA": "what you gonna do about it?", "UC2P-mJOU7Y11E8eb11hyO3Q": "watid jitnatum", "UCH5UGrd4iatdbnA8lDrhuTg": "wav \u2776", "UCMkpymOThUTtMV3ihilR8jQ": "will", "UCdcEhjvtJh3LS6pS2uzRzVA": "winnie", "UCi4HBGt6oSfHNMJcqOxzMUg": "wicia2787", "UCQ1-YI1OUidUdxSa_l9GuMQ": "wilbur foot", "UCmTDokdzmJoUi10bbSGSSWw": "wanda zuell", "UCqZzGNoepNphxeLyv-BGqkw": "watchmen617", "UCFmpqBs0E4dbrkzduBQDjRg": "weirdallike", "UCN_pelVaoD_If56gv8KwfYA": "whataname", "UCns_c0nJeD74OKNBcY0iDaA": "wonderingheights", "UCnocQUJwtYS12vGfvjbGAow": "w g", "UCOGw9qPQEOocLEnjBYK6sGw": "weekly gamer 2", "UCeo344_XL4pX8B9cJpMe51g": "writer", "UC6tB-soSAbfN0hDLf1reLFw": "willie jernigan", "UC4XAPP4i-87aZY-Haqz1miA": "woe jojo", "UCiaoxFAdLKZy1qY4m4WiEwA": "willow book 2", "UCGTTTPOC0r70PdAE2wYm6-g": "why why", "UCFVMtd7PZeL6uLS6MaXqSuA": "walkri Dimensiones", "UCq-oPRekW6XPCOKJ0evRnxA": "ww2 did not happen", "UCRttDLn9bv4F_39ObvK0J5Q": "will be real", "UCnhUChMq5r7L9UL7zhIBkgA": "wedemboyz 1017", "UCFfTHasT7r9CCOshTE_ze6A": "willow", "UCNs9yixH6sXr3lz8DYQzbLg": "wii chess", "UC0RcR8bwtvLm7NDoBENMM7A": "walin klein", "UCWXqxnTFRt74Nizp1a_2Kbw": "wango", "UCPJvekHVFX_wQmGCX84_ePA": "william burgess", "UCn4hJzgVbkK406XnXx2ZnmQ": "wraith", "UCrB3buuPOn-Y34xL8jhlzGA": "wolfmusic", "UCC0t-h8HQf315FtzkiHvAlw": "waffle_cherryTops", "UCXpAqK7RlMcDhMovNkVWHMA": "wilfulSteam3690", "UCPc8ipfNcUPGWSWKr9i4-3Q": "waltt69", "UCQDX3njTRG7GIiakuo26Q1Q": "wooo weee", "UCZSAN1bhZ2aQ3blWQTx47Bw": "william wetherington", "UCqnqGWX72fkTtzxP_bv0ZGg": "weedblaster", "UC7Ce9bG4e2M_7sLIkOsWrOA": "whuzzzup", "UCb9vaHXQs-HPnSWfba6VgUw": "xPHATSNAPSx", "UCQlbuad--NjTGYgdLmH2fEQ": "xD vaibhav", "UC9SFLPyT2u-Iv9KOhTdcMgg": "xXweediswackXx", "UCvjWf4-x7kFBXw7SMoYBA7Q": "xNylo430x", "UCpE7jThDCQNeP7atCw9FGMw": "xiii-san", "UC8YD-po7h2DK69E1VD4zJZA": "xxbellaplazxx", "UCV-R8u7wSTEJGFWjD_BH2yw": "xJayyDope_", "UC0bmXZF77RjGiivgJIB6iww": "xdCosyKFG", "UCajEL3sv1d36et9jRxqKLUA": "xxxtentacion fan", "UClWPtVmTUV3-YHrosb3h3Bg": "xaw pl 57", "UCyJFBp3dcvt6cUCGGMGWPIQ": "xx charlie fortnite god", "UCqKaRbKgx-ILjh-_IAEmWVQ": "xItzWint3r", "UCkqGvvHZMSK_zRdEiF1oSug": "xSimone92x", "UCv9v6bR3jBvOBM9umXUehyw": "xalmondleon", "UCHG5dLvRUCf4kGmWjuaA_FQ": "xxELEMENTALMINECRAFTERxx", "UCgP_ix5t33tVvhXXIL7xsWg": "xMODxRoblox", "UCn37pmohZE7TA1e2d9_5oqg": "xSHOTTAx", "UCCc0wR5s-RTq0otYTX9AvVg": "xd Espey", "UC7g89pDjXQQaggYi93MHPqQ": "xhoneybee", "UCfO5-CHZq-cOvuujNQOdzig": "xxx", "UCdFvRXO5NGVk2J7_tAHq41g": "xXShadowEliteXx", "UCCVj7rdQWX9Tg_Tv6MOLISQ": "x???", "UCEyp1gwFLCRX0NKsvSy55MQ": "xBundem", "UCLXnEDXLboeIhrzZyhGAHJA": "xBluemingx7", "UCiR6M5Fksm7g7GXvRF1_b7Q": "xgozulx", "UCiSnS9uHvfYmgGfnVjVdgrQ": "xxxtentacion 016", "UCGXNZmBrUz7bMWpv14bsQUQ": "xellos metallium", "UCGCNhc1loiJ2BSZEU_apFqg": "xXSQUEAKY_CLEANXx", "UCqQF4G89U9YaYoLX2AOLnag": "xXmlgamingXx", "UCXJYqK44Nz0C8Cy-ak3_6ng": "x cool", "UClPCNGpn_Cdt7pVau6oQY1Q": "xXDOGEMASTERXx", "UCQl1MTT07Bv1qN-DhnSg3kA": "xyxllow", "UCR2rcg_JaqSLoruA7K40rvg": "xoPine", "UCFQqrL185S9v1LOT-hw6zlQ": "x x", "UCCXhJe7HHILL9ycKNkfGDpA": "xMourningStar", "UCbpyner-99h22h2u1dSpjDA": "xXrainy _dayzXx", "UCesHlfGAGFsInCa_fxV3d2A": "xr_tenzin", "UCJxPwh1pZC8HW8gG1vQf8DQ": "x.nd.r", "UC9cdC6UyJkxa2dZc3D3IwRg": "x3zoz_622", "UC8Fzy-6aBfkSqS-KNEWihFA": "xEcliipse", "UChZ0Mk5Z7Cr38iOZfG22ISg": "xinyan simp", "UClBVcCCBXyvlXKtAlomu7Eg": "x_Piper. Mahony_x", "UCrjtETSJF-6rDmsZhviruiQ": "xx_spygirldragon", "UCLiYDW-aGKeTPRDVaVTAWXw": "xLxUxSxTx", "UC5b1w75nwuUdc7FxBHFvRjw": "xadrixna", "UCncJTb0JRVg9YpERXpU4b-g": "y o m i eu", "UCa9KvVIXUMCqPiXwgGgFVKQ": "yuan hingpit", "UCp4QRrUJcCZvgmHLvlpQMQw": "y/n", "UCVHIWbm8DtImOs0f_VpZP_A": "yon yong", "UCTMVrpfSm8sygo9oe7MLi3A": "yans a", "UCYscusSYJrCV7Zv7t8A58xg": "yujinn g", "UCv92OS1UIdML-OXxQg1wyVg": "yalai", "UC-6QTX5cMBEVzrFvAhMovYA": "your friendly Friend", "UCzdR9q-6hKRle3h82oHYUKA": "yvonne carter", "UCV6A-QoKRh2NWQ8jaS9Xktg": "you suck", "UCHRrW7vRLc-Ou8HUnyiBCpA": "ymax", "UC9XeWQcjBJdb_w9kglyOSxw": "you are dumb", "UCbrTM6DEYE4tBJFzKyBphzQ": "youngPrince", "UCIQ01Xgi5hWypqhGFLiZDbw": "yurei____", "UCmJGLXQLXITnRwQUcr5bZpw": "yes", "UCwUNCLohEWbhxc9hLFsDgJg": "yae", "UC47l-J9CANJ3SObqx4I3J6g": "yunidiar", "UCFWORet6cCRoVM17nzYqrDw": "yassine sino", "UCI1YJm2-ehHTB8ON4KYqT5g": "yousuf haidari", "UCOl2Ql30ZbbpfOKjNtaDagw": "yza ponferrada", "UCLYs1QlbwVI0RgrHsAfDcZw": "yass ssimp", "UCTk-wxf995ubRWUd7YEaPbQ": "yakim", "UCM_qyTp1UR3N4zgLgY-CZ4w": "yosvany yeager", "UCYEvm2SymFZuNG-8D-4iXcA": "yolo a", "UCuvrv_WPLIRT4zFt1aUD9FQ": "yash raman", "UCiI-sXce6MYfhltcV2wmPfg": "yua shinkawa \ud83d\ude01", "UC_I9Fa4rLZSh3t57x7bFw-Q": "yaileen loza", "UCkJeiDQxwaAB6uMD_y1kqSA": "you're gonna have a skeleton time", "UCI7tv0XLRYSojr6UPBgWEmA": "yiros", "UCIGiYPzQpw8lK6yI15wn3ZA": "yetzibel peers", "UCiWsToTBvxLXR3LeCThQmrg": "yanal hanieh", "UCbktGNXmJdZx2jNxJJIUcWg": "young medoria", "UCgCH56A4TXxf-4aaZ4sfCYg": "yeyzee", "UCVO9RBEgvo-Xr08YtYbQMnA": "yellow.", "UCmWEqcj7b47BYb8PiWc9c8w": "yvesus", "UCWQEbpRiBjVoOdGXEcpyt0A": "yash", "UCKPa7Bb_NQ_mLHatOLgFpSw": "yali stamker", "UCEdTXpH33mrtJLUv8OPu_EA": "youix", "UCZmms5C7wF28NAHlJxvAi6g": "okay", "UCCWPtVcGGgna90kJqOzpFjw": "o Trendy", "UCxxUJmz5IMEVN0hM8jZkQlg": "orange bouncy ball", "UCJGDaErTH53okpJtREcWNzQ": "oui", "UC9lQXTgVbaeLVLdkDjcRB4A": "opheebop", "UC3JfgbCWrZq_zb_Bb16JeFw": "obsidian fist", "UCdh5taqvUixNfai23J2baig": "oh my god", "UCXOlEntg0dY-VtEORubrkCQ": "ozqob", "UC7vYHKWrJbmO4vKbTKnyPRg": "ohmyvoid", "UCwpMWqc-IaGNK3zFrmyrarg": "olivia", "UCP4NPNqsXAV7UTviRSTU0Ow": "okayso ya", "UCZWogucrG9aLw-gKlQjsWaA": "oneWHOdied gaming", "UCB1DMe1CO6z4SAuLQyRzY1g": "otaku bastian", "UCR8o4e_6OHzR09c3aUUBrvQ": "oreo4cheez", "UCqbi2E9bGyFuLey-hW7A5qQ": "obito (the boy beyond the mask)", "UCP46mv70Lp944BsGny0spcA": "oobi", "UC7cxE5wXbeTYg02vMBBrg-Q": "ogi Vlogs", "UCUuNnI7HyGecr5nPygyr8wA": "off topic\ud83d\udda4", "UCM73iqYC_URa9RNhUUtOMzA": "ok ok", "UC30TmZhSCgJpc3H4DPYT-mw": "omar ruiz", "UCqxZuveUjFtVF406BbiJaKg": "orangeapples", "UCHJCh1VisxVALa6OpBeGHWQ": "omer A\u011fz\u0131kara", "UCiMEgGxK7eY891t9bJIGWfw": "orang hes", "UCj5h1SE9vtcguF9KkPkEW2w": "oded tegave", "UC3M2byCd0qNGQIZhFrz3XVA": "oc grown", "UC5K2bSrC1e7UefZAQBjLFNA": "obani", "UCmSlaGLkwUkKQRsG21MgUag": "ohpartyPartyYeah", "UCQsPkkK3h5vhNYIW8f-Yv2w": "oli egan", "UCS6LmKyRfJn2rW1Zog3P-lw": "oshoke joseph", "UC87bcekxJcKG2Y6iH6IKTSA": "oT man", "UCVgHup84E9RVYYiIMOZ6WyQ": "old lady bird", "UC5kDsL3jA_4Yvu_kxnjr2xw": "onyekachi ukah", "UCG3vpZ6-Em2yMWnPouAnkEg": "over_thinking_gabe", "UCT0xqnj0tkBKLFuF_QrPnaA": "oMarcus", "UCOLZWg964WACVGKO8Zbpv4g": "olivia", "UCFMnJ-4NOWt1XPaP7XM8T6w": "otso pieru pukki", "UCsO3hZVoNcwUEar-7uyopmQ": "oEXTERMINATUSo", "UC4Oa4ZSBe9nLIl7W4RV-VAw": "olivia F.", "UC9ABXQpPvMz-P4_t3JApaxA": "visnhu kick", "UCyrjM5fdzuDNpvjEPAxrMIQ": "vonna elle G", "UCIJnmfLW0tPCzQLnARiF9eQ": "v3xman", "UCF2ZU4BU3Ej-giDJVssjH_Q": "victoria garza", "UC17aaJVB-OhNXpJVK3pmaOw": "vixiedeer gacha", "UCHDZL16uLrzFLBGbYYoZ6hQ": "veronavile", "UC7pOV7KLM6R7go_Je_htl-w": "vcpatty", "UCZgCMO4608HEr5UZ3-l659w": "vwolf 5", "UCeLrl8nf11UtQmFLFgZdtgQ": "victoria calderon", "UCxndwZpgKf-933RQT2qf1vw": "vegeta gaming", "UC-DgAJwTd9laFBTni58AXVw": "vapormissile", "UCVnZwiKP556hjhXRZlkOT5g": "val", "UCoccLlqT1ZtBNlLxv1mNgvw": "vv pilot", "UC4ighZ_yrD-kgJEqo5wQzmA": "vicky wen", "UC2OjPCJU-1rD2ezmC1ZcQ1Q": "vybzz15", "UC2cJ34bqp9oKOOCm768S5kg": "venti i will rail you", "UCBwkBn7NoIuaG8ZDvj589-Q": "vage visionary", "UCxaKSafHqMstWPxj-37XhUg": "vic52", "UC79brxAeV9CUG9otb37hw6Q": "vibingg.withh. whitzz", "UCHTAS97rSZEGmG9dM78_h7w": "venkatavisala kola", "UCwKN2a8S9lNpy7DEsrg2_Dg": "vernald laguican", "UCidbcQEqZwN6lXVaSpPfA9w": "vanessa", "UCXDl3XQaJghtTvAFHQvYlYQ": "vu ly", "UCIgRtPLwzP8xsjyHb2TBdWA": "vSolace", "UCA9szFav4uFw0bSuqvaxJLQ": "variety games", "UCH0c8v9fk5nFDO5dDrhyY_Q": "victor Hindly", "UCzWUsxgC7j6XZ3qSmvulezg": "vashantir", "UC_2ooBMH28Gs3HXiukPsVyA": "vnessq", "UCtzigSftV04pAEwxOgkrLLg": "vrm studioZ", "UC_D8y0gDlyI_BQK7LVQ2npQ": "verydenise", "UC5Go_MhYx4bhXGcTNIF0rIA": "vargen1414", "UCLbq5DKKAlBAyekp0XpUiwg": "vrushali chothe", "UCbct70WWl7PdaExZafmzfxw": "vic.", "UCW7gOrZwR3lJwGHx72nAang": "v", "UCNHb4oD32ZJNrjvjsnyrCgw": "vietyy G", "UCag-4EeygwEY-UWNhN9fTYQ": "veta", "UC6-aYvuT5m53B4w69-s_vLA": "vignesh Vinod", "UCsfRn6uZkNLTRRBh9ONF92w": "vqtor", "UCLXoxgVfkwqqE4WL4QGL-Hg": "vanessa orji", "UCAWSaRb6uqldGwTwwBZiwLw": "ved and dhruv sarith", "UC3sLYdOGlOT-LbOlfC30KDw": "voldie cesar", "UCE_vrPVPjDv9RnSqC1aKiHQ": "victoria googin", "UCnc2JJ9Nx2_2UpT5dok-fGA": "vamshi krishna", "UCGjxAadhB4xwr05DG9ECeeg": "ugine crawford", "UCBhGi_mwIqpeRUYpHk5fwmA": "unstoppable jacob", "UCht57Mn0tf8M2uuz6RtOGYg": "urgstheword", "UCGl7UKOSo7fLOrY5uaVc0Iw": "unkn\u00f8wn user", "UCKRsGYlT9Yc5mEbIV5lyAiw": "unlawful angel", "UCW7EZUX94nCpS5XVahaIpbA": "unknow", "UCcNy6o2DaKVKaEaaM8D1gEg": "unicorn2005", "UCwj9_lMLQYOJJ4ydjf4vB7Q": "uniter sor 2 2", "UC7_xYd2uWCr_Fbt5hbW8dxg": "unfoldingspace8", "UCTnzxWWm2nP9SIMs5-9Etkg": "unknown person", "UCJLHo_gdYeMnPruUs5JCsgA": "uchechukwu raphael", "UCzHbnv6vpOTpS2eFMbd3lrg": "uwot mate", "UChYNacBstDghL8kL1URVHVQ": "usframe", "UCjGhuO2Umkq0PgIowigHT9A": "uru76PL", "UC126ykmMfwJxQI2ECD37yrw": "uzi namikaze", "UC6grpoeJ92iWRMOQUuA9ypw": "ukiyolevi", "UCv4jjuZQQzrQIAqvlt_vkfw": "ur local motherfvcker", "UCU32e_18BT3uNoVt9qRQVwA": "urmaker", "UCaqWw5EaCKv9kLckA8cBc2A": "ummm", "UCph8H-Qieddw2GvAo687m1A": "ucamba tv", "UCBIRgGrs-oxqRB_A2YBxGvg": "urie p.", "UCMluw8xt7qNwdTyQLRrkd0Q": "ulises rosas", "UCWqB8DYekeFfroHy7fD1MIw": "untung 1507", "UC3Eq6tmH1jcZo8er5C7a59A": "udubfatnuts", "UCYz-92sXGQAGGT7SEY2OVyw": "zoheb saikia", "UCCmIQuc87Z77dgYt0iiEeYw": "zahir saed", "UC_79PBtLh72Mw9CLH3CY83g": "zong yang", "UC5Mw7W5mk8RhXAOpXYD63VQ": "zewoootwo", "UCvZUl4far86kAa3c734HySQ": "zel", "UCOJjOK5mlEem7K8DwlQxpNw": "zen sa", "UCl91I_1tAVJmSR0bes-VXmw": "zuko538", "UCgOi3cFSqW9567wH4d3n5og": "zilleaxolotl", "UCbNlNg2TYdmzOARluOMLrYQ": "zIdeiah", "UC0At77ThIEu7FB7-dvZQB9g": "zez games", "UCB3PDiTwYeFDAWAvmYSRHag": "zR0_.", "UCXHxHopeFjdjLwMhmCh82tA": "zoom", "UCOF9FHdtZBAhQM4ag0JPZhw": "zzabellaa", "UC1W0mZLB5OSgFyOqdUMMm9Q": "zaloon", "UCzLNGn-_VF6yt_K5OkTLEwg": "zyaria nesbitt", "UCYlqSYIdK26dLT4LTq0gmag": "zMuted", "UCU2eluurDYCR6Bwg5ymcVkw": "zsanette sargalis", "UCW-FHPVoH972gfpdxCBRBJw": "zerOrez", "UCRWXonyjaTVQDulPOCiX-EQ": "zach dunlap", "UCyJ1gpC_SFnCGmkrT_upvJw": "zach nickel", "UC5Q4hvxv0o7OCJ1xTYD9NEw": "zorro456", "UCtivfnxzdXMW7SD3rEioUdg": "zombieKing 1465", "UCEjboYsFklrbWXjDs_wnl5Q": "zeph adriana\u2661", "UCO0-lll6woE42i0f8P_PkQw": "zahra moradzadeh", "UCkNCvG6D851CTao4crOz-Nw": "zuecaleo", "UCu8fOMwnx3YNGcxkvOvIegg": "zip zap", "UCywiBMeiIhVfmM75SGJpmEQ": "zandile mdala", "UCOgmyobXBLnjHVm150SeFXQ": "zenni", "UCV8m_qD0R_ArHuL2pm6s2qw": "qwer lol Max", "UCKG1biSBwGvizVerZ_MZe9Q": "qwerty", "UCsMSOy_xAmWZeTKp4P_U7RQ": "queeneve", "UCXIUc68bFtumLrhW1fdTcYw": "qorqZ", "UCuLcEeuluZ-7dOKs_5jdsyg": "queen murray", "UCfCgGoGqXtzL2dFyuphU1ag": "quadrplax"}