{"UC6cJVmQb4yugPT7SrfxgGVA": "\uff21\uff52\uff45\uff4b\uff55\uff53\uff55", "UCRGbILBw6Tj93lY0taIIPww": "\u1d1b\u1d00\u1d18 \u1d0d\u1d07 \u1d00\u0274\u1d05 s\u1d07\u1d07 Victoria", "UCUKObknrb_4KL3SWGFgDzZQ": "\u0159\u00e9b\u00e8l", "UCgtWJIHTK5spaJf9bQX8nCQ": "\u00cbTW\u4e48B\u00ca\u00c5ST", "UCUGtqqf6IxX_gD9vonA3Z3A": "\u00d6rlogskapten", "UCxVkvpTOtaHW8M7mUV2L8sw": "\ua7aehab pnf", "UCw3qIkK_muSafrWY9SIq3Jw": "\u00d6rs Hunor Detre", "UCYNb2Nm1UPnWH4tjVw3VrZQ": "\u0142\u00f8\u00e5d\u012b\u0144g. . . .", "UCOXcXnhBh6cMO3Zgofsxq6g": "\u00d1\u00e3\u00f1\u00ee Be\u00e1\u00dft", "UCDQSzsXbxVNderc7yTPMJdQ": "\u00c4nm\u00e4\u00e4\u00e4n", "UC5Z5nui2Sc02M4MJ0D_y0Bg": "\u0274\u1d0f\u0274\u1d0fs\u1d07\u0274\u1d18\u1d00\u026a", "UCFnGs4D6KA8H2m95OsZ30fA": "\u00d8G B\u00d6BB\u0178", "UCexrM0folHkMpmi3Iohm7XA": "\u0100m\u012b~Ch\u0101\u00f1", "UCKFDnFbHuf0HtdUwSBsnwfA": "\u0265s\u01ddl\u028c", "UC0Sk8hawti3p3V8kbgsGe8g": "\u0147ava K", "UCn40nP1Ikxq3IOw1QUSUnmg": "\u029a \ud835\udc82\ud835\udc94\ud835\udc89 \u025e", "UCBSjmpncNAlnYveN-9ZsWqQ": "\u014ckami", "UCfgar8dTEAzYajnDx4wIRlw": "\u00fcberguy", "UCuOO1NQ8slcX5W1kQ7XfXnQ": "\ua9c1\u4e02\u3129\u4e43\u3116\u5200\u5344\ua9c2 44", "UCxjlQtK6NyDyufyXpKSQUag": "~\u2022husky lover wolfie\u2022~", "UC64Ls2QK1RvnmxK_0V5KLqw": "\u170c\u1712\u1700\u1708\u1714\u1708\u1712\u1710\u1714", "UCwVjCSiYx2sjxb_8OUfoEgA": "\u2730 Emoriasfashionxo \u2730", "UCZcfBP61R4rHVDrItI5JiRA": "\ud83c\udf83VrexyyzDc2\ud83c\udf83", "UC0WGd-eDX_4V-tTRa8fMOlg": "[Mystery]", "UCDGKoMqoBEAToczPwcB-ldw": ".", "UCwFoDpjHwFqLDC0XffD9N_Q": "\u057c\u0585\u057c\u01ad\u0585\u057c \u0586\u01df\u028d\u026e\u0268\u029f \u028a\u0256\u028a\u0256", "UC84tqiXGlNqZn93WBxnxLJA": "\ud835\udc00$\ud835\udc21\ud835\udc2d\ud835\udfce\ud835\udc27 \u270c\ufe0e", "UCDxVrWjLcLkVt_vL8S9Gupw": "_nico", "UCdu-hsNQN8mBofdFuQKjBXw": "\u2667Jennie gacha\u2667", "UC3muRaM_9QHA8yRspiu5BRQ": "\u2022B U B B L E S\u2022", "UCjEvOmy1Kc3FSrvz8HrnJYA": "\u2730 \ud835\udc7f\ud835\udc8b\ud835\udc90\ud835\udc8f\ud835\udc94\ud835\udc8c\ud835\udc96\ud835\udc7f \u2730", "UCsWpnPw5U8YiDZaclo9nkFg": "\ua9c1\u2022Tori \u2022\ua9c2", "UCfkRApu5L-PDNpMQdRw9xZA": "\u25cfMeditelandia\u25cf", "UCwFlKttii0AGEglp1tvRFkw": "-Frosty Fire-", "UCfArCcPy_d7WneDg_bxjbDA": "\ua9c1SKATHRINS\ua9c2", "UCZLSm-KobDmysFlpR1CjTvg": "\u3042\u306a", "UCC7nIjUsQdmK7COqTWXQmSA": "-Aft\u00f8n-", "UCMwTL37ZI4YZX6y9dS09eGw": "\ua9c1\u30b7\ufe0eOfficially Rose \u30b7\ufe0e\ua9c2", "UC57du1dOtCPGoR6bqXsx5cA": "\ud83c\udf83Spirit\ud83c\udf83", "UCdCUSuivK0XGHXH-SXER4_Q": " Joe  Hauk", "UCV5f0kkFeV2QyWIaAPa9gTQ": "\ud83d\udc48 My ex husband", "UC1uuWEbNn6M4xxpRbSkE5GQ": "*insert something creative*", "UClhWQ1jvv0VF4bO2_CyPxZA": "\u2022LadyEclipse\u2022", "UCvcKnQ3LspCP8FIsRP0RlkQ": "\ua9c1Cansu\ua9c2", "UCkKVIPeF2YXDGSFXaIPeLZA": "[Soft Bread]", "UC8LNr1gxB_EgKcN89U34dHA": "\ud83c\udfa8Pastels\ud83c\udfa8", "UCr--48o2oZRaPsemfuaJPMA": "\ud83d\udcaeIDK\ud83d\udcae", "UCr9pt9zZxmop9SjeYQta6Dg": "\u2606 \ud835\ude00\ud835\ude01\ud835\uddfc\ud835\uddff\ud835\uddfa \u2605", "UCV3In5_XR0dcR1QAYnE0fPw": "\u2022SUNS3T\u2022", "UCp8rXJoKWzNW1oxudL41NnQ": "\ud83d\udc99BEAST for president \ud83d\udc9c", "UC0K_lVlKfQsCX2DJbCZz9tw": "\u2022`BearSugar`\u2022", "UCv3uJBGDl9JwqV_jfhB4K3w": "\u300c r i k u \u300d", "UCS6D_7qsnDoKdxCgvlvkDpQ": "\u2606Vanilla_Marshmallow\u2606", "UCKeEbo9Twat8g88Qv5NUCHg": "-~willow~-", "UCm_V-IMYLrxX1EePXDi_NKw": "\u2022Random Tea\u2022", "UCBeGoaJWpF3Vgw9MBxvFJpw": "\u2022 SIMPLY LUCKILY \u2022", "UCdqkeC9tsR31HDHqeMi5a4A": "~its the average snowy~", "UC_ETUB7rQ42oia978t_wxBA": "\u2730 AngelxAddison \u2730", "UCIVr72xQqZQmz6XBMVY0nAA": "\u2661katakatokiari", "UChUYt9gyoBcp_ZJ_VTf9F4A": "\ud83c\udf83TMAMCArchivesProductions\ud83c\udf83", "UCFQ8rDG4oAjWT9ffKJhXEcA": "\u2022SPACE\u2022X\u2022", "UC4GgWHzou2iCW92UNjcAysQ": "\u2022dr@ngon_girl\u2022", "UCXgrcPsL1YIs-2nLSS4x3Iw": "_Neon - Xeon_", "UC8NjmjBkkrUevasOZ9L3-Rw": "\u2022 Mocha Frappuccino \u2022", "UCLELhI1hUl-L0Rrko_aI3fA": "\u2620\ufe0e\ufe0eMr. ScarePro\u2620\ufe0e\ufe0e", "UC2P_lJMwMlJuOPl_u8e3wdA": "\u00a7\u00a5\u201e\\\u2014\u20ac\u20bd\u00a5\u00a2\u00a3\u20a9", "UCIHuJ50CygPnOLj48s3v1EQ": "\u2764\ufe0e\u0432\u044f\u03b9\u0442\u0442\u03b1\u03b7\u0443 \u03c9\u03b9\u0455\u2113\u03c3\u03b7\u2764\ufe0e", "UCH20Kjex7ipWcRbm81wdoug": "{K5t3lyn 5nd th3 g5ng}", "UCJc4OGhn4YBg_TZtAULhA0A": "\ud835\ude0f\ud835\ude22\ud835\ude3b\ud835\ude3b\ud835\ude22", "UC8F3tQq4fFpqUSsOzN1PwFQ": "_Sahara", "UCfgQW2oag_r217XVEnK6Q1g": "\ua9c1Mrs Shy\ua9c2", "UCOEOSwa9UGKu_epAOM_lM0A": "\u273fCallMehSpooky\u273f", "UC1cb1l-PVsMUJB2FGLBphiA": "\u2664\u2022NOODLES\u2022\u2664", "UC-deEyF063h9ktl-CArJrXg": "#Elrayo_YT_Z", "UCCTiOVQk8Ritv2BUuWL03AA": "\ud83e\uddc1Adrixnette\ud83e\uddc1", "UCLx847CpW_IWzP4x2Kdrx0g": "#Best Dad Of The Year", "UCttQ6kU9YlbT6t9Rw4CZ0xw": "\u2022SugarRush\u2022", "UC2ghNsKZrYhGJKWnfsM-5qw": "\u2022\u2664\ud835\udce7\ud835\udcd1\ud835\udcee\ud835\udcf5\ud835\udcf5\ud835\udcee\ud835\udce7\u2664\u2022", "UCP68PfESi6nixwgDyitPy4A": "- insert cool name -", "UCZV5Wfw4NDTetBnNHQi0AYw": "\u2022\ud835\ude7c\ud835\ude92\ud835\ude97\ud835\ude9d\ud835\udea2 \ud835\ude71o\u0338\ud835\ude8b\ud835\ude8a\u2022", "UCO8bIhfevGbU_Q80stiKaVQ": "{invalid}yt", "UCMQrGh-NYX17HW18wGASWEg": "\ud83c\udf83 Doggy the Axe wielding dog \ud83c\udf83", "UCgrZYrbG8EpHSbaPw1UDm7g": "**ClOuDyMeLoDy_Chan**", "UCe1yhRMSXOG2gBpb9APa05w": "\u00a9\u00aey \ud80c\udd8c", "UC4lzsgfs6aPrfSHOLNtv6Vw": "_IsaacSsbu", "UCjgAZUU7IS7AlSmd_NV1ENA": "\u2113\u03b9\u2113 \u01a8\u043d\u03b1\u2202\u03c3\u03c9", "UCClsQ68NDy-ValsbilCbaKw": "\u2605\u13b6\u13a5\u13be\u13a5\u13aa\u2605", "UCcOfij_SrX73HoisJB_u--Q": "\u2022Noelle Simon\u2022", "UC4XFAmV3A2SU1y6VfyaS0xw": "-A y z a-", "UCi9VQMQPaP0w-TyhdvZgz8A": "?Ellie?", "UCZGGxEBm96TSBcY2oWxvdCg": "\u2022 Neko-Chan \u2022", "UCkmi6rAZ_wV_2j7v9I6cL7w": "\ud83d\udc9cwini\ud83d\udc9c", "UCk5HeYSC-WX1zvDMB8bXK0A": "\u2728Kiaira\u2728", "UC5nnET3ogRrjslY_6PUyVXA": "\ud835\udc46\ud835\udc5b\ud835\udc5c\ud835\udc64\ud835\udc64\ud835\udc66 \u30b7", "UCloJ-ymGfT23p4rDzRW5j2A": "\u2022 ampuzzler \u2022", "UC0D2PQGwElZLiAEuLBd20zw": "\ud83c\udf83 Spooky_Xander\ud83c\udf83#Roadto 100 subs", "UCTJ5VuuCBDSNhmvwKGZT_9g": "\u00b7Writing Jessie\u00b7", "UCoMHi0S5PUdCJE9Z4lv1StA": "\u2022\u15f0O\u0308K\u15e9\u0308 T\u157c\u15f4\u0308 \u1587\u15e9\u0308I\u0304", "UCsimM7Pum06tX5Qk_q8vW9g": "\u25cfaestheticxbee\u25cf", "UCfJ8U6VkCawe3hqSx6GAxOA": "??? name", "UCxIgpPqF6UydwYYd1qdcWYw": "\ud835\ude56\ud835\ude68\ud835\ude5d\ud835\ude5a\ud835\ude65\ud835\ude61\ud835\ude56\ud835\ude6e\ud835\ude6f", "UCkSRh1KqeqYgfhf4c0QysTg": "-Edsense- rivera", "UCi36zaWN7HpkWGzs44cc5yw": "[Content Deleted]", "UCQmgQmkup-2td3M_bSkOZYA": "\ud83d\udc51CARE-NOTH-LIFESTYLE\ud83c\udf0e", "UCCCeJnS_gbkv6gMWXNTeyGg": "\u2661\ufe0eT\u1d07\u0274\u1d0b\u1d0fT\u1d07\u0274\u1d0b\u1d0f\u2661\ufe0e", "UClsJ4cmwSsIG0Sg3K3dm1bQ": "-RAPTOR:0-", "UCxnpyxQr5FT0s54CuC8ol4A": "\u2022Chill\u011eirlVibes\u2022", "UCoHk_2avX8JDs4QLXAndPxw": "-\u2022Yui Chan\u2022-", "UCuBi9J8CH-3x5oK21iWOHfw": "\ud835\ude3f!\ud835\ude58\ud835\ude60 Riding \u01e4\u0197\u044f\u2113 Abigail", "UCA9atCTyw4vT3f4DhKKqHGQ": "~\u00b0GachaYashiChan\u00b0~", "UCH29PIWghK_XAWXeLvjyY6Q": " ( sxnny clover ) :)", "UCaAmHCHLuNfCi4F3vDGy4PQ": "-Shadows_Wolf-", "UCTztAb3EXFHTd6FRZpQM1PQ": "\u26a0Horror Animations\u26a0", "UCyxsw9BjgvsKcLpoAyUKZXA": "-EJ- Strategist", "UC7lRE-jggb3iuOiW4VcQ7HQ": "\ud835\udc40\ud835\udcb6\ud835\udcce", "UCSB0aJbo5PvsWzVWSTSwmyw": "\u2022no name\u2022", "UC8DZfNXJAQjSqZ1LmbmfF-Q": ":", "UCEZIBHYYIz59wkQLufkQfHg": "#Beat up", "UCHVZZshFSBprEl01TxMEe9w": "- PERP -", "UCtiv72CpRgMTBi7CDA0rFfw": "\u2727.*\ud835\ude75\u00f8\ud835\udea1\ud835\udea2\u270e", "UCy9l06swfNwN6dJWy0GvaaQ": "\u2606Gacha_Song_Maker\u2606", "UCuSFd8H23_qvRfNpiNQEUrA": "\ud83e\udd8b\u1d04\u0280\u012a\u0274\u0262\u0112\u029f\u014c\u0280\u1d05\u2728", "UCWV2N-dpAfcsYj84IU3pXEg": "-Attack of the youtube copyright bots-", "UCF7G5_cqhaBI7Zy-HawS0OQ": "\u300aPineapple boba Pops\u300b", "UCpYChsYbu8wh5lACQ1ZB_KQ": "\ud83c\udf38Fluffy\u2022\u00dfunny\ud83c\udf38", "UCGdE8hikljPDQ41XoKi7aeA": "(\uff61\u014f\ufe4f\u014f)", "UCq0WeN-5F-G0t4wrV9ZHgKQ": "\u2728Its_Leo\u2728", "UCr0ecEfzfPCT0QRDDARehVA": "[Charlie]", "UCAdB9ZYfJharm4-5usep4Lg": "???", "UCwLNKr6MDbPs6z26i-97-5Q": "~Emily~", "UC4CyQnkgx4OOd9j06oCPJ_Q": "\u3002.:*IDA*:. \u3002", "UChMdHa6ovrOzjRSa1OKdIJQ": "\ud83c\udf83crackinuevopro\ud83c\udf83", "UCSVH0fECLcuzKkb_gV9R3LQ": "\u2022Lila Luv\u2022", "UC69d4aiXrjyOURSI7nEkdeg": "\u2615\ufe0e\u210e\ud835\udc4e\ud835\udc5f\ud835\udc5f\ud835\udc56\ud835\udc52\ud835\udc61\u1bfe", "UCOMI4h_25K6vNmFkOOZO88Q": "\u300c A\u1d05\u1d05\u026a\u1d04\u1d1b\u1d07D \u300d", "UCr-h-F5bsyFoeS1g_VOI3Jw": "{}\u011e\u0103\u010dh\u0103_C0F8\u011a{}", "UCBvCm0ABES0JwNfIe8aSvtA": "_:nugget:_", "UC5iCOqVFFx1TlRP-IM8Nj8w": "\ud83d\udd25EmberKnight\ud83d\udd25", "UCxRPFt4TeEHl7WurXrv2rKw": "\u05d0\u05d9\u05ea\u05df \u05e9\u05e0\u05d9", "UCW_-_oI_j5Q_ZAA916Hlv2g": "\u00ba-\u00ba", "UCPPt09XqbbT43CRqK317wXw": "\ua9c1\u2102\ud835\udd59\u0113\ud835\udd63\ud835\udd63\ud835\udd6a_\ud835\udd4e\u00f8\ud835\udd5d\ud835\udd57\ua9c2", "UCa5fYQ88u33hh5z430NUfZg": "{\u00b0\u2022baby yoda_ WGF\u2022\u00b0}", "UCBNBqbsfstN3HflyPE3Kmzg": ")JaGram(", "UCe7rsp6IsaiTZokpIscsmew": "\ud83d\udc4c\ud83c\udffd\ud83d\udc4cokokay\ud83d\udc4c\ud83c\udfff\ud83d\udc4c\ud83c\udffb", "UCOhqmgt6KF4P58SMX3-blTg": "\u00ab\u30fb\u3012\u300e \u305b\u3042RBLX\u300f\u3012\u30fb\u00bb", "UCRSIN4K49Tstg7-lPJBqcEg": "\ud835\ude8f\ud835\ude95\ud835\ude98\ud835\udea0\ud835\udea3\ud835\ude8e\ud835\ude9b\ud835\ude92\ud835\ude8a", "UCEfmYNuuwONE0AlcVTn7Jzg": "_jloveeee", "UCF9OX9qCD0c1aAhlheCNnLw": "\u2022^Pastel 1509^\u2022", "UCJAaUPXmaXPLK6icQE2b69Q": "___", "UC96um4QzHlPHR3TvHPGt41w": "\u25c7\u300a\ud835\udd78\ud835\udd97  Hatchetman42\u300b\u25c7", "UCRdMYxtxwj8ueEiLt2D5PDA": "[\u2022\u2022\ud835\udc6a\ud835\udc90\ud835\udc8e\ud835\udc8a\ud835\udc86\u2022\u2022]", "UCAPV-k9hEOm4vBl3Imucr_A": "\u2661Hin\u0101t\u0101 Sh\u00f8y\u00f8\u2661", "UCDDyZF510BzgiwN5BFshkrg": "** Namunii**", "UCvxIcdHDJkNz4Ml32kUPs9g": "\ud83c\udf08MoriahElizabethFans\ud83c\udf08", "UCoSDwVP2e9HMtFhKpFgm2pg": "\u2022 O\u00a1ko \u2022", "UCdIyDzyWdYa4L3nuF69ew8A": "[RIFLEKID-mod] cash2226", "UChbZ5h4Qj6vDtpY4X2OiB2w": "\u2022R U N A - E D I T\u2022", "UC9E87qXC7OxIm0DCQRu7o-g": "\ud83d\udca6\u0412 \u0411\u0420\u0410\u0423\u0417\u0415\u0420\u0415 QADG.RU\ud83d\udd25", "UC4wIknOenbUcO7_shrXnqxw": "\u3042\u300c\u3075\u3075\u304b", "UCYfBoxjh0sG6Hbp_w-rz5Xw": " Chase Allen", "UCfauNcvXbsrGDbgc1LgIQIA": "??????", "UC6cFzmFrHazIvaKHbs6RtBQ": "*Rainbow098*", "UCXrdO5BHoLdZ5_EuWzT4_0A": "\u2601\ufe0eAllies\u2601\ufe0e", "UCMfUmoU8Ftwd8th9Kun-apg": "-\u2022Quackity simp\u2022-", "UCYW2aq1xXwDCd5wi66kkFoA": "\ud83d\udd2b\ud83d\udc36EEE", "UCR_vFZFZ9F7Q199c82lhbJA": "\u200c", "UCC-JnjkoH3y33vsRrgEfo8Q": "\u2728Tubbos Ghost \u2728", "UCBLdFB_lypTZAC43pmXsBow": "~Musically.Priyanshi~", "UCVKCigO_7KkrCOnkRiM2FYA": "\u20a9\u012b\u1e3b\u1e3b\u012b\u0101mp\u1e3b\u0101\u00ff\u017a\ud83c\udf83", "UCsGks1TJwi6wue-iAkt9w2Q": "[LILA] gO tO mY CHANNEL L!VE NoW \ud83c\udf51\ud83d\udca8", "UCsdv3P4Ax6WgwrJv1SuEopA": "::::::::::::::::::::::::", "UC-QF4OJU_20YoiPhp0gVEbw": "\ud83d\udc0e horse Girl\u2764\ufe0f", "UC6m6O4UXbnZzIPewxJnngnQ": "-", "UCriB2UQgry6--Q_Ji5I-DRA": "\u00b0rainbow soup\u00b0", "UCSK3abB5Ove6InJu-OUDLhQ": "\ud808\udeb9\ufe0eMushroom\u2022boy\ud808\udeb9\ufe0e", "UC5OBa-F0-dCS-pYqVWZ9Vlw": "_River", "UC35ad8beD5I6Xe329dRjuLg": "\ud83d\udc96Crafty blink\ud83d\udc96", "UCrhv8u3rYMM7NGixle-pACA": "\u221aLena\u221a", "UCdasKAdHckmZmDxekIf-gmg": "_une_patate_diabolique_ n", "UCDZ1nwhXxELmskBzYHGpt7Q": "\ud83d\udc27\ud835\ude79 \ud835\ude74 \ud835\ude7d \ud835\ude7d A\u30c4\u2728", "UCdipZzYL96uLQbO2en2h4iA": "{ALH}", "UCfqjJHcGqYkxVrOY16ERZLA": "\u2022\u00b0\u2022FatherOfA_Rat\u2022\u00b0\u2022", "UClj7dKK0SrY_89O1An7oaIw": "\u2661ei aizawa\u2661", "UCshDv0kSEPnMAUCLWgzVlLQ": "\u3010\u5869\u304b\u3099\u3044\u3044\u3011", "UCQoM-SteB7Emv0yP0Bi1N1A": "{Sara _galaxy267}", "UC2jRRjaVGmxgSreJGSyInrA": "\u2022 \u2206nastasia \u2022", "UCymn0qZYcmDTw4q9S1UP3CQ": "- [L A Y L A]- Go To My ChanneI! L!VE NOW", "UC5DpzkoHsfNs8IhbwqGRyMA": "\u179f\u17c1\u178a \u1791\u17c0\u178f\u17a0\u17be\u1799", "UC23adV-XfCy35axMiW3A9Xg": "\u05e1\u05ea\u05d9\u05d5 \u05d1\u05d5\u05e7\u05e8\u05d4", "UCL1HtUhdszr9HMiFFdIxY7Q": "[..Miles..]", "UCLwa0NmLIMda2nXE2Vf6kfA": "-Smg7 the inkling-", "UCeCSbP9gvabC5AGtuMJ17cg": "\ud83e\uddf8Motivational Studies+", "UCIXSQizqrGHFjs3mOzpwxKg": "`\u300eJo\u300f`", "UCb8fQZVW7YEKE_-LluAOZUg": "\u2022Roo The Cat Shorts\u2022", "UCW3PnZfzccZYrVDS7tm8RDA": "\u300c\u300d\u305f\u3093\u3058\u308d\u3046\u300c\u300d", "UC0CivuEIewHDT1kfTnHro8Q": "\u2022xXBlossomXx\u2022", "UCB8ikl3JCteGjtc3TjqSdzA": "\u2014 S a k u r a \u3042", "UCVKp6BAAWZ4ll1k96SOkVRg": "\u300a\u2606your local Muslim enderman\u2606\u300b", "UC85_5TJ7cKXjoE1aybg2cKA": "_.J\u00e5nu\u00e5ry._", "UCXK9X5U8YG_1BWT2j5IXVRw": "- belikebts", "UCo8JvX_KzeWEpm1NdgKbKEw": "\ud83c\udf83Maziyah_jamal\ud83c\udf83", "UCe1Tg78ctxCsIahPuD4KC1g": "\u300a\u25cb\u2022eren yaeger\u2022\u25cb\u300b", "UCJBQNTJOs_pYLEikIkYgriQ": "\u2661 tamistoucansquadxo \u2661", "UC6JoW5Z-ZFzrJdIQ3jPGQxg": "~Itz_Jack~", "UC2khHmfMI17YpLxMFU1Yc8w": "*Herbert #stanevil", "UChLBZ_fxegKk-GvXG7z3IQA": "\u0542\u0578\u0582\u056f\u0561\u057d", "UCHWBT85X3-Ovu0mbz6Sh8TA": "\u2661Unicorn Pop\u2661", "UClnrorq9xMVY-r9qJd6tblQ": "- emptyer -", "UClBlSjzLsN--3oaTFlY2uRQ": "\u300c\ua565 \u0299x\u0274\u0274\u028f \ua565\u300d", "UCshu_W5WfX_MJDFhVY8B7iw": "_ Beferrr", "UCRmuvHiWRXD9kk-v8L-Hv6Q": "\u2744Ice Prince\u2744", "UC0LhwjVwpwNXFTHZ_1Sprvw": "\ud83d\udc80 T\u00d3XICO \ud83d\udc80", "UCA703NODX45vu1co9eTwTKw": "\u0e23\u0e38\u0e2a \u0e04\u0e38\u0e07", "UCnhtbtoCRejUjE7YBAULvTw": "\ud835\udd4b\ud835\udd59\ud835\udd52\ud835\udd65\ud835\udd60\ud835\udd5f\ud835\udd56\ud835\udd5c\ud835\udd5a\ud835\udd55", "UCJHfZqzluri3TpNkM8IByEw": "_ \u110b\u110b", "UCi99p2AICHmzeRJBaWvwMpw": "\u2728BobaLeeYT2009\u2728", "UCYB2k3rACYjBkXQFFmYHhnA": "\u300e - .. Ind1dqo and xai .. - \u300f", "UC13AbBZm4C34X_UXJ_iKqTA": "{Lucky_ Aki}", "UCPkJIDFDsf9NMMVCNB3Wshg": "\u0f04\ud835\udc34\ud835\udc65\ud835\udc5c\ud835\udc59\ud835\udc5c\ud835\udc61\ud835\udc59\u0f04", "UCDFiNfKtw4P8ysU9Spwxp1A": "\u306d\u305a\u3053", "UCNGtkQjneGThT-zSqxHDPng": "\u2022rylie garcia\u2022", "UC9kLdAbHm_OYMV1KJJnTw3A": "- E l y s i a n", "UCsZ_wY-cw7EmlPjbrGcO-kw": "\u092a\u094d\u0930\u0923\u092f \u0915\u0941\u092e\u093e\u0930 | Pranay K", "UCAn4Z-sjjbSU8lMOTrlOrjg": "\u29bb EmiSpookyMC \u29bb", "UC95z_Jvgh81mR7Q6ROuNMMw": "-GaRo-", "UCaygj63IJtve-GU0TNqb_JQ": "\u2020Marauder", "UC4iiP8ui0he2eB3U_wU0zKg": "\u0c0c canxxdley \u0c0c", "UC_mhwpdz0W5s1OCOsRICgQg": "? videos", "UCLkb9tzw-7QduxzkPlxAnXg": "[MX] CmeloC", "UCbxTl6L-7h_JlbAGsqq9g9Q": "\u306a\u304d\u3080\u3057", "UC8mm7npy8d8zuckiRH-J1GQ": "\u263eweather falls gacha\u263e", "UC1yVMJ-ab6F5abVtoBGZsqw": "\u00a4foxes\u00a4", "UCEFMXsiZ3NziZ5VgtdZgWPA": "\u1da0\u1d58\u1d9c-\u1d4f \u1d50\u1d49 c\u043d\u0451c\u043a \u028d\u028f \u03c1\u044f\u03c3f\u03b9\u2113", "UC9tqDqcL_OiUu6vI0ahfaiw": "\u2022 Little angel \u2022", "UCxAjG0s1Tii1hy6QobhBvwQ": "\u300euni the first\u300f", "UCHqGVdd6h8X2bcdrLerkWFg": "#061#GalaxyBG", "UC3L5r2YuiBJabmK7IkMDz6w": "\u2022Water Waves\u2022", "UC0bhAz0mJykSaWR6d2y8kww": "\u263b\ud835\uddd8\ud835\uddfa\ud835\uddfa\ud835\uddee 123 \u263b", "UCCii3QpuA6jCt60Lr4YMJ6A": "\u25fb\ufe0fWhite Concrete-55\u25fb\ufe0f", "UCBtHbnn1MxlIjP6BLefI5vg": "\u2022Christmas\u2022", "UCumYPzQbWIIirFTQpRKH9EQ": "{HP shorts}", "UCfMpsyaRgR0Id24tnbebuTg": ": D", "UCuDqeEVxIkH4ZVKB9Lwfobg": "\u25c0 hola soy ron uwu \u25b6", "UCfyXtY1lprzutZPqhcs8WgA": "[ReeveShark]", "UC69_y2vOhIjGGzO5GeiI_WA": "[]AnimeLover_101[]", "UCvrLrfv5QOVbocZFxEIsWXg": "\u05d3\u05df \u05e9\u05e8\u05de\u05df", "UCA4Rcwofe6pfHfMW6O9Jo8g": "\u2018..,,!!!?\u20ac\u00a3\u00a5____", "UCoKBJaSKuu7g7W8t6dU0V4w": "\ud83d\udc9cSiren\u2728", "UCE2auRduPKHK3hae8v3WEFw": "\ud83e\udd65coconut\ud83e\udd65", "UC8XQuI3XjRDSbGwRBARzEGQ": "\u2022The Dreams Mask\u2022", "UChNoEFgaHmoM0b8o_5o25Ew": "(Not)BaconHair", "UCOZHTnGXJNE1RRNTHT3flvA": "\ud83e\udd8b - Frogie -\ud83e\udd8b", "UCdEGvZvHJdc6HTocl_0WRFQ": "\u14aa\u144c\u144e\u15f4TT\u15f4", "UCdO2tM7N5daWO8DzUJacs3g": "{SlavicGoth}", "UCaeuZaRzzlonSEjpRMNRf6w": "\u2022 M\u00e2ng\u00f8 \u2022", "UCdBZAuZg-fMAtywJIU2sRcw": "\u2661\ufe0e Leila Antoniadis \u2661\ufe0e", "UCJoVbE_s2s9Qf8x9bW3ClUA": "\ud83c\udf83rainbow_ball_halloween\ud83d\udc31", "UC9t052NKAsvY_4udyq9Deig": "-1Ns3RT C01N-", "UCUOOGAK5o9BP1nfd4hYhsnA": "\ud83d\udc9c Sparkle galaxia catz\ud83d\udc99", "UCj0ovzXdSPEZ4bmuKawAEQA": "[\uc559\ub514\uc774\uc988\ub9d8]ANGDI TV", "UC3gC9f8M_a8KQ3ubVtKMbqA": "\ud83d\udc99blueboy gaming", "UCCON03n0Rqr-YMD2Tch_PNw": "+HoneyBee+", "UCvvitMIAjb4mj98-LhU8IOw": "/:", "UCnX4DWj3ZCYNQspZfal6nwQ": "\u2022chom\u2605chom\u2022", "UCKL98_896pDkr1OpHVEyR-g": "*-SKYS_GACHA-*", "UCeFW34A5vJkJbWZOUPBOKyA": "_____wrwlg", "UCBH86lUQGdnZTpq4AQ6rlsA": "\u2661sophia and johan\u2661", "UCRNIkIkKeHgkzve3aOkX0ww": "-Niamu-Chan Kasshoku-", "UCs0ULPxs6c-Mejyj7BviKhQ": "\u2764\ufe0fP\u0338a\u0338r\u0338i\u0338s\u0338\u2764\ufe0f", "UCxH-601QR17ihlenj-R2k_A": "- dwaring285 -", "UCxcyE9SahWiFSs21ta89uYA": "\u2661\u2022Alicelokeroblox\u2022\u2661", "UCyruRlG6UFguW94RVgDOZ6A": "///21c.F\u00c9NIDECHT///", "UCoyMtTMitWy7hMkgdbhZFPg": "\u2661ThatOneLesbiean1.0\u2661", "UCQ6D-YeAmQaWLdsaUDPxYZg": "&&&&&", "UCsbKpa_-pJxIMOZQrnU1KcQ": "\ud835\udd6f\ud835\udd8a\ud835\udd8a\ud835\udd95 \ud835\udd7e\ud835\udd8e\ud835\udd9d", "UCjalrG9Lo-DIyX0BxjQK_7w": "\ud835\udd83\ud835\udd6d\ud835\udd6d\ud835\udd87\ud835\udd94\ud835\udd87\ud835\udd86.", "UCiGR5anhChiDpZUhFqO4h1Q": "\ud83c\udf3a--Cherry--Bomb--\ud83c\udf3a"}