{"UCkYDkjhqxKU6QqLc1YghlXg": "Eating left Not right", "UCuOxsGQgjvQOSUNhA7sPTqQ": "Ellie-Hope Suzanne", "UC7e2gANEH-i4eianuuIM-aA": "Ella Victoria", "UC2uQ9t1OotNtWwJNfSvIJ5w": "Eric Saunders", "UC0M3axGwnKNF_bsZLZ4Eirg": "Eli", "UC6ekzsK7KxhmCImKQx_rLmA": "Expl0shi", "UCdGDrmyF9R0tBkQzQVdP3Hw": "Erik Applegate", "UC_YSDZPnh3_Gcv8qCSWiC7A": "Eric Hill", "UCwFKq2RsHOyPIn5aB7r5vmA": "EngIoPDF", "UC34eei0vFkUa_NpPT7CXtbQ": "Ez Pz", "UCMwm2CRuITwYXZEv3ZdSZ6A": "Evelyn Everly", "UC5T5Avl5ymsQncatXYrn9lw": "Eli Westmoreland", "UCl_pJNevo3GpE9MgAoR0CpA": "EAGLESKiNG1", "UCuGZ1RI3_QiZHSLzKk2gsfA": "ENJAY", "UCFY-t4i_8o-_nCyDWTiI9Aw": "Eli Marshall", "UClEPpXPYKuGJLYrxlPIoy0Q": "Eric Joseph", "UCDfOGBqLqGznznRJIqZi24g": "Encrypted", "UCTv7PjdJ7MFUVHoaFCFJjwA": "Eleanor", "UCVYIoKjFwMO3G0xAy0WconQ": "EL SARVON FF", "UCyNABA3xoVQkTgC_q0mQFug": "E B", "UCa1ofhQc5PCtdPnY7qc1PtA": "Erica Play\u2019s", "UCoeTQADsY68myyqseorPGCg": "Emery Holmes", "UC-P7foYN07hCOmjdF3U8PdQ": "E H", "UC5wC6KH9Qf5dj9rQtslUqAQ": "Emily", "UCQPFUL97ce1CH8Lq0KCNfdg": "Electric Rodent", "UC3-g3DsCjZdROgviOK5mMcA": "E4mafia for life", "UC13vGYT-fitkfPSPEhiAcAw": "East DallasKick\u2019s", "UC3jRzXMRXn-63bng4W6Rf7Q": "Elam Hall", "UC678sTzBKwht59VI26XXBXA": "Esperanza Valdez", "UC13hTcMhbloP8jhTiGQ76GQ": "Evo Tupaz", "UCX5xyn6PjKJPizCtHX8CA4w": "Ezra L", "UCTMSaeZCyS7qaZBzlLodW2Q": "Emma Dennis", "UCVKw9a6_iHbgMzYWB_e-Z1A": "Edward M.", "UCICKX7gfAt-C3HkfCjk2NZw": "EXT0", "UCJ1ILIJyLgbpbDX9iUJ_SQA": "Erin", "UCbFxJyH0iy1ADd3bJXZxLdg": "Emma Ruth", "UCzaGc_azPwx5MJEBKZk4n-w": "Evelyn Song", "UCiGMzcRfwuoP1qkS5k7h16Q": "Erin", "UC33pZoGRj3omW4eH7LQAvmg": "Eliminoh_p", "UCSWmaRyqOBForHtb5xYI1tQ": "Elizabeth Castaneda", "UCEEcE3cOZfbHP4tLzmuIo9w": "Enzo Claudino", "UCPdLBYPszZkXLd2Beq-ylNQ": "Elyaz Azman", "UCnUSSyYSspktfmthgC3VCGQ": "Evan Lightner", "UCtQtGKRGknEfcAlgdsZ8vDw": "Eddie Perez", "UC9ex3fvjeO_QYeruYdDfuZA": "Emily Goff", "UCir75k8_zsx_3uopg1FkPhA": "El Hey Danny", "UC9XgL_19bJTYVeIlfOrsUSA": "Ezmerelda Gerard", "UCCkALienOoFW1ehX6nB3evA": "Emma Olivia", "UCWZVm0clw9OnFAAex6dadXA": "Elias Morrison ", "UChyfWDul4G2Cb4kk_QLRapA": "Edlir", "UCCoib89S-ao3dDStuOwi4UA": "Eduardo LS", "UCXFu4z2ORe4JdUADpUnnXww": "Ethan Donald '20", "UCBWk2acDW3zJlqV0kDqQdTQ": "Ella Hannah", "UCsg6jYrq1khb8BDXqz3vtJA": "Edgar Fernandez", "UCW2LVPSA7F1hBbQKb3FuqJw": "Emily Young", "UCigYq0DoijK0AA-_bFSSgaA": "Elementriel", "UCzYKkoDPi123pud9cD52kVQ": "Epic Boomer Moments", "UCeEh2kFfzRsVRPQ0VZAhPvA": "Edwin Enock", "UC-zcbOywCJ70dNy4pq_IwzQ": "Erinch", "UC6pQ0snNDVejeQTmqupzcZg": "Ethan Evans", "UC76zDpmNXEtcnLzWAg5FQtw": "Ernie Beltran", "UCsX91ro1OKPY8ZLXDo8zdmQ": "El-Ahrairah543", "UCeHLLJlUU2E8w105f1uXBtQ": "EXCELSA PELUCHE SIRVIENTA ARGENTINA LIMPIA INODOROS", "UCU9B0cDfD5y4cBMaCXMJNRg": "Eric Kamber", "UCCfDWIBlgKXhHBGuMkgj2IA": "Everly Victoria", "UC6TKHgrr_Bjgtv89MY13_gA": "EcoPlayz", "UCkchtxQcF09eraZehaafKHA": "Eula_Gaming", "UCBfS2RZSThQDOykxXvicRPA": "Erick Rocha", "UCVLUOBVuEcDq_h_7LXtZn8g": "Echo Barden", "UC-_2_yoqeqWC33R7-gachWg": "Edgar", "UCmW8znCwR4XAUopWrmkMPPA": "Emutheduck \u0295\u3063\u2022\u1d25\u2022\u0294\u3063", "UC_5oZZcdblzp90AuuHK2VBw": "Ellie-May Simpson", "UCp9SKx9sXUs5rLO8shAudqw": "Erectile Dysfunction Is A Disease", "UCahICZd-xkD03kxZWRWfVJA": "Eternumblaze", "UC5LcFUEuIhL8wrQrX6jBaqA": "Elizabeth Timothy", "UCwAuBdvnYq0rmw-PTZXu16g": "Entity of Justice", "UC4BFyat-y1sS5wGeMshXorQ": "Elmer Hanohan", "UCpKERg0zd3YsMEe9AARAG3g": "Ebby Jones", "UCMaVp8w25DnNcg7X6STBDZA": "ExKHAN", "UC6WQM2dhaHwp1Gkc5RKTKIQ": "Eliza Alvarez", "UCrYi6w37hqB2jJmUC9fV65g": "Esther Rollock", "UC3FkjwfcT6sF-8FB4XfiG2Q": "Elusive Vaporz", "UCSdvQBQ0ZGhNWXHxT4NC-Jg": "EggForsaken", "UCGNlYOVRSHbQUT_rrRamcNw": "Everett 989", "UCqHWwEz-P0ORWtRO5GqA9ZQ": "EnderWolf Gaming", "UCh0jeE6DjiRt_nblJSqge-w": "Evan W", "UCahAVkEVmKi0o-K58YYKDmw": "Emilie Ganzhorn", "UCm4TsSXt2UKLf63M3DL_A-A": "EP", "UCY9TaokVZFdsWptUaX-bvHw": "EmperorPenguin", "UCAdaB4dPuu56cMLwSuPQ48w": "Evan Lockett", "UC_ok7OoeksiKpttFkZAyjlw": "Efrie van der Sanden", "UC31kR-BgB4jh99xN4ZDptaQ": "ErenYeager", "UC-DkuiNSwBdxTwjUSuI8rTQ": "Elrod Jenkins", "UC9IWaa9s3WOF_IdwznAAKfg": "Elisa Ikuy", "UCZUZcRe2eVnZoWwc_d_gopQ": "Emily_ ya_bueno", "UCEwQS0i1tdQLxr1vDULEZLQ": "Euge Morin", "UCOBqTbpAWTDLMH3HpyFL5Hg": "Emmanuel Vargas", "UCdURBcjKXzUU9DOMRFzTqVA": "Esperanza Caballero Lopez", "UCMTlbYyhY3DDROxfdwKnpAA": "Eevee_Ears", "UCQ6n3G1bP15-YBuac34pyLg": "Emily Easton", "UCG3HRUi9VPxVehyWDX8ffnw": "Ericka Frias", "UCC47IJ2gx7WFwIeFaZtPZaA": "Erik Meza", "UCS-k2ABE5aSE0OydAM13FGw": "Esteban Estiv", "UCy4qcvJsKAQCLFCyiIAEjNw": "EdgarSketches", "UCN0xqPXYAtSF8fBTHw_TBag": "Evie Bee", "UCeFohR6RPDhFAQk1_NNm8Kg": "Eli A", "UCD_WBkwv0SxQwzx20HGgCsA": "Elvis Mojica", "UCifTfsO3UvsD8QV1PTJFenA": "Emir Tunal\u0131", "UC7nGpRQdPLNQe5F3IMBS4tg": "Ecem kubra", "UCDdhewAXHO4-GhO4ajzWp7w": "Eimeren Lebardo", "UCb84F7fJ_CB866D3rxuF-Sw": "Esme", "UCmnew1AHEzvHJRzt14-BC7g": "Exknight2", "UCIljlbvjq0BKXJKaHbDL8Cg": "Erick Pelayo", "UC9Wd57j6BsImtOgVpNsl-kw": "ENDERGAMEING", "UCmbw9FCX57iEEePNNJKt4ww": "Elisabetta De Nard", "UCOiEoBpT-_rdpyKfSBZqCjg": "Evan Tomiko", "UCuUb2gM9lwb6fd33KvvhBgQ": "Ezra Moy", "UCuHJJks71fRsJAg5xBZ_38Q": "Elibear", "UCxov-P76nXD-TEAafwUl8zQ": "Eva Baston", "UCM5wPUgDwaQHUG41rUsXh6Q": "Eridania Garcia", "UCFlvAQ9ywZsCFHAkj3ac45A": "Equan Keith", "UCTMasEX7Bk5D0btAFLB45WA": "Ervin Saja", "UCafGlztlZ_7YTrw5jA4lxVQ": "Evan Delck", "UCjRrQ00RIgXZ_7cx2leS8MA": "ErwinTheEmperor1", "UCLUCQQmJetTJqF1YxivHCXA": "Ella C", "UC3N_Q39Vrx_OgQFIGNfvJCw": "EtPhoneHome", "UCY9j82MeUQJimenmYXRBmTA": "Emma Emma", "UCfgqq5a4vNX7-aEEUM2nkJw": "Elyane G", "UC4YYLNhx094591b1GQvxvuw": "Engenharia \u00e9 Divers\u00e3o", "UCVXMKyZetVXbh_uC7x-FvWQ": "Elvis Kalnins", "UCMtgyNSJ_JYAFx6aBOg2tgA": "Elizabeth Wall", "UCn5DSrMI8pawLq9uBVb9QGw": "Erick Mack", "UCaaTMNoWa_3Q-6o0V6wgXbA": "Eros Argos", "UC3_MSsof3OIRvaWLsbIsAwQ": "Enzo Tanoa", "UCNbT1LiCt5CF6L8zu_BbOyw": "Erick Christensen", "UCAB2IwUFvUmhcgXSdHlpsDw": "Edgar Martinez", "UCRsaYPeT-Pzcp99pwf9fPmw": "E", "UCJbGcAkNM6lz273NNRzzFeA": "EggBoi", "UC44LrdVSvOcPIzK12yBaXxA": "Epic game funny", "UCxPfayd-nhZtnEAyFtRHTlg": "Eddie_Pesos DVG Gaming", "UCDtPQXHc70BRPEdyOZptNjA": "Escoria", "UC6K6CE_TB4ZEPgJ9LxIDqKw": "Elisabeth sun", "UCMqCAtRsv40vmI-_ABPKI0Q": "Earl_Richter", "UCyp7ZiiNFl_jXJCP-cV8iDw": "Esamul Omam", "UCwMbgq8rZkB-PWk3hZFOEcQ": "EdeSmile", "UCGw3GzK0QBuAsZAO7nJkHnQ": "Echofrost /Echostar", "UC65SNlC7jYiNEywvcGMuUQQ": "El Cucuy", "UCs4gEtZTDpKhwvh7bbMXDwQ": "Epic Corn", "UCqxLAa6R1erAbIGsR4Zw6AQ": "Eleanor", "UCW_bneCaofRG6LXsBXyoebg": "EternalLibido", "UC9A2ljLNw4uvpOy8noHCF-Q": "Edvin Ninja play's", "UCjJxht79s2lwGvcxkSulBWA": "Emily Risor", "UCZYCcQB1TWrTZYbgtkaPi9g": "Eskinder Kiflemariam", "UChYIfxiqBr5y6isguVP7Naw": "Early Cuyler", "UCxsBGt5PAFDWuywZxBjKUcA": "Elena Keesler", "UCcI9-ODjx8z_XMe-iQVEp5g": "EL BOKO", "UC2_XvR_UPkJvyb6MVeCSTLQ": "Ernest Suyunov", "UC3JA5OogBZlIsIKLiHePd9Q": "EVANDER GOZALI", "UCNw5edSr1IqpDsBkU7a3i8w": "Ega Maulidiah", "UCEdiiiKQk6h7uuR2IpSN0ZQ": "Element of Kindness", "UCmGTtngal6RBrzu9U0qesPw": "Evelyn Koros", "UCaO6HEjLfHPeuRp83reoJXA": "Eletrocyclone 12", "UCbc_jmXuVW1BtEagOTWewFA": "Earnest Balthazar", "UC6izt3BMElYucZ-0nhYIERw": "Elizabeth Panelli", "UC6W6C1PKLE6gW41eQkHYI7A": "EProduc", "UCk-4XjZBlYiKSgsJ7Xap-Ww": "E J", "UCeUu3cYi95doOJRyCFaZrtg": "Erik Rubio", "UCMAE-hM9fH1WlgccHTLnekw": "Ethan Lyon", "UC4ITgTWjhr8Xm9CscAIBzQA": "Er nis", "UCroU0TnyOWg4ye33K5Dprcw": "Erik Merced", "UC1WaepQ4K6bxhfS0RBug9bQ": "Ela A", "UCN_aMh94F6GJkXY1g7hhMkA": "Emmanuel John A. Ladignon", "UCdpEWIc30q8LF3O2PNDtMvA": "Elizabeth Gonzalez", "UCVoniJtDd_Fojm7brcTmhZg": "Eve the marvel simp", "UCydAN7p_RGJFLuVRtynyZgw": "Ed Carman", "UCSu4ZU9MU6-7fK1PCpKUQNA": "Eevee Gee", "UCA-YXuNklu89o9yltbFSh2Q": "E\u0489r\u0489r\u04890\u0489r\u0489 \u0489P\u0489h\u04894\u0489S\u04893\u0489", "UCx_OAveUXsNcYpTmTeJbnTQ": "Erik Daniels", "UCxH5R_4c31QwlqZetKtdjxA": "Elite Golem", "UCpwp_iXtHjkGOsv6yKrs2yw": "EyeShoeKing And Friends", "UCBPpIhEDGwqBiVbmSfIOs9g": "Edin", "UCSLvxMsW7fDZhLLH1_CQBrA": "Elias Rains", "UCdgD84DfpGnntvkhq9suogw": "Ellie Woolley", "UCHRirrBeodFsrxSAsA-o6cQ": "Eneni SR", "UC1-9uL9RlC-726cLlzWjksA": "EntertainedAstral", "UCsKm5Dj1e6HjPrDzd60M-4A": "Eza Laceda", "UCR5Wmk2Ix5ZJinIszvzrxrQ": "Everly Ava", "UCy9H05-KtL4ZgE7eD_GX8_A": "Emily Ogden", "UCVFbFECA-E0hPKSP-lwAbUA": "ElectroShockzGM", "UCLfIg8ukyd7GKFPk9OvPKkg": "Emmanuel Lykes", "UC6wkcfWrA93n9LRnpX2Gm0w": "Elizabeth McGregor", "UCpPP_704wTjWDzMgKDkDRrA": "Emily Kolcu", "UCxIUZGYaiENzLBjVKhIhjhg": "Emma", "UC4kB5ofxnb6yYd3duAZqduQ": "Erry Moestafa", "UCNHVfW0EiIeaLqBoIgX7Z4Q": "Eyo", "UCPTPd1LuQlLX4pKFP-1Td7A": "Elegant _Melody", "UCLn_UYZtDjhHHJcA3BSKbJQ": "Elizabeth Brogan", "UCU-VIHJYLehjG4FN4y7RCiQ": "Elm TheArcherKing", "UCrcoz_Jzwb9DkQxU7Zyxk5g": "Emelia Broman", "UCMpzzqSptQIJ0PS-RYO4-FQ": "Eric Jones", "UCc4_eldIxMNB-UwFcxJudTw": "Eric Dufrane", "UCIKcVaPfRYvQs7Q4EINt4Ag": "EmyLily", "UChwxJFzOADq707wNSU_AcKA": "ERMA BANS", "UCFmIT1nmjUcFuC6v2oAjylg": "Eli Guzman", "UC5xaOr7pmcOTAMmlPkwMCeQ": "EpicGhostShadow", "UCkpA63Z0n1voXihBPSkw0gg": "EboyNextDoor", "UCnYhNudHLuYdJa0lPTKijhA": "Evan D", "UC0lJsaPDgv7TjoFpMQ_5tdw": "Esther Benitez", "UC54VWy-TTAE-IyY80PFg1Mw": "Emanuel Gonzalez", "UCxl_zz9H2k00PwzkU86i2vQ": "Eyteq", "UCBIIulnServbKPgcUfNSuxA": "Emma Fisher", "UCvI8KL8nM73W9kzQqibGxHw": "E B", "UCpVz_TNAB9MilTKMSJhQWDQ": "Emsol Araya", "UC9wBjSmDb-ZxxpO65HPh5pw": "EED", "UCcr_inOr8uHlRdgLWtX31ig": "Expecting Gaming \ud83c\uddf5\ud83c\udded", "UCcec5kNIYLFbAE2T2xG-oIQ": "Emmaplayz", "UCfRThFnKAYqe63joz1n3Sng": "Ethan Huynh", "UC4UIiMuPQRYFTvsgdU2hl2Q": "Erick Da Silva", "UCCmNI-c2x-mLQJnW5cd9q8A": "Emmie Shamir", "UCf_8HrOfhs2yuP8-Vd1t3YA": "Eclipser\u65e5\u98df", "UCNZVVgTBK_z3EVlxA7WQulg": "Eve Granada", "UC30Fwg51OA_6H_iO-9BuzcQ": "Eric Roang", "UCMNvwzaRrDPY2Hdt4Dj8Cxg": "Egg Yolk", "UCYy-xeghH1zaMRr-9ENbmdQ": "EinieN J", "UC3L-HCJA6X5icbFAcB2Ifzg": "Evangelic_Pride", "UC8EBrYQQaDe-1H1wW8x3a5Q": "Epic b0ii", "UCXbYs9J0vMiEepU5pL18mIA": "Ethan Jara", "UCuph_ALqlY6gL3uatbqqSLg": "EviePontecorvo", "UCkYu8HIVq_6t3vCZ9Y45xjw": "EHE TE NANDAYO!?!", "UCyS_YmcoMwNxQ_vTQ9QSGVw": "Emma Wheeler", "UCIW3Ufp334TMiTLpSyyTuFA": "Everything 1k", "UCE-BKYuYvumDBQ4--fnQTIw": "Euripidies Upman", "UCMe2-pKOUTh4MPy-iYCdx1A": "Emmanuel R", "UCQNh5KkQsqeNJ1HFdtMM3Yw": "Existential Crisis Core on Infinite Earths", "UC-qLh7g2bSGFXi-GpzfMuvA": "Epic gamer boi 101", "UCERN7C5cj8n1I_A-_aPrmAw": "Elisa De La Cruz", "UC_hxil1o1ptQPXaZTyw4nlw": "Evil lord sinister", "UCJ8Dkysy7tj5HhsBZY6YFUQ": "Elizabeth Sophia", "UCtzSNR95Yfmdf49T4xZ5cPQ": "EC krinix", "UCzpjMcMr5L1HLoZhDvpgzKA": "Elli Tucker", "UC006MazoonLpVuFSzWadLuA": "Ellie Victoria", "UC_cme0aSS_-cl6Oeqer8QuA": "Edge 5942", "UCkR7CzmFln3263ldSRna2tg": "E LOVE", "UC-mTn3q4nDVtm9MMre_-bRA": "Emirates", "UCmQvwzs6o5N7d_fM_M13Vsg": "EP Fishing", "UCHlidpLrIYElYuZWzkD0_LQ": "Elias Ainsworth", "UC5_L7OI8DUwOcUWh4wYMoQg": "EG Awesomeness", "UCbk2wIWCDC2_LtQexjibxIg": "Erin Mock", "UCH2gD4Lq6XqQ7JfoOmLOFsg": "Einat", "UC900eWIWDnjust2eZyDbklg": "Eric Crosthwaite", "UCTQoCX_fP2iGrhQ1R-XfCfQ": "EmeraldThunder programming", "UC55ooDawqa1zTJdOwkb7tgQ": "E Capers", "UCK0G-G-NxvcSnNGS_4n7-LA": "Em Claire", "UCJJLi6uz-9KchDJp5czQ7ig": "Edmund Zou", "UCeqCcmHixbNcnWjyNvWljLA": "Elsikya", "UCLh08g0NKnsdbaqygimMZGQ": "Em J", "UCI6vNidV_J_F_VkVKzoTtLA": "Elcid Jones", "UCc34j0S9Oy_cvjRuFHW6YWQ": "Ergotth", "UC1Y-rQ7hOP1kHJHkYWr6BKA": "ElmoPlays", "UCdndx9AiqqZTeIZ_SpOmpuw": "E1m0 K44", "UCoBY5435jkg_N1YLhYnqPvQ": "Emily Audrey", "UCrzWCn1-jVgmMiAtFM7tp7A": "Endeavour", "UCxnOCN14OhtqKPrs0PAPU8w": "Elizabeth Agbebi", "UCUYpYV03_f763e8H_cjWKfg": "Emily Brooks", "UCDOlVOcSbTHoXO2jePUm4ag": "Elroy Jones", "UCjMzMVAGPso4NwL0zABjwqQ": "Enrique 1983", "UC7Fqmqbc4HDHjBCgVNj74MA": "Edison Oliveira", "UCnIdvWYbv5k2Rfa8_ousPaw": "EPICGAMER820", "UCo2T1K0dkrkjlMAi68C6lXw": "Ebony Lachelle", "UCiYDgcphwEQVlzClFrV-8ug": "EpicSBH", "UC5_6Ugoy2D2698LW89ycStw": "Elisha Clementz", "UCC5g5D5TNg8R7eZURTh7XFg": "Emanuele Torino", "UCPTS-R_-DLcH5FQ-wDKgHCQ": "Eliana A.", "UCcVG7q4De1x-XLVN6g8tgaQ": "Eugene Muirigi", "UCSZPKd790Qk3bLbFWb67EIA": "ECHO", "UCuDHJx52JNfKrOdxqMhR2Bg": "Eighty_Four", "UCMWEjEVsDgjkNbZXRVtGYyw": "Elena Blissi", "UCZasCdXD95YDtyezxGqYNgQ": "El Alex_Rivu", "UCGI2V-T-41yVvAc_KoVDnRw": "Evan Josua", "UCrixzrQT49W3sI1duXlRyaA": "Elvis juegos", "UCtja0xrttrFs3LnLU7R1Kuw": "Effortastic", "UCD8koHYCM7ojPhYpEWvGz1w": "Elizabeth Ella", "UCvr3PdAqEvUxzdUxU6PgFyQ": "Eleanor", "UCSvqbiklT56cfyMjdPeOJFQ": "Emory Daniel", "UCPfAkEcakgO7Icgb99IZ8AQ": "Eldar Taghiyev", "UCko37uBEs-onUgZtXKNDgaA": "Esmeralda Martinez", "UCvggoFO-oVq9xsKGvHLEKgg": "Eshaal playz", "UC9RIo8gGl_WwMKzBWx4t_FQ": "Emissary of Wind", "UCD9C_SbiWrG4r0lQk1hazUQ": "Evelyn Ava", "UCuMcoxkArBqAC1ikymA19Yg": "Eugene Morin", "UCqiWWzxWa0geQQEEljH6tHA": "Elizabeth Payet", "UC8G9S9uyAZAKXIhQ8QMBvzw": "Evangeline Lomboy", "UCFw1lAoNf7u4daVKjVLE2wQ": "Eric Newman", "UCC6qLlC5ic7XlMHfdXJ5q8g": "Evie", "UCUIBN68STYpzdxCA_i0Pjeg": "Erthradar", "UCzsTHoEu04hoEQZYL6jaofQ": "Emmanuel Barutwanayo", "UCKudTYyL4Hj6qyAwEMO-Omw": "Esther Hazina", "UCPLCkdjkuI-X7g7fdjzkNdQ": "Ezekiel, Irene C.", "UCC6_jDcNdKFD1rYP_JQcqnw": "EeveeStar 682", "UCbK91LHRLnRmqrWBFLTJnDQ": "East Asian Cinema History", "UCH1GNvnFdOUdwgHbMQaBL0w": "Emilia Avery", "UCx0Do4lMzLrRImtODOehpdg": "E Rod", "UCziOvJv-zEgDL2-zGKEUJhg": "Elizabeth Hosaka", "UC0cYWa6lKbVn412KMWb9cow": "Erza Inkwell", "UCBOHBm9S6W2WW01QK29OE9Q": "Eli nayeli Salazar S\u00e1nchez", "UCfhfs14_0pN71p4JtnFNOhQ": "Enerio", "UCmM7L5kdzyvbeHKka0vSJeQ": "Elisia's Evolution", "UCU3H3RsRQHt-PQv-_iN-5tA": "Ethan Laurence", "UC31bdBREEtfaG2kDNn3enHg": "Empath \ud83e\uddff With an attitude \ud83d\udc41", "UCaOP1DjENr5WFgxbcYy1J2g": "Ethan Smith", "UCqe8QrmtGFUDBLYz3znylow": "Emmy Romkes", "UC_LRY9nFG7sIHsYFeShyBwQ": "Evan Yates", "UCDpCD3HKnNKTIu8k3-qgoJQ": "EvanCraft GC", "UCI8rXvdCOXy-IewCm14BLYA": "Eric Wessel", "UC_RkvijkMLxLLnp7e42dXTg": "Emmalyn Lenhof", "UCY9GO5jHWFVR7vldkcv_KMg": "Erin Brown", "UCpHCFOipkmDhgp7bI5dDiFw": "Einheriar", "UCYwB2_LXbQaL_b25Yuisszw": "Emily Elisabeth", "UCtkWZ94TvzXXp6rRmthD4MA": "Elizabeth \ud83d\udc49\ud835\udd3d**\u0421\u041a \u041c\u0415 - \u0421\u041d\u0415\u2102\ud835\udd42 \ud835\udd44\ud835\udd50 \u0420\u211d\ud835\udfd8\ud835\udd3d\ud835\udd40\ud835\udd43\u0415", "UC9sZfORiWquZVGLUMV3eivg": "Esad Meho", "UC_ltW7K8jbENLf-A3a7sxsg": "Elri Pretorius", "UCZ_gJILWVh7V1G89GZGp_ZA": "Eric Steele", "UCCwsQd-kqthN8-2ONAyEdXQ": "Ethan or Elliott Wolf", "UCuF2wT9buGxbSQMSBBNOUtg": "Essa hyped for Nick all star brawl  rest on arena", "UCH9NHY6LfxG9hv7M4QhyWdQ": "Elias K", "UCGDdQeFRcp8fALv2hLIH7Cw": "Erwin Canites", "UC6faN89foGUmtzfdru5e59Q": "Ethan Braun", "UCOmboFzkfXvQK0ZgQowufeA": "EDDA CRUZ", "UClYq4jU2QRGhD6d9ikJlvpA": "Elton Alabado", "UCdthrQqG77JwnS1WL0Yqm0A": "Exintrovert", "UCwpAjnWBryQDv0rsxzF-_dA": "Elijah Abimiku", "UCtScUUf_pT2K7rGbGtbvc-A": "Ezzeke Smith", "UCkmDdQ2huInUZHzfKRYZ8rg": "Emily", "UCLO9rFiUck658OFlabI3mAw": "Esben Br\u00f8ndum", "UCGC3tlwF4Ws45vKEZt3IEBg": "Evedoeswarcrimes", "UCDABWWlbzQleJL-IJawUsPw": "Eric S.", "UCBR1jRX2vN93jczoet0z54w": "Erik Zarazua", "UCk8j8iBuCow6mitpvKl9fYQ": "Emmmannn", "UC3lrakpGBTth1PmVk9RXI4Q": "EC", "UCbd0eOcDEoGdgteI1hpvs8g": "Edgar Reynoso", "UCO0ya-xwyX_7yvc1gO5bkTQ": "Esko Mujkanovic", "UCNziupsSm4o0d4ETYYPXdnA": "Earth Plays", "UCO-saoT6x1RIYxqgt-04HvQ": "Emmanuel Ali", "UCd_2eUR18gDhL3_h6q5hfXQ": "ElysetheEevee", "UCBZkmTKqj9LdPZQ3r3VCjGw": "Edu - Tech", "UCuTCV-th2G6KBAMFXnbFlog": "ELIE shein", "UCsZMDf3FfpFrloGREjtCqQQ": "El Martincho Pincho", "UCc3X6-_MzKngMZRopMjG0tg": "Eveliis Mee", "UC3tU__6OxO0yDMpWPEYNibw": "ERMIR HYSKAJ", "UCHX6cseOvtTuUwx4y9_PyBw": "Eulamwah", "UCSnaQ2gJDsysgPrh8fgEVrQ": "Em y punto!", "UC3K8wX-1vHqHNERkQdVvi4Q": "Eggy", "UC3S_k4oJdEs29mX2cKR79zQ": "El Ni\u00f1o", "UCRBwlxd9oEHFLk2xONSzVVg": "Errol Einstein", "UCMmEhf445FGzqr3SjJzujGQ": "Egg rat", "UCMeTrGZeUxa4DpaRdidYjWA": "Everly Ava", "UCbJqvvUaLNDW_zjDiBhKCaw": "Evelyn Ortiz", "UCCRbK1ryyNByphe_famFnXw": "Emily Olivia", "UC1C-poUsKI045-l51ALs4vg": "Eren Yeager", "UCgb06EwpbYZpKKgd9NgUKrQ": "Elmo's Universe", "UC-cHy5-uVqVDqaxbsWRVVZA": "Elizabeth Milbury", "UCvdgY9vnQQlm18S7kc-JITg": "Eugene Young", "UCsryDNxl01gOGH2rEVctdtg": "Early Ani", "UCC96W8Vwz1g97kcT6JhPthw": "Emilky Casado", "UCQHyFajTJImnEpdELh8znrA": "Exodus.", "UCROUSTskByR4yuvtHV-k7sg": "Erica Galicinao :))", "UC7Ha8dE2_gfDywzDdLRNQAQ": "Elijah Guevara", "UCaBEdq4IhWyXvAYtWgb2hgA": "Edoardo Bovo", "UCkQ5uesLCNl_seKIR6DCahA": "Es58", "UC7pQf7FPaVkxroxd9ePenHA": "Exza Ramora Dante", "UC_mZv8mi1txf-TjWOZqs5kQ": "EleaZaar 45", "UC-UgIA1HPgn4esK9zDMP1hw": "Eraneka Hield", "UCq7s0mpmOqzewkKjFCV--SA": "Elijah Wilson", "UC9lqEFlDC70sG7MtUJV0p2g": "EnigMa AGODAMi", "UCqsHB_aajgGWjjySKs9KF8w": "Enlightenment", "UCZajsefLf6PL2MD2Vju0zQw": "Ekaterine Tugushu", "UCO0XEa-PL_NjyAnOGETqqog": "ELITE_PMC 000", "UC3DgUDLx0VyXVUhHjAzPYZQ": "Ella Anderson", "UCLrXgcT5sJYixjghw7Lt4zw": "Eric Wijaya", "UCz2ElyUBUG-0WVoOaSaMe6A": "Eranyan 2211", "UCFfz0VvSqP9v6J3-iuB7UyQ": "ErenYeagerPlayz", "UCMVrP1QSJflZtx45oJqTrHA": "Eukaris Ant\u00fanez", "UC4yIlqI0Z0xnVdbIfKCWgyA": "Eduardo Prestes", "UC7kBlFr-LNoJZ2c1AeDlqHg": "Emma J", "UC48gbArLEmIuNLg4uD14HQQ": "Eri", "UCXDuBIFbCyPzJwq7JwUZd1w": "Ehppy !", "UCjtAoVFz91a7CnwphYEXbIw": "Edcel Jann M. Corre", "UCQ4xYy7cky9hA5qFR7e-x5w": "ELECTRIK76", "UCJO2YvN-tr7wHWExmZLKeHA": "Erica Claman", "UC7ATPulGBmsfjwjGE6aoZHA": "Erik Nguyen", "UC1663-02h4Y13ki49iOePTQ": "Efulums", "UCcjAH_rjvnXlTM4V26mTMfg": "Elimelec Cruz", "UCPAgcG6o05y1LOjeAt6C3TQ": "EMANUELLA GWEN KURNIAWAN", "UCHvphof9cBUGzuhzvybORdQ": "Equality_is_not_Equity", "UCiiKT6EvGITvnv1IZIB2oew": "E Barry", "UCLT6eFQStfoFOYT0Yr97kXg": "Eric Steylen", "UCqW_XchG8Wlk6sZ3ZEeXObg": "Everett Schulte", "UCBOJeLFtMBLwnk378jX4xxg": "Elyka Ybanez", "UC0jbfj3r812Ej2DH7sQwh5g": "EnraEnerato", "UCD3HlL-ihSKpXyxEVcI0VKg": "Elizabeth De Leon", "UCI9wV49REy5JyQsrODURgMw": "Echo", "UCHBC5C5jUSVeXQyeujs7d2A": "Esm\u00e9e Desi", "UCAhaiTA6KoMSfaS43Sf2rqA": "Elly", "UCaLEV_BIsUTs2KtkhzaYHVw": "Etu Suku", "UCCqt53V5tvxq9PCZxBqadqw": "Evidelia W", "UCatnMgJ28E_ZxsYX78LE1AA": "Elle", "UCDFHrtkQ4rwxdjY2Z_rAe8Q": "Ethan Bryan", "UCkUbYi24FTD7PqGLwAwumsQ": "Eileen Avila", "UCA29P_hJO0Yn9l54-tA6qaA": "Emu Moos", "UCll9UvawmNqA5TL4suKLmXQ": "Emilia Bella", "UCrWfkNFbDhOGR1I0NqAv7nQ": "Elijah Dolin", "UCRhCaLhWNCfC0OivA2yLMlw": "Estephany De Luna", "UCA6e2MJzYFqqctnuAVUGlFw": "Ellie Banner", "UC9jMVVh_AP0Rj4eCGpRqN0w": "Erica Baysinger", "UCdXe4zhKPfPNPifNeYPmg-g": "Ethan VanHorn", "UCDKLD6WqsInhEdA_vzNIZ7A": "E.P", "UCKITqkzJUzMapMMnVW3WXgg": "Esquad Productions", "UCIeoh_FOw6OiVwoob6rjRtQ": "Ella K", "UC43JQceMuEHH4v4VG2VlKDg": "EmmaKatGacha", "UCeab1qeqDgJ66a8_o_1FMYQ": "Echobay", "UCe05ACW_adei7xzgF8B8CAg": "Eivind Kvitberg", "UCcC9XySyFM97ZCj3gPA_TRg": "Elijah Garcia", "UC7EfvH5NH00W_2Us2cW1KYg": "El Luisda", "UCxPzb52A88QFK9j_F3fZMUw": "Edward Paulsen", "UCxYqYsddFZcxDmiodTdifxA": "Eurekify!", "UC9qGnFGHFBgMovH4pYUGTDA": "ESP Toons", "UCiB1GUEilS9IyIogtul8Ozg": "EliDino Productions", "UCbrsJkppCr-orwybZufBO7w": "Eugene Holbert", "UCX_mDHHiFVC83TI7mK-rjfA": "Eymy Noemi", "UC-ppQ3Jmz-WIwXVpiqB6rSg": "Eric Paternoster", "UCOuYrh1qcVbT_v37MlxnIJQ": "EatmyballSeeHee", "UCrLH_UMFEtXPB7ywSQtLlJQ": "Evan Fletcher", "UC2KQ_d1HY3U1hiIlnan0ViA": "Environmental Ballerina ", "UCyDx98Cb0Teq2HbqsJhGhKw": "Ethan Richardson", "UCtevY0YP87ooH_wy3nMtVXQ": "Eleanor Wright", "UCwR_rHY566qzOI1OirPu08g": "El Cactuar", "UCee-O53It9DBdvePCyIxgcg": "ElectroSponge", "UCU5xFb2N-JVedHpTtVU-pQg": "Ella Olivia", "UCCdz5A4TmL9UR3rSY8nACew": "Epic Noob", "UCcgo882ravYBLURhM4Sxwog": "Eric alluvium", "UCxrkRb9gzrW8Ay5t7cbOEDA": "Emanuel Mendez", "UCOiXMEqf4PtfqhoqX5AwsrA": "Eduardo04", "UCILAS2o-Ft5ANMoF5GXRj2w": "Erica Gelabert", "UCmtzesX8_Y7MZ5nMlx6X3iA": "Elijah Holland", "UCD_1_BMT65OZwNq6AeafaMw": "ELVISRN1", "UCX7MV7S0uwlcLC5WiCqQOdg": "Erica from Sweeny TX", "UCDJz-7c7a6WUL7XaSdYqiBg": "Esajps Asipes", "UC8sB0FNc4DIo6yQUwDzB_fA": "Eshoemaker", "UCsByW_8KSdfxsDY01545M-Q": "Eric Baptiste", "UCtBVgLmXv_IZWpqpAm4B_Kg": "Eli", "UCep4wvfJvqPxUsDCYakqmkg": "Eclectic Hoosier", "UCNdel5PiUM1ZGQCDBFxM8-Q": "Elliott Gaertner", "UCBhHkWOw0_6iWhEk3LGwJvg": "Elizabeth Maureen", "UCtMkKFVgHBbnAFLaB2WfsRQ": "Episode 13", "UCpRhoOXsaorUH1xeXxWO3Kw": "Ernesto Mendez", "UCqzwo8wSy7SlC_Cpr_gf3fg": "Eric Bird", "UCX7pr1pEdOD1jfo77CuBP7g": "Elizabeth", "UCsFY3_MVs1pZnc45ivtIkrQ": "Edward Feliciano", "UC86fqK2-L3MkRO9Kk8C33KQ": "Elina Aislinn Kotlovsky", "UCLMcO2LwHfvUSQIzDNqOP5w": "Edgedable", "UCdkvYNEaHsnfzfDFXgj_TiQ": "Emma Westman", "UCcvTIQKnUS70XpMgCymsEaw": "Ej Ridenhour", "UC76kSKA7HhcgU8AQhkoSuAw": "Eunice Wah", "UCdMo3mJLBSf3NhCvoaMpbUg": "Eevie Muro", "UCsuZaUdDAxeR0XUdc2U1VHw": "Ebraihem Jaiteh", "UCh-wW0pU0jqDViZS85GqB-w": "Epic_ Donut2.5", "UC3YbTepm4oKtIVYv06WoBsg": "Eli Mar", "UCyAnMnykedz5mEriHZacE5Q": "Erroneous", "UCDDTLWzn-ijqhzcQqofO9vw": "Emma Luna", "UCbSfU396s7pVX3d9IB7Va1w": "Eugenia Perez", "UCgB4GRBn_KLH7Ngs_cUay3g": "Elijah Swiger", "UCxxO_BH6Dy-tsfzRGcyhhag": "Eli", "UCriMVzVLQPMLEne_NEQK-qQ": "Elizabeth Bae Boutique\u2019s Pretty Things", "UCAnQUTNkPahLh1Dwu-m8ViQ": "Edwin Hernandez", "UCqRlH_vhUAmUwGn3Hvc0FKw": "ElGamingChannel", "UCdrhPvV21RHB2aIZ0xdWEEw": "Erwin Muis", "UC1_pymIuoJymbv2SDdYvRMQ": "Elizabeth Madonna", "UC3Lip91glKVmkh0xo-XazbA": "Eliza Bartel", "UCF-iRJv68A4mO0hv-s-B7-g": "Eddie Cedeno", "UC3q8UyDxLrelWT8MAyVkWmQ": "Eagle Warriors", "UCnkwjRCCLrWVgAT0ebRArGg": "Eriifeoluwa Olurin", "UC9cmGAg_0KM45_ohh4cQ0Ig": "Eric smith", "UC-GK-OmWpD2t5ogCUNp9nGg": "ELIXSE SENPAI", "UCtAaTMBk1Z-FRNN2DesnOtg": "Elan Kirshenbaum", "UCM3yr25JnlkKVR7rdII45ug": "Evonne L", "UCoQgE5uYx71z__PIHGkMrnA": "Eric Williams", "UCDWYJJUkpzO6-RJ1YsxVfeA": "Elisa Arevalo", "UCpSmEXpTo3xSMcGopmxCugg": "Emanuele Cerri", "UCuXGTIA3L4ctcX2FW24Menw": "Emily", "UCxF0WdskFazrPiIA1EHN9Tw": "E", "UC8GqlIPAGPEqlQ6qMhsld6g": "El3venbr4vo", "UCw27YO7RUYfYnnHbuEM0L_A": "EXIST CHILLZ", "UCuoHCZoESeaq9V-1uqci1fg": "EichenbaumYT", "UCaAI7FLgfXD5MeEeHt4_Fag": "ElCourtanques", "UCZWHJ0ICeudUZmdZlI_c_pg": "EyadBG", "UCF8rbMZISGe5_dqDk7qOc2w": "Emma Camarneira", "UC1860uhULEoW53RKc3pxRIA": "Elizabeth Sammon", "UCMR6RCeGhs__pq8M5io4hHw": "Eliot Dart", "UC2woWKU5VYMmbiQcV4wuLyQ": "Eric Owen", "UCUwAPSjRGxxgpALKdL2Tjfw": "EndBoo_live", "UC2RZ0xmSsc9OjWAbYN8ZzfQ": "Emily Madison", "UCC2KBhH9zqovNNPDuywvTLQ": "Eliza Beatriz Aguilar", "UCAx2Pztomedzg41Xw0jiAJQ": "Ella Mila", "UCffb071DMyRMxuJ0P-7opRQ": "Ethan Zachary lau sun (Hpps)", "UCsXK8Q9bZlmBH2au103Z0sg": "Emo Bassist", "UC4YzIMJoEK3F6FIf8hxFliA": "Erik Pagac", "UCi6MPtgvejFy2UhF1QSdbMg": "Erin Reynolds", "UCobQ7XJi_5ZE2rj3KQ7euaw": "Eason Gaba", "UCcwp_1pLl3ub8F9kSVRCRAA": "Ejay Stan Buro", "UCBkxUz1yYOGg3xf7whxIaQA": "Emmett Dicke", "UCgHaXM3W3uW_2FKtPLWruAA": "El NachoHoe", "UCb3ZiCL8D7R9Lb68HzTmozQ": "Everything batman collector", "UCnO7e4NPCEO0irK6TWLBjsA": "EliteC64", "UCkddaSIwnZSBnSxPOTGa5Zg": "Ex", "UCxZtOef5VIegINGXrV8ufdQ": "Eric Moore", "UCou2WHw7WrN09Yuc0iWFB0g": "Emery", "UCXrJh_kWd-Uv_7IpP3BGvcg": "EpicGamer141", "UC5h4RMCJ9mnolyGhNFCFhSg": "E W", "UCb3yLF1DtjoZGfsQQI5-07Q": "Ember the Fox", "UCviHDmoSpPirGXQ0U0p29KQ": "Eduardo Martinez", "UCAtqPQ6JmrNelSyHpM32aYA": "Eddie Figueroa", "UCQx5jWrnUiK6aSvRkCnXM6Q": "Erique Johnson", "UCX5_U-f1QJCT-BGFytOP-Iw": "Elizabeth Caudill"}