{"UCGV4vmz0r2Fnxml_5aiRQ_Q": "Legendary Silver", "UCjYrX8thu7b9aJBZZoVTBZQ": "Luis Sierra", "UCIQb_Dr2TGv6BFo6SdoLaQA": "LIVE Gaming", "UCH5H1Squ0i7LtyNmOLZuB_Q": "Lylli Plays", "UCJijN2r9pjwb0uumpWgdvlg": "Leethunder09", "UCP0rD7YxVVRzXIsRxn1OMfA": "Luka Kanjir", "UCh4lxTMXDn0hkLeKhO5LdPw": "Lyn Aguilar", "UCpK53g7dqWZeHT7jH4-B6rg": "Laila A.", "UCuwAjJMG_nG6TwQW11Nwthw": "Lurking Lapin", "UC9hHujy9LiBMEhCusHGKQMg": "Lkdytz ", "UCy4x40mq3Ag69WHZTYR9tDA": "Lady Lovely Lox & Bagels", "UCjCNbiKzQfC-yBCGKjkzvSg": "Lesliebates22", "UC4-Ffc69fHAa9aItaQUSGOg": "Ligthson Enigma", "UC-gcqLaxzOdWWmbIBFNv5UQ": "Lebruh", "UCWFixvvLXbQBJrGe8TPdZTQ": "Lou Nautic", "UCy0wPQUxLlu5sOWE8wf-YBg": "L Aaa", "UCy_XALp2j-C5CKtqYbUC0cQ": "Lily Wallace", "UCi7Tl2RuUC1wUtNthIUbkOQ": "Lina y Estrella", "UCAXCXe0Czk-mRxWNGBmlAUw": "Lee_Shara", "UCZyVxHfimElC-exf43QFLEA": "Life of Everyday items", "UCI-JEamDcdni1qFF1V6XMeA": "Loose Goose", "UCnisar2oFCyW6xfqD6E2o-Q": "Louis-Philippe Boies", "UCaYs_W5hpXmel1Vo1lNv7iw": "Lydia Morris", "UCvnzmWKX789l8FugFJB1p9g": "Lisa K", "UCRDGGj_PBWpd38SVCn1lzBg": "Luke Marcolesco", "UC36r0Z0bRQq9Nm04QKQSGEQ": "LUCKY \u13de\u1d07\u050d\u1d07\u0274\u1d05", "UCIRxTaN-X185ZVicOOg3HqA": "Luke Havener", "UCV8Dw8keGElqltxJ6IzUlHA": "Lainie Terry", "UC1Wbp4KfRjCTMDLX8JbtcxQ": "Looking Up", "UChVSXnlp85kLGIvrsjoKrng": "Legend Leo", "UCUNYO5UFow_fmBLX9z8dOSg": "Leonardo Henriquez", "UCSaXrjf99o4VnHOZNQNcJAw": "Lorven Ramos", "UCG2BRU8K7BMfwQMXQmlzFMQ": "Lorenzo Carrisi", "UCfMi9gkcQtPaUIryO8HTGTw": "Leslie Gonzalez", "UC4OdCsYz6kZCt7ycI67tJOQ": "Lauren Mausbach", "UCpj4gjoWvjn5C_hu-ElYOCQ": "Legendary Kevo", "UCzAzDNscMprGoDivwUatT_w": "Lewis Lambert", "UCtKUa-JI2Zo4mw9XDm2-WDw": "Leo Cumlat", "UC8waiGI1EsI3-n-o21DkCeQ": "Liam Minecrafter", "UCVU36fzkicMqiRqv9j_dBDg": "Lizkatheryn Ortiz", "UC4YrGxuGTAeBFEJi87gIz9w": "Lennart Hacker", "UC6UaAG9hwLRGBAotqovm0PQ": "Lana A.", "UCSbLKYxzzjlhyt876a5jFSw": "LaurenTiare", "UCTl5zVPagPPFiQI9Xyf6BJw": "LEG3NDARY_ MIST152", "UCIQY0piFWonuRoFHLa6S3Mg": "Lil_ Weeb", "UCWXedAydJR1ZSsn23owLIkw": "Liam Apilado", "UCp9fv25h3ZP8vwburBJEzVw": "Lacie Ball", "UCs0tvhcU-Fes_-ZbeaHkwJw": "Leftifornian", "UC4qFopTqpt9tG-8-sQPumSQ": "Lee Phipps", "UCM2eCZau44xApPz8BmwSPuQ": "Layla\ud83c\udf38", "UCR6RhEkJ37F-h5vz3BdT3NA": "Laios Zafeiriou", "UClZDXBXqKzrjGnNNWKZMptA": "Lippy TheOneGuy", "UChixTlveW335XYPZ85Hxfsg": "Lim Zheng Wei", "UCHzwYsLd6CFulCDQkisJCdg": "LOG\u00d8UT _ 101", "UCi0qX58Cpp5gmc3HRVaDEbQ": "Laura Henriksen", "UC4bOtdc02eDx6Vgj_7tlzqg": "Linda Castillo", "UCGjVlfWu5vzin0wDArfZChQ": "Luna Ellie", "UCl7mS9_ym5Ip82F6ucTUxyA": "Lotie The Bunny", "UC3mP-jWW4y-Sv982hN84jvg": "Lucy Riley", "UCInEkx1C7bVDCtm-MpezOqg": "Lemonism", "UCeorKmBztR5GGfdU4451YJQ": "Logan McDonald", "UCIS0dUe1Q3mTV0jS_oqumCQ": "Lolo playz", "UCvKD2yHTQm9FJly7EVivrEA": "Lance.da.legend", "UCsEy_tfGOqOzX1rjJVxjShg": "Leafs Fan", "UCmjmdIc7oEAD-VFmf7zFddw": "Logan King", "UCEMTDXeiJyulvEKLClizgOw": "Linda Micheal", "UC9sqwokbPPSTlTImjnFuQaw": "Lexy Nydegger", "UCc5AQZM8IHkcv-X8cARkypg": "Lester Lopez aldana", "UCf7TGfpFaoID33QXWkmSHEA": "Lanie Knowles", "UCmGYQioWPX-z5jfKCMxydbA": "Luna Violet", "UC0iC6EByQiUCX_QYN_aTXRg": "Lorena Cruz", "UCTpspGBRtKWCmJwvjEIX4tw": "LEV", "UCoBE_jhgKSaG7uF4_fHrdCA": "Leyla Reyes", "UClljWxtJLfZufuB5kbjpcIQ": "Lily Casagrande", "UCgKx7cka7jzL9TisRW_43xQ": "Lucky Mandal", "UCupGw3BHVEQaupsY9Il4FmA": "Local Loser", "UC8n1o30mZsXW80qOARHoBHw": "Leonie Dias", "UCOOBulFpvy3P65BMvsE9t-w": "Liban Wako", "UCrpVD-n9mw61wsNKfhM23zg": "LemonBean007", "UCVPkgJMP-p2LmdrHJE7yuZw": "LazyLasagna", "UCI9DP28mfXcuFD5zJOuiQaA": "LION BOY GAMING", "UC9Epsm1-DKGx24-NrgvEIMg": "Lizeth Gonzalez", "UCvkNSpmt1mr4dfjdBLE_fdQ": "LEOPERUVIDEOS", "UC95Z79faC10_3wLEH4sLwSA": "Lily Victoria", "UCaAHD_9VoxkXsDkAKiOQnKQ": "LitchNA", "UCM0ruOZL8uZUeXqeVXzG45Q": "Lost planet #862", "UCx_KzqbQMKvKuN0hmHXx5Zw": "LifewithAna", "UCR9iqyCh9fDvdxylgPAlO5w": "LJAT12", "UCEB7gp1AyzUduWX0_8z9o6Q": "Lousiana Clark", "UC55dCe2wnBKppSUON6yLXpQ": "Lanxe", "UCOKb-wVJe3ZNkxX11QmxQ1w": "LaToya Aitcheson", "UC7y6BVlzgaIlHvUgDeTiiyg": "Lindsay Florio", "UCRXcG8AGAux9PZZOT7qxUhQ": "Lucas", "UCE6cN_zdnQG7U5cd9pCfF9Q": "Lucas Gentry", "UCCl70hvQ1lMRiBHNp4ndgjA": "Lostgears \u2699\ufe0f", "UCXcSVrxBKJjrDvv9gD4Gg1g": "Lulu murbati", "UCd9VjReQ9cNrS1fFCEGMSmA": "Let's Read Textbook", "UCxwc2-cigsnXaRqoahLlnyw": "Linda Lee", "UCHPsUnSE_mifkx68i_wZ_Sw": "Lauran Elder", "UCj_0A5uZ4h_WrRZ5USYNjGw": "Lauren Kelly", "UCk7st0KjE_m69zDRzRRH64A": "Lela Lu", "UCvBxugzBEgX-EtRnyFY-QRw": "Leishlanys Echevarria", "UCTQuZzTUXPWDWawnYX0qf1Q": "Literallyleo 101", "UCb9GGtX1-MLWntheuV8RnYg": "Lendell Roberson", "UCR8T6z1-3ES9UKX8mKW52dg": "Lionel Stenson Jr", "UCSLqpjdWBvZGDNSvHm1XA-Q": "Lydia Nici", "UC71FbsbL8h5aw04YI-eStYg": "Leland Wilt", "UCxF_OyrcvxY7PIsonGVadGA": "Lee Sa", "UCHzJ6nDWSRCkaoHdHiGANZw": "Leonardo Decaprio", "UC9434V4umWu150WUZdCGrDw": "Layla Sears", "UCFUVK5DjMWEvN8UZtipD2dg": "Loida Paniagua", "UCu739gvyMj0UjHB0EDsyWuQ": "Lynux", "UCs7qMiDjFmcC0WIP0wKoifg": "Life Of Cade", "UCCNMOkxhHJwIIvCI6uPespg": "Ludwig Hanisch", "UCNM3JIXwBYmakeKwSQKyiGA": "Luna R", "UCnuiDuzffE7K3lOGTHf_q9Q": "LePokeFandom3411", "UCCKPDXc_QvwiLOZAAWUEfuw": "Lauryn\ud83d\ude0b", "UC-5vDopEswn8-PadL5rYchQ": "Lewis M. Weir", "UC-cRyn4eHWpKv4vSXxB66Xg": "Landen Burns", "UCzewkU_MiLG7BnCQER4EbuQ": "Llamarr YT", "UCJyoHNXiea9u7ORn9tToljA": "Liszt Resurrected", "UC9UbKbGRAjks6n-7mnmgMgQ": "LuckyDuck", "UCFNsk1yCFfrRBhLTeIN5KNA": "LilSonic_Drawings", "UCCE5JmblWcSQeScRCI0ZIWQ": "Leafy Ninja Naruto", "UCIddZ09vNC1JNYjJb62azVw": "Liz Juarez", "UCtQaEpIxP8IFw1KlmngUYIw": "Love Traveling and Positivity", "UCs8Vhkx4_dDonk8OUXpe1Ng": "Leilani Andrew", "UCzqPubc-h1FIrFW5DyQUxbA": "Lars Kumpaan", "UCzyBmprKzcf0N5jRyP43kgg": "Luffy", "UCZz4Q9qOB1A1LjQfGu5ssVQ": "Lim Jia yuan", "UCHmiOUYEgHeKo3-g8GQys0w": "Lisa Lynch", "UCAWoF6K48eF-2IjLFRhoGgA": "Le-Johnny", "UCieSCkzTere8FJnr4jsIcKQ": "Le F\u00e9line", "UCcyiweaqZ_0yEIViiXeC7hA": "Latundria Ray", "UCwyqv6SnKmTRrbuy5Zbm2hg": "Logan Huffstetler", "UCO4hW8d7cMk-N02bmg_iSEg": "Lincoln Johnson", "UCYGgxK1EK81yeY9cfkayEqg": "LawsonSan", "UCQAUagwEoCNtZ4Z8XJuoN0g": "Leia Hi", "UCMcJ7vzqp5XYihA2agrgiTg": "Lopez Isabel", "UCSlKDtP8sjY1sxCyeom-_5A": "Lila Grace", "UC-ASeex7qUVcNBqqQkd0DiQ": "Likith Stochastic", "UCHmcXTF--YskkaGFbxZjjKg": "LackedBetterName", "UCt2S-BSkyMMXRJfCMEl0P4g": "LOKI_GOD OF MISCHIEF", "UCgLEjkL9IyOHVFSBsBoJlnA": "Lorna Bates", "UCFDOBnEhc4WrLE2NDBPcVCA": "Lagtapon Wentworth Zaent D.", "UC-4OmBAnj5jz88DaPVZE0cg": "LiamTrappy", "UCZKc40u-RJtqdmX6GAN9y8Q": "LovingLife Fun", "UCC8EopU48swIudz2pu3oI4A": "Lily Wong", "UCmSraJVjMJnhB6pmHlo18Dg": "Lukas Ochsner", "UCZ9DPmZ3rpFEdilSfDjBxsA": "Lasenboom1234!", "UCBeDzAN03Jx_H9kS-FY2osg": "Louis Barton", "UCIzzu-wlV3zTXSAG0aobkYQ": "L", "UCd3312Xpxi0e5Nt6Ai5x6vA": "Lilly", "UCk3TtfpL22Mz60IoRLHoPOA": "Landen Rush", "UC-In9h-36hmfls2BXLbcncA": "Lily wolf", "UC72_EfcYI5VY2pjq949QcGg": "Logan Kibler", "UCjBMkB0PQTD7_I5yMUSG7kw": "Logan Lovell", "UChDpJ7_zKRV-5aQLA4lEG3w": "Lynna Bethel", "UCf1pqOfO5Zg5oh2yfBTIKGw": "Lorence Bellosillo", "UCaXmi4GHX1OikcBY7yEi33Q": "Lugen\u660e\u77f3", "UCsDwKU-bztBotp1iGpP8Qag": "Loser", "UCJrCdTXctiRVhavj30JGjcA": "Lily Luna", "UCTTzC4y1cxBEMPUij66JeeQ": "Lol 0", "UCVrlRcXLP8u5MNz8rfbRIiQ": "Liam Banks", "UC1O_zuCQfzMQSfKarsoFrdQ": "Landen Williams", "UCkLgojPzVMe1NKVSL1wb3Pg": "Louis Valentine", "UCqFek5DDfzz7hDpZxirkjGg": "Lejimbo McGee", "UC50Zt8xKOkDXjY7mNJFZ99A": "LAKSHMI KUMARI", "UCAOlCmfiVgYRq358_GXN0Rg": "Looneytune", "UC7LysOG8L6dKyq7xp6hSO9A": "Lynsey Lodgr", "UCQ4d7B1J-9YuIY8ZTQ_juEQ": "Luis Zhicay", "UCrUY7mqzSw_wB6AxpKncVwQ": "Lamar Mohamed El enany", "UCWZ_x9nz2MhW9_tVyUxi8Ow": "Lyne Argitis", "UCTl7A4GmpdbbrhozmCj2liw": "Lalruatdika Varte", "UCkBjpxi0nEJoQAIsJkzT1fQ": "Louis Cuenco", "UCTblC1YhGxbICrHZ322XkDQ": "LX Smitty", "UCTqBe1VENThe22Q9RXFFNig": "LDB06", "UCIwg1OOr2tK26oUjuogy_lA": "Landyn Crockett", "UC7t2-H5qgTm38CJTXERtXqg": "Lindy Samery", "UCCsHDLmnlsLQ53YaQNVqNUw": "Lucy Aria", "UCwTEXlafO8DvPD56vDAE1kQ": "Lubega Shafik", "UCofdDIgUKGg51ZC0PFnHPxg": "Lauren Patvvvggxxxds2qwqwe\u00e8r3\u0122erson", "UCLbpjyIay6ezIqAfHpjsytQ": "Luis Aguilar", "UCkLjRIcN2VDezsfUXG-VrvQ": "Leegma", "UCUCUITlUD6smDjhbgmWjTUQ": "Living Life with Serenity", "UCGH5d7MumrMnVi_ahHUYi0Q": "LightBluly", "UC1rAItAqQSpVBWP6liLZI2A": "Lucca Van Opdorp", "UC8Gt6S2rv6hdFKcSbTgYlRQ": "Laquanda Goolsby", "UCRrXWoVFTzQQeqna-cldkeA": "Lemonade Candy", "UC3PVOg3Wm9vQxb8mPYZPeyg": "Logsparks", "UCiADT1V4Gk6trQQ5spLDMDA": "Luke Holmes", "UClI9PossuBTuw9mDtnjq0EA": "Learning History", "UCl9E_K0G1P2687NO77dPNwQ": "Loki.", "UC0yj9eis5gJf15IDspjPriA": "Lubz M.", "UCVL7oqPqOH_meIJoenc1ArA": "Luise Palad", "UC7y4enIrTowt_XBiAN3M4bQ": "Liam King", "UCS2pcNvBSWd7b2cY015HJCw": "Lucille Heustis", "UCjzxlHTlCj4945pqg5DvnIw": "Legion Ivory", "UCPuEpjGN7gORLdRk9yB4OZQ": "Liam Aristo", "UCftL3A2bMcYpNfrl5pKR0iw": "LobsterCanary", "UCbPlv9UtRJykhYNsFMhoDGw": "Lara Pinypon", "UCvPFsmvc0gL-qWRzo7awkxg": "Leonor Crafts*", "UC4WrTOgNTM34U6qP_VBQLTQ": "LeoMc16", "UCV3sVq2ycrjxZNZCX9CZaQA": "Lost-World", "UCPdVHTWjYRjDu4E5WDU8O-w": "Lolair123 playez :D", "UCTWdTQMZbjXbZA1VQvNN77g": "Larry Jesse", "UCKQZ72c3zKVESjDFK1rJeCQ": "Lonk Zelda", "UCQd3XAkcAoBPK4f3y0ehmEQ": "LYSERGIC VISIONS", "UCkEja3y2l42sturj_GlNEXA": "Longway 2x", "UCKTyT0D2ttcTKdQoIMUohsQ": "Leywin", "UClLs7ePRGx8TWFxdUvX4pYQ": "Lillian Tran", "UC3BBld-XazM0hEs9-Ik2M6Q": "Lynley Teau", "UCN4DpzsVVQvRGfm0Dua3DpA": "Larry Owsowitz", "UCniCp9k5KrLnImC5TXQYgbA": "Lily", "UCpH3b4FaQzljbAEwzEIzCjQ": "Lewis Kelly", "UCYakD2PJKzU1F-hf1MyCeFA": "Luna Born", "UCUUaXj6-4pDobeMNBLRn4rA": "Loading ...", "UCv1PZthEdi-XwTXvu4kvYlg": "Luz Alvarez", "UCL--SiL7EI_F6vO0_9pq7kw": "Lisa Jones", "UCw_si0Nl78_YcUIXsDay9hw": "Leena Lartey", "UC4590HZEpcXX7zT7i4nhBnw": "Lodgie Melnes", "UC5-0F2X9iYYBsjPaVpmVw3w": "LummoMax", "UCZMt2XC-aOohhoPVupj-yaw": "Luka Doncic", "UCPjuCnhz2o5z1wAj5WdInOg": "Londell Anderson", "UC2nbCRYobHglqEld3iJ1wDA": "Lundu 25", "UC2quitH7X96ygZfzUdaDYjg": "Lilah Davis", "UCUNBqEdKfYTnTLyENSlqffg": "Luca", "UC3N7WpSOCjZ6KJFzt5-c8IA": "Luke Smith", "UCJeKY2Ax7ZU2NGISlHI3LXg": "Laura Blower", "UCShZ9nmH-rjkEmIRKw__odQ": "La'Zarus", "UCOPQ3HMBgBfrBAzvJD9-MPw": "Laverne P", "UC5v7akrb4EiIpYZbZ1xZ6cQ": "Leon Addair", "UCQUKxszDYpF_3yJ4BtBhYVg": "Luc van Driel", "UCixOmfPBEjV1XhJf4MYDiAA": "Liz Nolan", "UCHg-V1zQCK9AY0m3Hm1f1xg": "Leonardo Bielakowicz", "UC6C3OM9HStwYM6Y1XWqGgwQ": "LeGitz Gaming", "UCoGVxTUY_enTwABQ418pQcw": "Leticia Hernandez", "UCNzENsWNeN0uUZKEoflnyAA": "Laci Lorax", "UCZQM4yCOZ_pAcjTtFPzJ2Bg": "L.F.S.", "UC5u_hLzSgSJZe8R_3cGkoug": "Laiza", "UCqG4APZDz_PS2Tn0HWkgAuA": "LucasFTW101", "UCmN0mPStjUjgI5Wueaj5TsQ": "Luke Ukyong Kim", "UCDV3Aqf9E0c0w5XgTT4kK6w": "Lynzie Enlow", "UCB-CIFxI6Dmgrj64BhJ8FkA": "Linda Sanchez", "UCqUbkrRnP1WFBIIwOHc81og": "L. Remos Perlas", "UCqblIYOZKPc6mpp3t4MGMPw": "LAW's fix", "UCmcy4iLVcpBEdLpl5Ysf6Eg": "Leo Zentos", "UCSMMJOGc_frDqAJ3T5NTGlA": "Leela madhuri Kodali", "UCskrteuYpVoXtpajTlziVjQ": "Llubidom", "UCHJlkyFyucseeBzX63ECw3w": "Luuke Nuke prod", "UC5Ni3UOI3ffs3bBTV1e8j_w": "Lgamer", "UCh0SWsHoi7o0ZwOOguE9j4Q": "Lifestyle of Mark", "UCdS28bxuy9N6EOyili7fCKQ": "Laura Santos", "UCLYyLuqnZpbidpSGfIeUDWw": "Leo Nidas", "UCirpmKZQ9WHi69J7r7Z0LLA": "Lemonplayz", "UCGTQ89433tpJT0HEEQiOa6g": "LouistheHedgehog", "UCjUc_V9DgIM7NHc62BLnIGQ": "Leah Pedersen", "UCkpEMwpYN4j58PGpAWYEw_g": "Lonely streamer ", "UCKFdz3xFHPdIjX0iJfsdrHg": "Lone Ranger", "UCz3qxjwxQDQdWGLbbefNhdA": "Larry Evans", "UCCUzcT_gvQW68U76V7E4cHw": "Lalubys official", "UCH-WvFl-MxzjDxf6ykFBpXg": "L Winkler", "UCdGy2KT8QVSpri-MVed9Oaw": "LudeleNYC Brooklyn", "UC_RN4EcKUVM37hXsJ_ktFEQ": "Lynne Satya", "UCQQTVYB7HCiLBt_C6bAiBhw": "Life With Lacy", "UCIY57dbi7bZLWe_jPhrS-OA": "Loxer", "UCZgf5LebVeGy08nuNCuz8Yg": "LighthouseBurning", "UCOirzouLaBX9ZTsx2_UPohg": "Lewis Parkin", "UCSvB2pD4BhluABjyr42DoFg": "Lee Keery", "UCGPmkiEgkDpnpT_qz_NekSQ": "Leon S H I T Kennedy", "UCXqMdt4L1kg8gzQF9wj4CQg": "Levy Shimura", "UCb-JHn-NPymK4J5SbiX3bWg": "Lazy Plumber", "UC5QtEznhRTwr_r06t1IPFJw": "Leroy Jones", "UCh3yt9KqNEOwq2MlPo_5D3Q": "Lutfi Alfarizi", "UC3Q_u614bJMCCivlEXfM4yQ": "Lukas Williams", "UCE7eWKmPioLPRp8rabSHo9w": "Lucas Magalh\u00e3es Luciano", "UCXkre9f97lQ2CcRebw_ATBA": "Lucasthajit", "UCsxedcRa67-agWjM8uq50sg": "Lj Sojor", "UCYfWaa4sbsGGoOLfiV2k32Q": "LukeBorks", "UCE-NArqWrS4Hadd2oat7y2w": "Lisa Duffy", "UCvvluoAQ4P6x958qGjwyeWA": "Leonita Lugaric", "UCwgcnV1Hz1RQsQYC6cZemqQ": "Lost Aria", "UCcP4aSJhyESrgLNJR01FnOA": "Lee Hawkins", "UC4aFXb8qPf7NgUZFf5yG_6g": "LifeCoachSheena", "UCYQdsk3Ar4jxP7TVS9SfgfA": "Linck192", "UCt0qqMD_Cfaxp1vtIdAw8UQ": "Luna Moone", "UCdPWn-kdvEv22D60Qrs8ciw": "Lee Wen Chang", "UCtcgErKSyM-GimDRVCSE4jw": "Lauren Green", "UCYPAU_yrx-Hy1deCHz47LUw": "Laura Vernaza", "UCiZ4T_2lppPHer0HT0bAm2g": "Lmfao", "UC-C7qx_jHHom7xJEJzvdndQ": "Late Night Horror", "UCYUBC52q765H0_M84BHhfIQ": "L Wilson", "UCNItYtE6DrYTbTVBcG66CFg": "LI YAN LUNG [3B12]\u674e\u6069\u9f8d", "UC8jFRFNLO8DjG1juJBqpbbw": "LarryDraws & Stuff", "UCgsj9xdmDmMYC7urb-Ya-nA": "Lily", "UCxyArTOOWMKd7zcOE9LaD4w": "Lindsey Pindsey", "UCVc9UlOuj0Y-9_5IwkSAbtg": "Levi Shi", "UCdWphDAeHL-AovgHnDDwKAA": "Lila Whalen", "UCaU-dfMDrEoD46sVqPUCJpA": "L3pDk", "UCDCEvR4muG95wkEl6wSXcKA": "LucidityRL", "UCKXGGx1wkzSePzhp3BUM4Yw": "LilSmoky92", "UCqouxEJ7qDd6btDjInXOtcw": "Leila Laigchog", "UCbt2A6PKiy0cEzYyw3KUEJg": "Lorraine Cadiang", "UCpQTXR529IMzlnRz8pFFmBw": "Lil JT35", "UCOr5zMnJocyrGk1s87efk8A": "Livi C", "UCil19-xoptpiHsrOtfLNpbg": "Livlz", "UCLX5KE7lvatQJjG2v5b3ivQ": "Lesco Brandon", "UCwtzSiUayocxaOHLnHe90Hw": "Like it Matters", "UChP3uX46ysa-V3ALoPdL6dQ": "Liambrownz", "UCYjbLlEagc5Fy9gdQFc7YEA": "LonghornsLegend", "UCYdNJ5MDMSdA28F7Z2Lgczg": "Lerhonda Suggs", "UCEjNKo3qXfBsLQzBax3knHQ": "Luke", "UCD2FDEmuYZQLDZJSFCy7gNA": "LK Productions", "UCBXiACVs8wlV98_IrLLuTZg": "Loftedcrowd7873", "UC7byBzV10bvBmnG8OShkh5A": "Lxck Mh", "UCtlFBzk3N8ZGi9QKSu_hZDg": "Laura Labovitz", "UCVtiavhU3Yr4TEApBjXxl_g": "Lucas Webster", "UCyr_yQ4wdpQ0SYMnDTTRQ5Q": "Lulu Howell", "UCkRgNhxe3GoKibwxrYbBftw": "Lukational", "UCWeGswe299mqnSjo1sFouWQ": "Luna Cook", "UCdGtkeRVafjUd4XF9bFlkGA": "Logan Schultz", "UCdN4W_G-RuLNS-e7LJU1B5Q": "Liam Boyle", "UC1e9pPgOM87js1jMqs3iG8Q": "Lucian Lucian", "UCmcFXp7WkCTdkPmGAVzMUXw": "LadyAgent355", "UCI3bEN0m5TFdMVSB90SpDoA": "L C", "UCwg9eCezL6EWiwyXht8cfeg": "Lars", "UC01eBELxU3m3vbSbdf2QMdg": "Leon Carrasquillo", "UCDonR7RdZlyRKDl0s5JETig": "LazorVideos", "UC7hlNI55EGIldhJcFYERTKg": "Latoya Sims", "UCb4BjBmYzKmnZvBAF8ti6vg": "Luke Clarke", "UCuPX2YXvXFIJyp_ix7wa7WA": "Love Wins", "UCqfXJslKQnLyXuApQmeWs6A": "Lean Oficial", "UCuFclxpSyy8VS3x35UVvufQ": "Lunarplays", "UCgnaGtFPApWivGr-pwaHCvA": "Linex Mugambi", "UCZoMVu0mbN5XdOvBWi1Mf7w": "Lucas Gerard", "UCcQ6kZxpLi66v5Uf58ofS6w": "Loren Robertson", "UCOUFaogRnUugklnW6Vvfrqg": "LMNOPea", "UC-2g6p0jaIJtyW1QDHC-jow": "Link", "UC_Il2VKmawYh76NNaXU12_Q": "Lycansamourai", "UCIAy45TprLFjuN-Nrsb4Tyw": "Lobster_gaming", "UCyELWIVve46TmSzQljfYDNw": "Lili Martinez", "UCRHioryXDRx1YOSq8zIwb_A": "Luis Silva", "UCokM8UBuVvLC10GT5capFIw": "Luna Llena", "UCWguE5KdwTou9fp2Aj48Nyg": "Luc van der Horst", "UCBZg55Le-sz5LHVHjbEOLhw": "Luai Assaedi", "UCKLCY5e1nrbhuGvT8bSPkiA": "Louis", "UCdBxpFDZMyZzEKOfrf5enOA": "Lee Flaherty", "UCYvEPO6UdtNGxVVTjYxl_eA": "Landus Dawid", "UCPSLLI9K2cGKqMvn09N9Fng": "Lizzard Stuff", "UCXXrzmwXl3nJa_K8-ky7myw": "L7 Legend", "UCgqNXvmUwQChJKd0FQgU1Zw": "Laura michalski", "UCpwtI5D5hcEbQJ-4RuXfvuw": "Lindsey Tarsitano", "UCwk3t5G_XnPX4pQpTJDpOMQ": "Lilly Rose", "UC7HjmmGHSrTMz944D87636A": "Lone Master", "UCpiFXBzZMeEteVSbWH8Oe3w": "Leigh L\u00f3pez", "UC4_cSLWeRHhbV5NNlaGHQDQ": "Lemon Demon", "UCmYs_RssBEsZgPrM2xwSJag": "Lam Dang", "UC0IKQywN0dW-et8Ijh9wuSg": "Letsplaylikechamps", "UCF6KJWNRbryCfSACsJrdyyg": "LordofChangeLulz", "UC-pa368WskhU2GvmoEACthA": "LisaLovesLearning", "UCuLVlIOTVcs1NnTQ5R--Rpg": "Liam Lobban", "UCvtrokBo0DssQt5e6KtCAlA": "Lalogue", "UCMkvvg3yGgwMzyztrPglcZg": "Leland Verdon", "UCJKsHHpZ3wRXBnJFIsdgNOg": "Lee Jon", "UCU_j3qZqLO3k6S0x5EfUVkg": "Luka Hans", "UCLz0V86Wzr2nDFpntocI_sQ": "LAURA RAPS", "UCYZmuHRog80UNYHNRSLQqLQ": "L\u00e5l\u00e5 Ch\u00e5n", "UC-JTHEJyOBn4wjA2QMLosDQ": "Leah \u2728", "UCsr-7DAah_z0rMZ5nJ5HquQ": "Lex", "UCEL1W4yDiA7J3cuK8UWRREg": "Lexi Leyshon", "UCZHoJWzMcPBpZHqGXjkrnng": "Loulou Bernard", "UCwyc8S4273439cAqqb47tUA": "Lillian R", "UCufi2MWACyYEdLYwB_rTBwg": "Lunarvox", "UC-5lwCCR3iI5LNh_Id46oPA": "Lance", "UCtUk6lj-3fJNcwRwkz3vclA": "Luis Angel Garcia", "UCQmSmSTIrtL5jCgQJa1-NBg": "Lee Williams", "UC2zI_FRTfJjCRNjIOQzSl8g": "Leah C", "UCby_wSmKRUXN62TPoFjZvxA": "Liam\u2019s meals and games", "UC28OoR0KQgDyXcUp-uJWY_A": "Leon Lowndes", "UCRBdUnRqfiqN2YJzptja1-Q": "Lawrence", "UCsuyUBfkSGvxNk7CQj6-PgQ": "Leslie Churchwell", "UCdsTOOe-yv3BUkgFwr5GOmw": "Lola Parker", "UCcVyc6oYXXQI5qSbdVwqFpA": "L K", "UClrGWCDBnBFB0z_AGj_H9LA": "Luvinqrey", "UC2Z7I58t654zX7lbfA1XJtQ": "LycanLink", "UC3t_OV0qJKdzUubvuPPpFQA": "Logan Wells", "UC4oNJyjqJzFnRqsYm1VSEAQ": "Lena", "UCNC34jjZWT9BROjx_SNXGYw": "Lia Herrera", "UCfIMhXaHH5ulkPgM2E7Za_A": "Lauren Petro", "UCOInjTVrdTl7waYLC6rGxcw": "Lexer 08", "UCmHs_HCrHPbYeZqeNlm0tBw": "LightS Kaiosity 0", "UCr9E2gHoXugmMdZLrtcgmBQ": "Luis Donado", "UCWClWI_TXEB6NRek_Na75fg": "Levy Frial", "UClT46MhgEM4kjXRTLSzvQQg": "Lee Davies", "UCzP184vnurewe1mkpm0HwWw": "Laura Quintero", "UCK0lWZunsX0cpB-JwtawodQ": "Leonardo Donato", "UCBcmVMqcKciV4Ajma0nuGwA": "Lizardlover99  Meep", "UCgLyuk0QkrqzNiCGP5nq8mA": "L Marine", "UCJCRbS3kEKn_Xqeap_crfkw": "Liang liang", "UCwiUhkoSEmioqlBG9F8ERqw": "Lahni Reinhart", "UCU4N9ntgxQIZjSbhhJH6Hiw": "Liam Lambe", "UCOE2Ad7GuIfuEBKIEikEiyQ": "Lgc Lazar", "UCvyxv6m5nzeyKN6B5QqhCkQ": "Lucifer Grim", "UClLrz6voSQivtyS9LlB3vaQ": "LittleSharky", "UC9LKuuQ8vJmvSZjigSc-3jg": "LaddisMaximus", "UCxfVbuWXJAPQ26tL6_BeLng": "Lanooski", "UCFy4UdiZQkvqG_Fi_WmZ0XA": "Lone Wolf", "UCAdpddLHUKcopxXuhMNRgyg": "Lori Anne", "UCZT6Mvt8YuyO9uUzmX-s_TA": "LOLTheLOL", "UCYM8eWzOjEK13tRnQN1ygfA": "Lukas Jojonas  Puki Clash Games", "UCo72kRH6eqWoaZmlOTlStHQ": "Lucky Lucky", "UCknbWt8n9CPPcNqkOC75Hiw": "Lars Huijskens", "UCujaP1AOtjZ5_QQiN6Cwngw": "Limit. broken", "UCX1v6Ue0JOgjtow2BiDxQ4Q": "Lilah Jo Whitfield", "UCItB-T3Z1gvZSY90f1kKquw": "Ludvig", "UC5qKc4V9d8MEVDPkiwziCkg": "Lol Lol", "UCqRKsydlIIhSq7cFMDVXc1w": "Lucy Petersen", "UCvHVtNzL1P1mPZOv9xy2KuQ": "Laura Dierking", "UCNKOM7PAYC6v4-OMRR8Glxw": "Liz T.", "UCMX6LgXsore_BqceYKk4psQ": "Lemon", "UCEacY4yF4CXxGj8alMj_1GQ": "Lili", "UChNU5BenJHvi2lXefYKBKeg": "Lexie Johnston", "UCZrSCbswxCPlU0Sh2a8tPlg": "Luka Cvijetic", "UCxA60QhTKBidEdEyQf8eNAg": "Lola Jay", "UCCcZzRothqWPfkOwBn2-87g": "Lerato Seotsanyana", "UCcT5oPa5UpoiNC4cY5eAtmg": "LEGENDARY BIG BOSS", "UCm8a10zDDNPSBCMvWSpy0MA": "Lauren Lamoree", "UC1gNYssCft_qxqnAq_DLPtw": "LucyPlayz", "UCABJjBrNk22fDjof7E3zUeA": "LobaLive", "UCBNIR9jvNkwtP_9cPOb8EuQ": "Larry Fenix", "UCoxa2ZxIzNJY3381-J73OmA": "Lewis", "UCOjuCgfSzFBqAnyIkQdFjAA": "Lankan actress  hot dance", "UC2tUpf15-qsSrSqm40ffZiQ": "Leilani Moreno", "UCWL_k2r2qcU1VkNb8reY_XQ": "Luis Hernandez", "UCpcEugIGO0K80SK4O3lTc3w": "Lora Beth T", "UCSkQq1S9-16ve-1PBb3hPDg": "Logan Culp", "UCVzan0giz_LeVNSQHtaFEBg": "Lee Roth", "UC4y1ye88FJfllKsnxBagfzQ": "La8ghost", "UCUEXmMhy3akTaejGhPBaRNA": "Loren Snyder", "UCgms_RQB_OTCNoXKKE6MbJA": "Leafs Forever", "UCWn9hXvUSiwMBiaQn9bjOUQ": "Live And Inspired", "UC3RZ_SXKiO6GVVTCmOvRa1g": "LGG darkhippy", "UCm-5y-UMEDtmwI9su__kPdQ": "Lil Kawaii Catt", "UCM4JXfv-kjVlMj5N8-2mm6Q": "Luka Wonderboy", "UCfFZl-sMNIBg1h95GHDMNHg": "Lord Grunwalder", "UCyEkyJwJU2PELuhpYoV77_Q": "Luke Studio", "UC1td_5SSCt07qJo9IIxYspA": "LonelyLoser", "UC_4kr6Q3xAxOTK-9txr-5GQ": "L00ww", "UCMlbv8IBR_6pq1D3aDp2cyQ": "Lukie Crazy", "UCo_c-orfP5dMxxSeSG2HUhg": "Living2LivW/Christ4Ever", "UCdfmH4G1s_Ht1Cn99FwSEVQ": "Lord chungus the 3rd", "UCk5bihf4KOGqOaf2lyZy6AQ": "Lily V", "UCB4AWn-1PXR7uRfA3VtgBeA": "LoFlowz", "UCKGnhA5hZ21pxKEuetOKUGQ": "LTERMINATOR GAMING", "UC3hWenlUDys5Ka7Bar6LwlA": "Lew Eldridge", "UCridqTvRh8JC1lNpBu5IV-g": "Layla G", "UCSYo5htwe6-J1_FrnKDnKLw": "Landen Collins", "UCvMDNwMDUdZ6SMuBITcJrzw": "Lex Ley", "UCRPZBCCjmBo2tw6VU3umExg": "L\u0277w ke\u00ff", "UC8x0lQnZHAyMfAIpeHdMUaQ": "LMR23", "UC3pKG-YIL4yqFX5PkP99wkw": "Lina H", "UCAt174KqGlGNKnuct231bpg": "Latioas", "UCdTe566zcNQW8wGw69xNv1w": "Leah Rose", "UCS6S1scbOF4SXkZ8b6hGcIw": "Lyla Barber", "UC9dV2IpElo89B_f72N_ayMQ": "Log1c Is dum", "UClnSjtJiZFHUL2yO8vtPmFw": "Lewiwa Handridge", "UC0HOYVbq_kqor32pAeEOhCw": "Loki-LL", "UCLu5l1zTIOvrT2NiXZWV87Q": "Linda Axelsson", "UC4GZbhKFoIlGGY9G46EBoTw": "Libby N.", "UC7Str0ZLEFEDlfd8UJhjGSA": "Loumin Jikoot\u00e6", "UCUgNWh_Uz_eM0JJL-PKpDjA": "Laura Luise", "UCzyk6oejvxMO7dB3fKCIsgw": "Laur", "UC2TRJIQnPyj0aHEKWKrtMVw": "Lulu Moreno", "UCdT52lhXoSoAIVKJLPmhDMQ": "L G", "UC2DkQdJdBzrZmXRnTWOaWVQ": "Levi Lore", "UCryEGpVELvqnEqoDU0BzZSQ": "Lautaro Gigante", "UCn4nLVfrpW79cHJ8UENCEnw": "Leon Karpany", "UC29Jt_wq_Smp36P1UmqinoQ": "Lost", "UCYXcD8xBJmKQbE8XoIa9ULQ": "Linda Haile", "UCcSjoMZ6o854pFmNFIXj2bQ": "Life with J.T", "UC73e4UrMs-RSKCgXYrBtJiQ": "L.C GAMINGHD", "UCGtqOmtqKxBwqEkJQqGQFPg": "LackOfv", "UCTgKQY8WEADSLf5PcsIkajg": "Lily Rose XOX", "UCjCTJQ982u8w-RlHhBq6mRA": "LuanaNana", "UCARuVu0356eR3uf-vUuUdRQ": "Lee B.", "UCj2yXhwAWQH8MDEZTYAv9Kg": "Lavar Ball", "UCN6Njimf8TVkOL4csLma-LQ": "LuckEm", "UCzaPnYHZPGjF53rj9OdHiFg": "Leobardo Najera", "UCJfg1pJxu9cMYS89qBDgRzQ": "Lupin_Wolfee", "UCHiEs_Wk8nl2Bkh6UJyMIwg": "Li -Ion", "UCdhWhobFAfECDOtDOlcvzRA": "LlamaPlays", "UCCkIRKs8hkV00xWIYnQpYlg": "LX BDK (If I don't reply check my acc description)", "UCuK2t6VL4gGjRWekBGgc9ZA": "Linuxtrith", "UCjUJmGqW5ZeUMFM6t7J3CEQ": "Leslie Hall", "UCuNkJBWektyVdra0NigG2dg": "Leica Marie Obano", "UCnFP98xyqB_f48PrXpnNiZw": "LeoG", "UCZosT93zeol-kVQ4yTU_0sw": "Leif Boyd", "UC1HmRDUDa42UCBDbm6dmAgg": "LipperMoment", "UCaItvb4lJXPKkOdkVM82AXg": "Leon Barrett", "UCR8MfDajxBMZybDkJxQljuA": "Lexi-Stella :D", "UC9uiZURud6awn8ustVTd6Cw": "Look At Zett", "UC-OZpVew-1K6xZbu04gTedg": "Lynews", "UCUMNzRRcHsuq0T98NDmk1tQ": "LiT TV", "UCNe-l0CqTcQI9FYgn7Sh_Pw": "Lorn Meditation", "UCNgRaM5E4ZdPuXLkMbQKiRg": "Liv Hoevel", "UClLbaUHztRMf8bYHn-ZvhRw": "Leah Morales", "UCt78IP4qZTZp7a3yob-eXbQ": "Leah Mia", "UCsxvKqHtcr4b3NIH9PZuJrA": "L Adams", "UCL_lGam3ruyuR9bs0Dhux9g": "Luke Nelson", "UC53JJBlgRd-vJOh-ZT2kOTQ": "Luna Lei", "UCqtp4OsqEUq5ze-KS2fmUEQ": "LS EH", "UCQK_pn5XkF_EX_FMb9kg3ag": "Litx 30", "UC8TtOKj_Djb2vhSivjVkIAA": "Lobexir", "UCzi7HhJzU3d1a5b4wRTPWww": "Lavanya D", "UCbc3P6_w0XUFbY6yDPrOZ6w": "Liz", "UClrs1zbtrw6M6IHCM71AIHQ": "LaylaBaby Angel", "UCr_dETlkRT4iOXKHsHb4syw": "Lolo0129 Portorreal", "UCmNrrdRkLBekU1tBfH0EbNQ": "LigthKitten8423", "UCdb03iQoUWPYcnhpsS9tyaA": "Lewis Coventry", "UCTiSIC7kq2MVdcd4e5OIYyQ": "Laura Lyle", "UCGT5VyHlysr5-yyebNQ2-IQ": "L0n3ly_Boy", "UCvBvDwFIk4bBRxHXgfyPTlg": "Landis Dillard", "UCHqhvcSJziRUwqTHVcepbEw": "Lindsy Martin", "UC8TrL9ChUtjsdcHC-BSHkOg": "L Plug", "UC_J4pjQMAG-TPBeSQycb3hw": "Lucifers Angel", "UC7xJfVMzNGrna3EQcVaT9CQ": "Lil Stubbs", "UCgDu-pgGkkTM9-QEaQ4OrlA": "Literal Sarcasm", "UC7Yaa4R8DyQKMYymlVu6vCA": "Leann Faderon", "UCMe4pDUtQB5-Q776DH4ybHw": "Lobitking001", "UC-VDOZe5ahxlnwZbIkN04hQ": "Leslie R.", "UC7lCEu1pXWe7bI4Gq2EaFUw": "Lauren Ashley", "UCdpRVYQdSAHXg22OfmovsWQ": "Lahtac Healy", "UCfIxo6YqYWzr7bZQrmzEuLQ": "Liz Baquiran", "UCqzrClafZ3DQyc3_zyGpGxg": "Life with Jesus \u2764\ufe0f", "UC-HF9EWjp5tx2OU83yfIh9g": "Lucy Johnson", "UCY35wcLe4c_CUOZ77_3osFQ": "Luka Langdon", "UCWPGeiXBE9wCbzI8PPaKGCw": "LORD BEAVER", "UCGwbtI4mYySoiavDAh1GC1g": "Luis Pacheco", "UCiugJZGhOFyV2n23c_b5YNw": "Life of Liyah", "UCBj7lf9bAmctuhsnZ3oxqsg": "LayedBakDFR", "UCXuT1vw_Kd4SsxrLPJKegkg": "Lil_Ronnie flame", "UCmutGMUIEuYEOE5BGbUYRcQ": "LK7T7 LK9T9", "UCkbqvBUJ-TXIh8AOGUFpGkg": "Lovely Weather", "UCPI9SutrzncMf3qPz1nmr_w": "Liam MacAnus", "UCM4OS3A4GpTBVo2rhJy3UOg": "Layla Green", "UCUforlRWHM_PjN8RybHLnoA": "Lol Lmao", "UC81zV8In-C95wdYgtx6ql9w": "Loser", "UCV9ZWnryKKmMGUITyIXN5gQ": "LotsaYots", "UCBHTuL48jU2C3jQkO7WzpgQ": "Lin lawson", "UCbKyuTXu_HQrmBfVdmxzesA": "Laney\u2019s Studio", "UCd7Z_PgBlUVtSvQCJF5O2PQ": "Leslie Mangual", "UCy55ewncI0k8xcHpi4acWKw": "Lirain Weerasekera", "UCtt2SgpmEqOtBCUjnA3etlA": "Lit Man", "UCh1ONg74rezoGnAzTnpj7rg": "Linda Wilson", "UCxBz8EjClivs45-uP6X9nnQ": "Luunn", "UCIMTSYOJH3zdbmUNnITAKew": "LA Guitar Network", "UCmtU8Dv0Ce-pRfI3KmTKp9g": "LuvToys Collector", "UCe1TyUoNKgUaQfFXLdhTHgA": "Lilipadkid", "UCmHdPBEdsUzdVhEjar8Wbmw": "Linda Chavez W...", "UCuKvSiiJ2jHuq-A9WmdUP8g": "LM47", "UCQflrnKyCp_0-kw3NthE_iA": "Leonardo and Dantdm Lover leader and queen of TMNT", "UCAJ3PBR28-9lUrkw7eGFXxA": "Louel Pollito", "UCbKEGVSfTjYV15eNRNqYwgw": "Little Harrison", "UCBckJx4tvexZJakIxgfY4Kg": "Luz Maria Rahla", "UCDi6dW-iQNHomU4J8v2Hjjg": "L Cue", "UCNbgZb0XsSBenF7vbqZMAWQ": "Lxncelot du Lac", "UC080rz04eqVgQ4nfaz7aBvw": "Lollo", "UCb7QogThCYA1h4Y5JJDIzPQ": "Levitating Eternity", "UC3yThSBObL21OI6kEB5sqtg": "LM", "UC2_8YEFvHuYCj9zwfbbFNPg": "Laura Ferguson", "UCVN2M5pkYKUg-L6eNt-Be3g": "LSJ Martin", "UCEmspx2qneXc-Q0Fh5Q_wLQ": "Luis Lopez", "UC5RXeRMUWosFugNf-KsOHiA": "Lil Durk & King von & More UNRELEASED Music", "UC6okaj3jbwm_k9KWTjPPdmQ": "Lick", "UCKGp0-pb0a3t6gMOCErbrRA": "LeviRaj24", "UCy-cHs1mBkaGWPNdxXMqyYA": "Liz The Wooden Lizard", "UCFwIDCBZYJ7EFBDlmRgi4Jw": "Lil Friend", "UCVm--7_rZl_eR0PqEjnbR5A": "Lupis", "UC-z9TvvQh5YFl_HLu8ond-w": "L. Sicheng", "UCYuQCPQ_ykyNcbSHYH-sgjg": "Laila0421 Horvina", "UC1r-Ba1czmEbN5ns9koB_QA": "Liam White", "UCZbk2lToQrq_hiBgy6ILbOA": "Luu Tran", "UCTvEmj2UOm3iJdjK2LcVwZg": "Leon Mills", "UC4Cw5f65w6aLV4qKfTUqWAA": "LegitBlaze", "UC1VB0aYBVN-b24VRrY41yPw": "Lock", "UC2jHTqHeWFQzT61vAx9MEVg": "Liam", "UC6vfMVDMsVTkY_kXwUEpPQA": "Lets Play", "UCRKHeen2wSdTnY5-3h086iQ": "Lia Anderson", "UCJyVd8ChP4HW-K47roI5w5A": "LaVar Balls", "UCnMz7D2NoBdIoRHVwaSVF9A": "Lex98", "UCyfX1QVSld4eJH2lGOIAlHQ": "Leigh Gowland", "UCuwcPz5VyCfxoNv8RT5y0pQ": "Lil Red", "UChy763ORFJ8-bsWcb3NFNRQ": "LIZ-O-RAMA", "UCP_6UWCmmiu4CmgKH2oZeXw": "Lydia Styer", "UC5UpbbBc5g3L4HnOjoP7YjQ": "Leo Matute", "UCJvKHMkTbR0MMFPjimF89Xg": "Leo Adam Buster", "UC4ohkM6SYC34zjkqoucZ23A": "Lucifer Morningstar", "UCp6dzgsAUrq2mjy9I3YsvGA": "LookedLoose", "UCYeap_PfyEf_xng9Uzje8Aw": "Lavish Information", "UCaLLYqBL8H9ROAuN2rIfVYw": "LifeWithRena *", "UCxK4N_dBkQUzcx1v_VLKZ1w": "Lewis", "UCAE1Onav9xhOqdL_4A4DGSw": "Laura Lee", "UC4SMyl-ftXGIxIe6lhPtzrA": "Logan Myers", "UC6RxKjSZSjad_38B0Wod9wQ": "Luis V", "UCIBC74GU_kDOE2uU_d-SEKQ": "LEO THE DRAGON ", "UCSjZbi1qju8KHw4gLGtBidw": "Lipu jena", "UCEBBK3AGd8T3dntGrYmL3SA": "Lydia Lemler", "UCLXUCtsvc1exy8p0jWlA9vQ": "Lyle Kress", "UCqwA8Ul3UjDn8CT2uwjLVEg": "Leo", "UCYZm6WXU39eF9boC193j--A": "Louis Mountbatten, 1st Earl Mountbatten of Burma", "UCydnURm8etyhRNmwi72Bpyg": "Lalrinsangi Pachuau", "UC4jvMYZgE_kQVLiPvTVrjFQ": "Life on Mt. Everest", "UC6qHBCFaUVOb8YzbRUL3hVw": "L. Austin", "UCEjHXL7cnWdxoFUITB9U71Q": "Lucas", "UC5uSB-9w8B6xVMA_XHSzAuA": "Lance Shoaf", "UCrsbOpiNWKFxbZ9cx5_5JiQ": "Lisa Adams", "UC0goctYlyE03zBQLW8YDx8w": "Lauren Prince", "UCFBJol749O2NHWxKrsImUBg": "Leahcim Schembri", "UCejMpkJ2DZAvYL9_M9aiWQw": "Lewis Johnson III", "UClQpPMC2A8K28VmB06XdUhg": "Leah Wolff", "UCU0tUp60b18MwhBltl6fY6Q": "Lindsay Cruz", "UCVqT6pwHIne6iaw5-6jmwTA": "Look at curry man So inspirational", "UCcjFnq0Y4xmv78LXNZcqwIw": "Locustwastaken", "UCTqZuxKOCQVyjSNswSX0Uzw": "Leo L", "UCi7bTTGErXvjyPoRqNn8oNw": "Lambwolf64", "UC7ZtuHs4DmtZ_3EMFn2jDdw": "Landon Williams", "UCjkLZo_ts_QFuuObU5105AQ": "Lou Dort", "UCsLNAnLmwFBFX12GhsziflA": "Lorenz Mende", "UCxtC_CQe_1TnSkjQPKVnaAA": "LeemaxMCPE PvP", "UCfJIsnm6bfmXGDa8SOXMaLw": "Lucas Adventure\u2019s and Fun", "UCpLjwmFRHEvm5ffcT5Ewr_g": "Lollo Lollo", "UCPgD5I_HKrGO7i0BhFRfMgg": "Liana Verwood", "UCrf9NBjmq87ZOXZZ0flhmvQ": "Leonardo Marguccio", "UC6J5axsGzXUJ2vrma7Sjf4g": "L. Gaye Wright", "UC8AXDw3RALSrnXUiQ-DRSQw": "Lizard Mods", "UChxmoz1TdHYkT327tLF8AcQ": "Linda Marie", "UC9VmY791PvDm3WHW9RcuJ1Q": "Luis Angel Flores", "UCryVXmFbiLHPYWLhRGMu9-A": "Luca Chieregato", "UCwBzmpNmeR9SMG1Di9B23FQ": "Lonell Edwards", "UCvrfchDjpQ_JQD5FkisGoGg": "Lee JooHoney", "UCHp6h9eNhoNEnjyr4yKctLw": "Lana Fair", "UC6XGsSe18bmruMnZwA84a6w": "Lawson Uchiha", "UCyp_EG9MnuIaKXpEWb1U93Q": "Lillian Audrey", "UCCkK__fmQbSMQM1rlfJTtHg": "LupusCalluna", "UCWg3UMCgs69_0HDrecLWf6w": "Lincoln Maddo", "UCd0kRSg9-Lh-m4f4yzv4rPA": "Luna Willow", "UCwpV807NtFFNh_yLRg1rfmg": "Lingget Villavacua", "UCUH5IYWVuP6C2T0wTIKj8zg": "Louis Emery", "UCTFfsBdpx6tlxLnxNV9O4Kg": "Lucas Nunez", "UCVNOR8LWFo7-5jpR02d5rrQ": "Laurasia Roy", "UCjf2EBPzxr1dqlhr0WM095Q": "LIGHTSKIN&DARKSKIN TWINS", "UCwvXPWEor0RJtrCeWoG_AZw": "LikelyShadow", "UCMHHbYvUo490XbrUGshcziA": "LazuliLupin", "UCiDHcb5DawCZvADaEX1Bt8w": "Leslie Sawyer", "UC5KEBnTcP_L8-WNODgadE5g": "Lachlan Davis", "UC6jlGUNj69pxZm-UdgtIcFA": "Leonie Sii", "UCZmaM7xRlwizCV5atd2oq_Q": "Luiz Gabriel Lazarte", "UCiJH3dpGi9CyjiMiUf4JZVw": "Lheana Liv Pore", "UCkbZ2AyRWtphwTNS6r9KE5A": "LFC Spectre", "UCqn7VOAyvOvfhiSf6U_BRyg": "Longclaw", "UC-svpjHo7zdse6VW5YL-jYA": "LordDante", "UCOOp555yItr-aoInAktAcgg": "Leggir", "UCst3ALJc5eAjZDZdwoQgmpA": "Livvy Ostrander", "UCdCPzg3S-1tqzkwJiT5JIhg": "L E T I C I A U R R EA", "UCWfPyxe9mgsjdJ2yd0zZ-vQ": "Luc", "UCs9Pt9s8V0SDfhrfFFCNV7Q": "Logix Indie", "UCqKtkqw41TYp-EgNV5pSWcA": "Le Herp", "UCm20HVCuz2jz_AqHQbg_QbA": "Lorenzo Mautino", "UCf5GsXkS9ZbGwwVCidJ5cSQ": "Lisa Russ McKnight", "UCv8usVvNhjbfxhKog3dWJAQ": "Liam Falbo", "UCi7ZKkyT-0aeQ9dGKGCm7iQ": "Lumeme", "UCmMkBH3HFaAa9ucOrkkvB1Q": "London Jordan", "UCtJe0zl3KAhmjSc3O44LSqQ": "Lucky Adogun", "UCRFvwsNd34Swc4DB4y63LGA": "L P", "UC0s4g7ToZ1XaL_STUrDGeoA": "Lacus Clyne", "UCwVY7F4sKoFRmxCOT7YddwQ": "LRgogo", "UCzUhlCGWBbe6cPOO0dZ-nGQ": "Ludimila Vitoriano de Castro", "UCl_PIsk-UNtR5xe0-dROmlA": "Le Dog", "UC0STM9iGmL_srad0go_UWjQ": "Lougen Light", "UCH5UUal1TxpGJtRLVJGZL6A": "Loony And", "UCDpMrMBrZ3eYOf3UTk8-NLg": "Lazy", "UCfFJfbisSjwklPwFZ7kZedQ": "Lindsay Barkley", "UC2JM_T-meqg0u7iDA_tjdMQ": "Laur Dr\u0103gan", "UCqPJI3jOP11SVqz047BH0GA": "Lanah eno", "UCvjZ7CeyEccyt2XJTVpWP4A": "Lets Go Brandon!", "UCSNYpcF3q4FlEsXDiMQq2Hw": "Luke Wallace", "UCREf3j4a37xSYpQEJ2Gb99g": "Leffer suck it", "UCg_zEa3JwilJ3Z04DWhMz4g": "Legion of Harmony", "UCCjkMLcmun3dQLFdPmwSWug": "Lucarious", "UCEON8oQbdEVxEXdV1H2oP1Q": "Lachness", "UCmTa9G164cymW_RsROedO6A": "Leah Rand", "UCZRzxKfvfXJ0u8eYgaiE5vQ": "Lonewolf Productions", "UCJjRG1dl-YD8EYPOKv1PDxA": "L", "UCN0TFTSRi_dvoFXfscBT-9A": "Lusydead8", "UCal4AIR0Ic4YaTOy1uuCndA": "Leonides Baeza", "UCJ1Ubu_eab7aGkFULng73Pg": "NachoBro", "UCXPUxbIFtVTWV5FfUL0uBbA": "Nathan Jackson", "UCY4Z8jBLN-7Vj87tse8FarA": "Noob King :D", "UCDEgYYrMh3eCWOxD5CAJTQg": "Natalie Gram", "UC9utvTV3QETbD3OAIvtbKYw": "Nics", "UCThzhtbN5rs5w66WPchB_Ww": "Noie Lopez vlogs", "UCiyG7tZyoPkeKfCna15SbBw": "Nam Pham", "UCwAZXq9nusTM7fQGZa9lnxA": "Nico Quintal", "UCyg4ejDetgnt4ldEogkIXaw": "Nate Hoskins", "UC4F25zRAR8P4O0JpChnghsQ": "Norien Safdar", "UCVBWMDdEmypX93jFbDJJHAA": "NolaBoyTeRoy Lee", "UCIa-rilei0fnLVJAIQ4iK2A": "Nichole Hernandez", "UCxwatamvSmUo9lrXQDb_KsQ": "Nikki Spandley", "UCLiClz9Jrk9UrNdJmELbN5A": "NXR", "UC807haJh5pLpIlaZqjCp7-g": "Nimbizol Gaming", "UCB-J84aXj4OCTkIKXG7j2rQ": "Nigel Gentry", "UCWVT_KpB02mcxIZIiEHf5cg": "Not Magolor", "UCOkUdYcCTABwQomMKQVrJjA": "Navoii Gamer", "UCgds8ZqLd4D4pXjpw3u0AWA": "Nam Deo", "UCU1lYMUqpT-ODQzgJgmeXEQ": "Noah Joaquin Oblego", "UCRzxc3lTb1Ge2REWyLsc8YA": "Nkaujsua Vwj", "UCiLqYVdpUcCfsvSn386LqXg": "Nyan Krunex", "UC2ZKsb46p7TxO3lDTUYMClw": "Noah Talks", "UCoAoRode2MDBfFDRVnGwlhw": "Nicolas Tabares", "UCuVVX3wp42_Yt0rqRMcW4zQ": "Nicolie James", "UCho8rtEuClTRPiqZKnn3l-A": "NOOB_XD", "UCMcGolb3Ls4Q34AqnfE2b6Q": "Nicole Williams", "UC1YkbxdW_j89kAbZTWJDUEw": "Nicole", "UCcAgQTnGKQpcqvUs5KBP4tw": "Nelson Elangbam", "UCC3-Mgjfk_3TkMyGGtSOCPQ": "Nicki Rosiere", "UCGvqYY0GwO4a5aUBSx6eeZg": "Nathan's Stuff", "UC570gY0uIWbjGWFRv-HsIMw": "Noriel Sabado", "UCTQUIK6GVDhzYU-iNnYWKnA": "Nazareth Tube", "UCyyY28x5k750W_gTsJb9TVg": "Nanci S", "UCtuivatvbWnKeQtiHaTGvMg": "Nebulos", "UCIBc4MXlvuyGZtH6vcxba3Q": "NinjaaR 2", "UC1P1d39BWYbNOlO1MM0iWbw": "Nightwing84", "UCn6E94LEf9Q5peJV5dyeZ3A": "New York", "UCx5Se-oezAlXk5KXS9qOx_g": "Nicholas Christie", "UCU0wRWhUY2ecrvOJ2jIowsw": "Natalie bell", "UCmnyLLJoVRQgHa_iPuc-MVA": "Nightcorick YaTo", "UCPnj4Aw5nNgUEjtBqPYUHCQ": "Noelia Hern\u00e1ndez L\u00f3pez", "UCsLfkgOhqqBriERkUrAJBYg": "Nabibi", "UCytUnEuGphT52FXWKvMoupg": "Nick Northcutt", "UCkIB0cP42f6D1QjD9AXcwZQ": "NormalWill", "UCG39Z82AzJnORPhyXjjb_bA": "Nathan's Awesome Videos", "UCR8xm42cvf89oXWQRF5mLTw": "Nia", "UC61AZh1I67T7ABZz5y2chtw": "Nigel Teo", "UCWSY44WoOAECWLMRr8pE3DQ": "Noobie Maul", "UCrdwY3SeX5rOpRve5l0V9CA": "NOMADS FROM NEVERLAND", "UCLoLU3IMYgMSiv_Xwa5yPxA": "Night Kore", "UCZf3ysYLwVd8RNKmuJmX7cw": "Natali_ 014", "UCn1ARQbsUBdT5UqyZZE7bWg": "Naty Vargas", "UClRW8TyrzoGIhpKiguOqgKw": "Natalia Alonso Cabrera", "UC01JOl7eiT-YUVGQ2m0i-Ww": "Nugcon", "UCOTA83eLCFCL-TTbuG1o3gg": "Natalie Ross", "UCv-rP-1ee2E6IIHSFxheE4Q": "No idea what name to use", "UC2Yt7myNF24CCBA6lCt3Wvw": "Nivek Fifth", "UCqgpy5dLAS1wSjR8IsyQfHg": "Nairobi", "UCvd0onHA_5_qs-k9h6q_siQ": "Nicholas D", "UCBGusSOmSCToQj6Lqij-q-A": "Nerglers Stuff", "UCCv4c7mb7jpWVAA4gFRM7eQ": "Nyny Lister", "UCKXjJwp0GkHWF5vUPcexCug": "Nifedz", "UCPUOMF7B3Zzl8Op9mgTwa2g": "Natalie Mahon", "UCY_zgk46esrjtFI1SDoqO6g": "Nancy Veronica", "UC3yKbuE2mZ545nvHfX0xotA": "Nelson Amaya", "UC2CLp4fRHlGaRRD3u-RHmuQ": "Nabhan nbn", "UCoAiKW69tmA0h6HEh6frTzA": "N\u028f\u057c\u028f", "UCQ8nTESBzKN2EsfxXB2gUuA": "Naomi Tenpenny", "UCCQduDUBeKU12ILxCEveRoQ": "Nzosaba Matenge", "UCmL_ZOe-WZ7EJ_s4L7a99kw": "NI NINI", "UCWg8QTnSUROnq0D2fH0MXvA": "Neo_Snipes _", "UCruTzLiGemG5wmAa0E8LR3Q": "Nayru", "UC0aBzSnJWZxy7dktC8MhvUA": "Namaraj Lamichhane", "UCXkkHT0TIz8PA7rlfyjGLeQ": "Naman 651", "UC49rLsRaiI_5xmLAunGhJMQ": "NoodleNayru", "UCODcI-BwNngY6ZXOUO0skmA": "Nyubitez", "UCk4FMxtFcRI1-UzrldiZnrQ": "No thank you", "UClArjY9qXUy6ePAxPZ3H0aA": "Nomoraz", "UCwwBklVC2zRUZW4FKmcsAiQ": "Nice audio design Activision", "UC-YYk4YTHNJVoa1t7Tjkrsg": "Natalie Vazquez", "UCn3mim4vkvgf8TQnTRE_xFg": "Nathaniel Foster", "UC2RCTtWNJTd8ugt0Jhj_-9g": "Not Jadel", "UCZhmlqTbKnHnTGrjez9kgbA": "Nightslayer", "UCubgE9bUWQqvatFeTn6PGCQ": "Ned Ludd", "UCDCdRFUYqpT1nzr2lcSFlsg": "NotPro", "UCOKljoMPHj7Wibyo8CWLG8g": "Nixoles", "UCDy19GQyW-B9_TD4EO6BD1Q": "Nasreen zaya", "UCTghH3xIt1joLwyw_Jx-qxQ": "NIKE Air Jordans on my feet", "UCX_0WIKnOpMI65RjGxtq4WQ": "Necryo_0", "UCS3jaAAQlFm147X2nMERI7Q": "Nekos_4ever", "UCYK5dvAXXyHg3LcyvUCt_fQ": "Nerdy me", "UC6HSTK6cA-A6L1RIdP8yfLQ": "Neurenir Alc\u00e2ntara", "UC-49udOJFI_hDqQNx-arMNw": "Nina Roxas", "UCV6TUYCs3vnMi3lDH6Fyyyg": "Nico F\u00fcrbeck", "UCi3g4XdT8k3K4fchq9CS-DA": "NaterTots Productions", "UCYCggV12FF4flNanjmhwwuw": "NoName", "UC92I8jVivwcqtbB2d9XIpag": "Nova Rec Sports", "UC_qgKCLNvpRE4L1yzkDfsJQ": "Niv", "UCW5Mr_gUX_XUKedWKD8nICQ": "Nathan Pa1000", "UC7a6OcwDrGudxi9SnwoFpdQ": "NrthShore. 808", "UC9xYQH8x2cgsqwkE5Q6m0LA": "NobodyPlayz", "UC2nCaa6vvufcOJGHjbbj6XA": "Nathonion", "UCQlPJHT6oDnNgXTohGUjK1A": "Nike", "UC6MoozxgbVn8jwBIFIU2wlg": "Ny1ka", "UC5aUJe_dEzQ1cI0FqheyOhQ": "Nkeets", "UCmIAlBzXx74r6hQoUT7Go2w": "N. bicalcarata", "UCEFu53vgZpkx7oNiTasEQLw": "Night Wolf\u00eb", "UCxoBzQAnJkVoc2fza2BYZaw": "NUNNA URBIZNEZ", "UCD3MW-GZjWmQN6bNhlAgyGQ": "Niccolo Gelli", "UCtlmpICNVQYVNdRiGy6HQqA": "Nicholas", "UCnsh3yF4jMvaqGrUGex-QTg": "Neoconker", "UCS8d4x36gyKvydJt0LAz3qw": "Nix_thefox09YT", "UCRSUE364SwdkKnE0Yes61RA": "Nass\u00e9ra", "UCCpR2ISFJuXMHQaqfpFZkPg": "NotCosmonaught", "UC784h89LFsn842HSGE7JJNw": "Noah Gast", "UCrkC2I5LQlcrgYbk7E5o79w": "Nick Co", "UCnwGxTUO4J-MHXp88utQE1w": "Nick Odeh", "UClYOHF36ET1Gfn9ZsuixYlQ": "Not Benzaiten biwaki", "UCQHYdLPnB2aIK7UUihcLLMw": "Naykino", "UC1ppF4duY66T4YitfRTD_xg": "Nezuko Chan", "UCnwd6P2JwYetCo-EW0z9XOw": "Nolan Bendulo", "UC5sACcI3GjJfiFZkMUOotLw": "Neto Rmz", "UCywMt3WajqblZtqWxuPpoyg": "Ningy", "UCYbLtX4szL_CaWR6v2P_6Aw": "Nerd House Production", "UC3iZ5lQX6EUT4ZcnPLSqutA": "NinjaPanda", "UCflyTZNFUn4h6lQ-AHzCynw": "Namrata Gupta", "UCSHVJHkN-wRje_M0gNOsq9Q": "Not", "UCwoWUWmtnTXb2fLk4ba3zeA": "Nurafifa adiva channel \ud83d\ude01", "UC8jzUDGd6FyLNNI8CuoJ0zA": "Nya\u2019s outlet\ud83d\udc95 #RoadTo400", "UCbIzFx1__Nqus7tTPZWDj_w": "NAVAS PA", "UCfDPlkn3FBLrQ3Z4rAJorZA": "Nate The Guitarist", "UCywHf9qogFRVE0B76_pyTlA": "Nicole Van Herwynen", "UC5aJej4e69j8Vqcklu-q5Nw": "Nathan Marsh", "UCxtpN41r2LPyhyE336PMNCA": "Nam Nam", "UCaTH7Hn6n9WotXMqKDwXzSQ": "Neder Ghouati", "UC0noVzlIllbVbOajDcY5fVg": "Naloniguess", "UC7GE3enaZsrUDR9n_AzT_bg": "NotMighty", "UCX7dM69y9973bGgaxU5FEMA": "Nate Transitions", "UC6wD8OKlGlIvUFuYLamu3QA": "Not Alfie", "UCe4aU4g0RineSgbeMHkBo4g": "Nazim Hajiyev", "UCYWJddCqDzwxq0v6_SbqnaA": "Nick N", "UCerIWOG3zmDF8ZTTZQypsPg": "Nakajima Robyn", "UCEiwpk7UpHwx0R8tYODcBZg": "Nightmare", "UCD5ztk5vnODYxLFTsgR-quw": "NazzyWazzy76", "UClo61UpbKRv6jpj44oNEgHg": "Nep KID", "UCXocjgoEgbPcFPAbhJmar4A": "Nicholas Dunlap", "UCpnjzsJ7RByAjFmjAw4Yrvw": "Ng Sonny", "UC2hcg-tRdcRWUNXyXygoPhA": "Nikki Motionless", "UCX7ifsn_Rqyxfk-RA4tbpIw": "NextGenWellness", "UCyWsKVNUJv5P5SClBdsr4UQ": "Natasha Guillen", "UCUX-mKaJUQvSioJp053PuRA": "Not Chip Gaming", "UC5WENXJAmt9a60KEIRO_vLQ": "Naya rag", "UCR3qsZYbwBtUxAXS9sY2ufQ": "No signal", "UCZ3gL1CZVi8d687UOsqvESg": "NAK", "UCdigPIpHQhrt7IaR560Gt8A": "Nitin Kapoor", "UCxlc1US4jEtQ0tCk4Hq4xRA": "Noah Allison", "UCJJw4hGSOcehUShvWGJjZAg": "Natalia Tellez", "UC9kynMpX6NOM6rgX9qgVJRw": "Nanda Putra", "UCOpa5NWH6lrvu7CjVdahRwA": "Nate's Page", "UCwc8Hoy0QEUSvixdCsB05VQ": "Nangato", "UC4QEnCvMR_UgnRftcHgmR9Q": "Nawin Rueangsungnoen", "UC05H_Q4vTFu_GXoy0Uq2X9w": "Nitya Gupta", "UC2B_qjwlkZEI30-QdWGsiUQ": "Nicole Adel", "UCWO4sten8WiRJAGQY5kZfEw": "Newtoto", "UCCd7gSY3jwPSYdScC0jTwFw": "Nassim Makhloufi", "UChz6wlVrQh8HBH0EElDHTjQ": "Nneka B", "UC8HLPEip8DpW7-CCDRRPn3Q": "Noah Bautista", "UC_CZXVttsu4lDw2BJTB982w": "Nicholas Morales", "UCkHXEj5YtmkLLtGxVPsDyUg": "NEWVIDEOS TKLK", "UCcB8kUJ4hNd77SyBYWkJYzQ": "NashGamez", "UCgNPScwuxJdQbtU-i-i2xww": "Nykeria G.", "UC4hL_0OE3mH5WZlDqlF0mHQ": "Naughtytotti", "UCRNDzr_AgllrsjTryUIYMRQ": "Napalm", "UC8RFLvYjwrv3pzG9evNTmbQ": "NIGHT_MARE", "UCNIufFNpTVR813hwuPawktA": "NotAGoodChanel Srsly", "UCr9DknOxmXUxyxuNH0bTaSA": "Nestor Pinat", "UC9cEQ3aFcE4xqwyLVsmhO3w": "NASCARG", "UCo0Cd8vt3RMaC8QUihrbAFw": "Nils Mueller", "UCDlGouikz3daIJ2e7JBl3HQ": "Nafisa Mariam", "UC_12V6slhRxDavnST1Fq0vw": "Nitin Guleria", "UCr0-y9UTf6GjSXQAeI4zhaA": "No Name", "UCSpZ3cBY_iVOgKGeMIY0l9Q": "Navbir Singh", "UCfxf5FixTihm0vQ7VrkH02w": "Naruto_fan", "UCYxIXApuJVNgKBhYc-XHjvQ": "Ninda Aprisha17", "UCe6dfXupABt4SCECemI0sXg": "Ninorin", "UCsYRiQua6Rjz312x4UXLPZQ": "NIGHTMARE", "UC07SeBuT46Al8Z9HNdDMnww": "NavyNewbie", "UCc9PV_wltmBOmdoAPtlOzcg": "NotCeezton", "UC2rpiMHSUqLdOp8yrvlSaAw": "Nuhan", "UCwByPCZa3UNJ3mJFVSRsdBA": "Nisha Shrestha", "UCbAojG5i8myVqu-W_YMLiMQ": "Niko Perez", "UC03SZE9iIBHzr3jSZ3pcuSA": "Nadine Eliza-beth", "UCmxE-FEf5rMelWDVfqS9qkA": "Naruto uzumaki", "UC2fgGQuGRplCtX543WfkLAQ": "Nicole Frances", "UC1-Yh5wszvy8KZ94yZDVCug": "N30N_ Danial\u30c4", "UCKh15WVLWLP0uAMtLrqZAig": "Noelle Olsen", "UC8PLqXeBtlJHZfBJisJ3X9w": "No1 Askedyou", "UCrcglC2-nQMvcWKEL2uipAQ": "Noah", "UCd6pIr1TuxAEgudCVgW42GA": "Niike Ho", "UCfG3OMORQceSoctPDm7-m9g": "Nhicole R. Levardo", "UCEMURW73K7ZwCK4hM6_C64w": "Nintendo Magoni", "UCFBTYzVQjZJSEBP0xoIyjYw": "Ng\u00e2n Ho\u00e0ng", "UCdvY94YjlJAaM52gd9oiaEw": "Nicole Wood", "UCSDCs3BGbBuQX7DcIaQRm4Q": "Not Found", "UCiqKGA8sLcelNx2LAHg4E8g": "Nik Mikhail Nik Aiman", "UCLAV0DiAl_dbPlk9LpQBzzg": "Nikki w60", "UC_mf3cKO4tQOAuLpjlrP-Ag": "NightShadow", "UCdqKrmmdKEoHBI-2mBi814g": "Nicholas Morley", "UClVEobuIVMYWnoGKwVD0uwA": "Nitam Nitam", "UCobTo6or6_dXNkFMAnFJB8Q": "Noma Gea", "UC7t0i3TYnGGJP8_fUUg2zKw": "NateXSwish", "UCdTlnC-YlIIp_6yov2InHxQ": "No Name", "UC9BXHbiGZ3E0pnvNu4bIiCg": "NTV_Schmae", "UC7eRFgEhk5z0ZfO3dN15TOA": "Nora Flores", "UC87Zzx9TyhddeW1DFSnvEUg": "Nyjhel Solis", "UCOieFMPQZJrQ8O3ufQg0zMg": "Nakatomino Calamari ", "UCajxrbI1f2kChlYN69OdBNg": "Nelson Grant", "UCz3mLKIin5Nij7xTXXKS2Fg": "Narukage", "UCUerksqshiqc2bddRpq-Llg": "Ninad Deshmukh", "UCXnnX1p5ubYiNuJjXjAgd3Q": "NCR trooper", "UCuJueuSNOfwT1Z89oi9_lew": "Neal Oliver Ryan", "UCVy-V_r_r7lMHuv_5QSI_cg": "No", "UCA_bTY2XWkKfHEDIoSlGqbQ": "Not Zuki", "UCflYX1OBXSYZuwYLH-xL-tA": "Nic Easterwood", "UC85VW73bQLEjs_taFKP7TwQ": "Nucleus Medical Media", "UCc4iFX4KD25HuMFE3TFx4Pw": "Neil Clark Aguanza", "UCCGHpA1O4wWcM_xu33VP3_w": "NUBADA", "UCFBRyufQob1DtGuxU24qfPg": "Nathanroblox gaming", "UCf70IAvODBpXKeVxM11YQWA": "NikolasVAP", "UCBHWXOoQ4BFRLPtVwg137Uw": "No Filter Nate", "UC3oEBZcU7qxHbERJmQoIdCA": "NewEra916", "UC4jyC7X0Is8gVtAJDITptIA": "N Sk", "UC0kyuVXpd7iILATB-sZbePA": "Norceen Hamdi", "UC7tYUdNOuhO0O1Du7MzDPaw": "Not Reese", "UCXrEJzZ01qTKM0QNysmdahQ": "Natalie Martinez", "UC-O4B61Fer7lTvmQtJJxRqQ": "Nathanishungry Animations", "UCj_CQ6yJ9HNrducc_PZF-7g": "NaNa Adriana", "UCjQRsf8JS4pw00Ly_0aJ2Iw": "Nathalia Alfaro", "UCgf4jazhRWjgXbZXZ5BlTnA": "Not You", "UCmrxrX-BqZfjkDOY_Qkh_1A": "NZsarge1", "UC1XR6biz245Lgkcsz3Aa-Nw": "Nhan", "UCabFrWF1dxwN59fDc4d845Q": "NazwaChan\"", "UCzI8JGCbeWKzGf8l607k_Cw": "Norberto Buenache", "UCffwMaTyEN-bPVguAeMU9wg": "Nom-Nom Nami", "UCDp1FiwtES4lf8KTSHbuLxg": "Neville Campbell", "UCQ0EHuleLI1BBGbv3exvHxA": "NiGHTSnoob", "UCe1ulhBQZ_m4_6wpfP-_R8A": "Navi Arretch\u00e9", "UCJDxxzWZ8qt3vXwkIDYVwfg": "Nightcore Family", "UCdpCZv_9He6iRPPvDyIgnzQ": "NDN Steed Rider", "UC5noyfIOxeGPiDaXCgPGLug": "NoSoy Nadie", "UC0VdNzLJh45kwkr-QXk_Mnw": "NSZTG", "UCKCuL5hbIIzhlTwozRzextQ": "Nicola S", "UCICowJNd1gqRAHyox6slHeg": "Nicolae XV", "UCeFXyznRtijxrdy9ZrZ9r4g": "Natalie Clark", "UC6_aO5ugV6iL5pzoe3TQtFQ": "Ninja Scar", "UCfl24ZniiM38oL7Ep28JwLA": "Nury Yanwari", "UC5Ho7w1WkYtieau2EAREr1A": "Nope", "UCi8P8BxTEh3GYDPEEx70MKw": "Nick S.", "UC_kKuhy0CNxu1hNas6kQFaA": "Naji Moha", "UCUO1kUBx8PzsIzTIEntrWRQ": "NoC LostSpirit", "UCRE0CV_eZrhMdAA4yeYuQNA": "NaraMidnight", "UCcYt9_6M-4e6ORuCebD5H7A": "Not MelonHead", "UCTGZdDPyRv8aE79eWhpv_hg": "Nae-Nae nathan", "UCUTGexXNJ-0tIQq0ukHDVyw": "NIK KAN", "UCDXqPOGgurZbqWUjG2KbsXA": "NFL MATTHEW", "UCGySF-jvZS3iIpGCIhuHlaw": "Nick Keesey", "UC8HWqEonbOrwNSmlPHoH9nw": "Nina", "UCBJLM_y69_UrY7oIdHW2KFw": "Nna", "UCRKFmF890Ftl-HHPQkW9mbw": "Nitesh Nath", "UC5-GuEJd_P0Li-fATqwiRwg": "Natalie Fraehlich", "UCOb8PgsyehQh1hlE0I-m0RA": "NuKlearReaxtion", "UCsLyD9NPTRHajZ7wXGSruxA": "Nick DeWolf", "UCOg2fIxrWRx77MV9pcuc0Xg": "NCP Realty", "UCL4Pxm-YhWE9eVYQgpWWqrA": "Naomi Harun", "UCX0ig8TNB4vf2MtAP705HdA": "Natr C", "UC5LgaImYqPbe5GG488Vhwsw": "NJPOGI09", "UC6OghM0ut0MpSWIMUaIVOvw": "Naruto Uzumake", "UCLYECyOb0asXyofXh-mQ-Mg": "Nuchha Rai", "UCOQ-e-ITg0sqNeB-7I2bKQg": "Noe", "UCQzVEImY0QhrIvsOQ5_mJmA": "NeonBunnies", "UC07u4jT4dhe0ruOYK65b7lw": "Nancy Engels", "UCEioJIPb4RTTr3m_suNoM4A": "Nick Paine", "UCnQ04pIxT1bkn_CcDzIeT7Q": "Nathan Lee", "UCvFcacg1aD2RnTTdYHMizww": "Natali Buri", "UCM-HcLpcP5ipe60PMUf7_bA": "Nicole StLouis", "UCrOKLbvv74v_ZgKPzGQtQpw": "N S", "UCZxC13KwOuEjJ5lbfz1Pkow": "Nuzat x chowdhury", "UCVaMcMPhJe6YK_vZ3jiY3WQ": "Nasario Gomez", "UCAgtYLP5oYeIw7oN_-KjV8w": "Neng Hera", "UCJDjXu_-YBx-OvBtcBpPD5A": "Nellie Rose", "UCoGME9pAhPXByH1KOLwM6dw": "Nezreen Pang", "UCuyuiygZOIRrTysKzuDon0w": "Natalie Aurora", "UCCUSQ82FV6jcayCoW8-IlyQ": "NOT B3 Rice", "UCplLtaLOcxIcWVSu7Q-r0-g": "Nursyarifuddin Amir", "UCTnfScLD7cGluB7pO-FSivw": "Nicolas Edwards", "UCHS13ARHEeDEhZh-QeNPBPw": "Naruto uzumaki", "UCwpNlT6bY8Udz_TxKzLb-rg": "Norman Acree", "UCHBHnqFVJ4f1nsnzOqAJOAA": "NORAN Tokyo", "UCYlclZLRBG09RB9k9qhcW2g": "Nathan The Pickler Tickler", "UC4nv-P2j1tJ_H2Xo8fsg2cw": "NateNyte", "UCcn8M_fsWdYtQ970zY-VKzw": "Nox", "UCV08DLSb5MoN1lNukL5Xaiw": "Nolan Young", "UCbZRM2pM7x1UCysxeNFEZNg": "Nikoleta Mikaelson", "UChwdBMXmtc7anMr_JiNAyHw": "NS gaming", "UCtXI7xOBSFJu6jzLb7o4WmQ": "Nick Suspect", "UCZS_Rd0AVlflmcVeDvI1byQ": "Null", "UC_F1_K-4NIOz96kTxvqpyFQ": "NARESE", "UCFIbrygL0mGeQoIoW5IOm6g": "Nina Laubsher", "UCmN5ApeB8G21maEhzaLyBZA": "Nawal Sahal", "UCldarHbzj0lrjuC5RW4QyEw": "Ninym TM", "UCSB4tm2TqHeWm1zEa4D37Lg": "Noah Santiago", "UCYSOVBZ5EctJHD4Kj5Pro4g": "Nancy Rizza", "UC0a7jbMODEctyOX4vGl9SFw": "Naiboogieb", "UC_pJQ1UekWaNXfP5xZ9gNLg": "Netane Tuipulotu", "UCp23WA_uGRFCee2fCeqRtWw": "No name", "UCRrEEg8--ox-5RJiHSEriJw": "Nancy Berrios", "UCnEAwpvpvL-YYJiwW89cBMw": "Nitisha Saxena", "UC39hUOtuh2JF7nmrg8mEsWw": "N_ K", "UCik80TLFdYGugnRq91WltUw": "Nukeman25Gaming", "UCgpZ66bRzaGiAZ9WEyV-N4Q": "Nakarito", "UCN72M6g4uSV883mtj-Habvg": "Night Sky", "UCNFmjg7Fd3Rx6q_NrM7AE6A": "Niro Racoon", "UCjTaAmsEvlFUnEssXFa6Bbw": "Nate West", "UCKCizswCi2VJFPQvP-B7Isg": "NottBlake", "UCKFfr9nIGjoM7GZbfxGeTJw": "Not Your Bro", "UCLs7KAirp-EbqMIVlSzLh7Q": "Nashi Dyuti", "UCqRT66g8s7CK09rVzAfSaag": "Nisreen Halim", "UC-Y3tO2DUkbEvszBGx_SI1A": "Noel George", "UC6HXsdNHEKlknKSQPnq9SDg": "Nishio Shigure", "UCFdeOcLsKTsclE37Yh6k3Yw": "N00B", "UCs6p3o_KN3mLw8mwx5JNR5g": "NeoViny", "UCRqaLSsddQrDdfrCK3BaLMA": "Nani Rohani", "UCAsUJOIAZTCVTRgmnMv7WUA": "N Louise", "UCluo4jdwS58wvF1evKte9nA": "Naughtius Maximus", "UCIaEOkWg4v7hfeWm-wlxbRQ": "Nicholas", "UCxgcrxQL8TxUGvRjpAc-L3Q": "Natividad Lopez", "UCuRwh6yn2uXdY_PeE0KnQTA": "Not Bob", "UCMBCHoB_R7hKVqMTA3yHjWQ": "Natalia", "UCCHLPyA5JGhbrmERgeasHdw": "Nour Art", "UCEGS8spEWL3d3BPJAP0gXCA": "Nicke B 78", "UCAC_qjcCrV36ESf96kRqnmw": "Nathan Hough", "UCtXdh0zuducht0kFT1s-Vwg": "Nicholas Kun", "UCAWezzJmMp0OJ3LCqCbdQDw": "Nails228", "UC5r1FmoMzWOn6OHHNVEZg1g": "Navajo Auckland", "UC4vwU7UTTLqiOPlNteL6cIA": "Nazim Ali", "UCPDXdzZq0PB3hvVR1AZ8U2g": "Noaqiyeum", "UC_IV7gsa8dPfwpeMLIs8ufA": "Noridor", "UC1w6IbXrpcLa6ei-cOmrCRQ": "Nicole Shakur", "UC1TPpnXzzdYQLZ0qcxX1HzA": "Nia Rose", "UCLbpWhJ1sNqzmj_XsMqfo_A": "Nanami Sorimaji", "UCzjgEpHI9J124etPD4tGdug": "Nathat Meethong", "UCndjAddWcr-2Me_3n2KZJ6w": "Nemz", "UC8qwnPuJp6toIASy8PKkmwQ": "Nox", "UCoQHv-i9O2oV5nQI71IDiYA": "Narongrit Pinatha", "UCOS98x0OPn0fzmtfnyiXqjg": "NIELZKKKY", "UCO47-AkBy7cx6wHcPqtkjEQ": "Nanny Kloie", "UC2Oh9cD5dYuQ2caSXWgqmmg": "N i C h o OFC", "UCWCMCT26_zwtLdxzA6sKtBQ": "Netty Mutt", "UCOdtQKONMhkROWWubf_lqKA": "Normal", "UCjqb4qRtUGPuIjqGsfLcLHw": "Najee Watson", "UC5pQDxEinXokd_syS9Psk7A": "Nyasha Marshalleck", "UC2CRd9x9QrEm3Gl67nOS5NQ": "Noel Crenshaw", "UCFnABuQCUUltJN03SIGHDGQ": "Nay Waayan", "UCHbYO0hvN57UL8DTgpVuzjg": "Nick Daoust", "UCgxqUecZUBKwfgJzmH3Cjow": "Naruto Uzumaki", "UCQuPUDWA8zBQgqaBim6yJdg": "NoNamex", "UCT0VOfivzdnZ1yIOZUdGcFA": "Neogenmatrix", "UC8VE9MYdcMpNXiRS2od3sHg": "N N", "UC4bDoAJcVA0CBDfn21HlClQ": "NctzenDJ", "UC40f2ZPcLnjtoZTz0FLvMZQ": "Nu-Metalfan 25", "UCIIhrl6oX0ugPFs9y9fhzxw": "Nana Salcido", "UCyT51PCo16IFArexB-o_JTQ": "Naughty By Nisey", "UCrWpW021nJjB5ksuWxD1fog": "Natasha Claridge", "UCEt-bqnvCUIg2woRFqLONxA": "Nxtzzy Clan", "UCscvchKDH5LNw4xH8fxGvYg": "Nuelle Lester", "UCAUKoqRGe2rD5aLGS0Fuv7A": "Nikkie GalixyGirl", "UCN8kw_K4zMS7boWNEVFk0IQ": "Nicholas McNamara", "UC2aK5GMzCnLXHyMmMiPsBmw": "Nathaniel Sanchez", "UC-HG2rXA5x5NDxCcucrS27A": "Nicola Baker", "UCjQwiBS22A8ATxxDzaDThTQ": "Neptune779", "UC4crM1Zi2p7x2lgHVxOXa5g": "Nalini Rampaul", "UCb96F7LO4IGtNUnw37XsYyw": "Nathan Rasmussen", "UCTiBIBJMH9l9NVMf22OSpjA": "NotVonGG", "UCg_GRSINT3oyUwFYDYuZ6Hw": "Nehan Farook Ummer", "UC-5_LVe11-_MeB7UAlDpDBw": "Nikola Fuller", "UCsyru6UrmxYBrCMQ1deYHeA": "Noman Johan", "UCJOU5eDecaGNuR2XgROvXCA": "NSeaTae", "UCG0UFyd4DukChYotnVTj3IA": "Nicole Pszonak", "UCpVU1EEhE4Zuh9kRdIcX6WA": "Nicholas Carter", "UCtpTSxq25TUA_tn72vTtfvg": "Nokizzy01", "UCPxfl-np2TaLjtqr02JURbA": "Nina Chohan", "UCO_-Uj3qPh250srazj6emWQ": "Nikit\u0103 Drag\u00f8n Anim\u00e5tions", "UCjxvrnyluZ8y-sArqIF67nQ": "Nourah Daher", "UCRfkm0FrpkTW5AMhki2sb_g": "No _", "UCypwdrfso0_5uT6QTNP2ZSQ": "Nigel Nyoni", "UCwK6kfmxacQkBPCJVdreM8A": "Niti", "UCIdRiIJPwFhMy98apvRWa0g": "Nick Swies", "UCyp3EqSwxBz8qUC5r-vZvCA": "NADZ", "UCwxh1szpcQiaOOFTkt_cufA": "Nate Sand", "UC3r_MprSIhjl53K10BrUy2g": "NeptunePlays", "UCm7lPzQXwzDBDT81aDSHrVA": "Norman Dunnagan Jr.", "UCaowv323P-DThQlKAiG7tcw": "Nutritionathome", "UCvqWTxxOpMjasUn_61SeQpQ": "NightShadeFern", "UCyinqsTKalKhYrDTrecpmcw": "Nour Sameh", "UCo2vupsQXfcWxZ3p77LMt6g": "Norris", "UCuDYGEU7QDOzSQUR9zz2NyA": "Nikki", "UC6Omsoz3wQDidIeoxf_oCXw": "Newbane", "UCHz-PSO8NYyZqwsjm3xS06w": "Nevermore", "UC-TJ75QQoZI3PUyh5PqQxeA": "Nathan Kellogg", "UC5TTIl-xNtu1dKqgCGFjj9Q": "NeverID 02", "UCWajn0UAyTebFB2IFlDbPwg": "Nizine", "UCwbfG1cCoRkN-lof_-gUa6Q": "Noah Kormanis", "UCIN8PQXWTTUewKZrLy8n2Wg": "Nerrath", "UCSBzQNha2mIciROMEM6gGVA": "Naaleeye Cabdi Axmed", "UCBh3nw4IzOCfSe5Ce2-xJ6g": "Noob_ignite", "UCCDhnSLqiTbFGSTMJeXSdsw": "Norion Winter", "UCYEbF4z8Pj3DbxbfQuyLkzg": "Noddle Lebowski", "UC4WfW6cMaKUbVMqscMvsnRQ": "Neon Ether", "UC6WNdlhzmP1JIClJLfMohQg": "Nick I", "UCZwzegBhvaCzhdZ2rCxts9w": "Ninja_K90", "UC2yRuNJJmroFSyRE-g16KRQ": "Nagarathna Santhoor", "UCdC7lU00hgcGsdvwrz11FVA": "Natalie Karen", "UCouiOobHNBDTMxMgSvpRhJw": "NicholaX", "UCPBbu__HLkY4n4mj4BoY2FA": "Nyraxynthyrykx", "UCOJO8341e05EEHHbZ9_0rPQ": "Nariyah Monteiro", "UC1-fSjFzohR5RlTB6yNkCZg": "NCTzen+yeonjun's hair", "UCYPmQrf5L9aawiqQWSqpE-A": "Not Mr Dubs", "UCiUe4S6PDIZ3-knVFcki2qA": "Natalee Allure", "UC3Dj_iwZMSwwC9SHVs2k1Yw": "Nick G", "UCFj23eJRjfgVpja0VAKiP2Q": "Nice Prete", "UCHGfEatKrYyJdih8oyH8I0Q": "Nicolas Bareiro", "UCkTF9OIonPRXfoLCHI3ME8Q": "Nathan Ahn", "UC8mYq7rOiA6FTzB-bnNZ7Jw": "Nvyezn.", "UCuQUN91iotwhBFGJjqlwDXQ": "Natanael Vasilciuc", "UCB3jhAAq_CqNsm3LTPKxKmQ": "Nathan Oliver", "UCMhEzezHQV2QBHX0ORcaHQw": "Nazeef Gamerz", "UCxISSyzsMkf3Hxlm_1VKAnA": "Nordia Palmer", "UCo-B1KlV-36u0GJapOQS0mQ": "Noah Sainui", "UCUcMy0p8tnxWCp_BrBvY5ag": "Niros", "UCoS6M-zuUZppBKhZ9AvRH3Q": "Noah Smith", "UCN_VhSN1ASD0WJ49Ws4LXsA": "Nam Khanh", "UCboPRhJdD18PgFqgVVebwPA": "N Naunidh", "UCOQWhxR0FnRKLQAunCwTloA": "Night Slasher2.0", "UCd74CnF6GTJFysnP4UctmyA": "Natasha V", "UCfH-A5U-NOdFDxyQfoMiGUQ": "Nahlah & Naairah", "UC-mSeQu_coeyEu4Xwf3deZw": "NotBlight", "UCgVh5A86QfYbCT7iQhS-FEQ": "Nicole Fisher", "UCzsrFxUfCOoXwYV1QnKzp1w": "Nikhil Ramphul", "UCrNRdufHG4mjAttVEZI1bNA": "Naomi Chinzah", "UCZE7h0nV6C_FxTkuQQDqSuw": "Nat", "UCPgOM_XRCzqbIH-PLwJiR0A": "NotAKiller", "UCwvNn7EMcCILGWezgZHLSwg": "Nevele Grp.", "UC0HPY2aMu1tBTcTv7WFWS9A": "Natalie Kennedy", "UC9LeFbMbJgybW-EjPQG6H3w": "Name Surname", "UC3czJ2v_EuR9vjbGJFP1w5g": "Night BMG", "UCOli8ObJ4749dDfqulSJQ2A": "Nikki Pellegrino", "UCa8l9PEGGvy51hJF1I9j8iw": "Neil McJannett", "UCFq5BVxsciQ3w9XO385jV-Q": "Nathan Haughton", "UC8okzmlJcM69MdeCdNLkg-w": "Niamh Ryder", "UCu7C4ppKsmiJle2sORjf8KA": "N a m e", "UCFGkTAFpaFa5e9WQVcRq_sg": "Neko-Kid [Team Shadow Studios]", "UCAKwaoEVuez2Sdfj-gDjL1Q": "Noel Williamson", "UCXS81i-U1FjN25KAdon8KCg": "Nolan Day", "UCZp9k6jzSedq4B6fIeYkgJg": "NING XU", "UC3CDw63Zm7baIOx5MA7HuPg": "NAZIA Aftab", "UC3KB0g_U8tF3TegUhVEJSkA": "Nancy Blockcolsky", "UCw_xD_lQK3wzGhwu5A7NJWg": "Nennen Cesar", "UCfCVv46MKXp4cB--54LsBoA": "Nevaeh Nakutis", "UCrmteo-TNcznaCVX0J4tkSQ": "Neli Papashvili", "UClkj38VYE7Xvomr81joGw5A": "NeutralKillerHD", "UCpdGMhIIxyZSX4Gs424AR6g": "Noh Rashe", "UCWmemnOxb-m0bRKNjLuGCzg": "Nyunster", "UCaPnLsE79gH4j83K7K4UQZw": "Nathan Smeal", "UCCJ41fz6vmvggPaBKBLqbUg": "N1C0LE", "UCrphCX5rjYwcUkop1wxG8AQ": "Nomo plays", "UCpk2-AVAJuMqDDVWC2WwPIw": "Natalia Mbenzi", "UCEyTSt_vcSY4zyLuMoJtOIQ": "Nicole Theunissen", "UCktc7AmlLzXtzJUjpCtEtXw": "Nugg Man95", "UCgtIP3jUNk14Rkllh0Do3DQ": "Noah Starl", "UCcMQ1iWVkpYJh6rBoKI_dFg": "N Randev", "UC1YDWDOUuyJJK2Dq4LxYo8A": "Nandhini A", "UCi7gSWD7QApShUltqOkOVDg": "Nicola Brown", "UCTai4GqG6zwodV-HbLNoHbA": "Nedu Dee", "UCohbnRLwHNc8YC4sOxCXxjA": "Nieve Mackinlay", "UCfR_5cqd9RBmr5aY1zEOH2w": "NOI2Z Productions", "UC4YaptUzwKrlS7DXIxT-bSQ": "Nathan Gaming", "UCRdhrqyDLi-Ua0Yv8G_wv5Q": "Natalie Scurlock", "UC4dgl4V2O7fqIoi5kpcedSA": "NISA SALVO", "UCIUgG86yXVjgc7x_DXtOJmw": "Not zoomily", "UCkFDBY5QmGXako5Pl5oHSDA": "Nutsilica: Renaissance", "UC3BO3MTqe75X7iaC-TZIDlA": "Nobody", "UCnFG1j0WCdojAStoPC6xA0Q": "Nisha Darji", "UCcl4AWH6qzcHIykq_oR4z5Q": "Natalia G\u00f3mez", "UCSXds6jh6y5qlKI_pPXImbQ": "Name", "UCPYim8-XQbjwSEeGJhsDUbw": "NWA 953", "UC9G4kVmR5DML7QJguMEWjfA": "Noel Rios", "UCjOSYrlq-nmrv607gLiuDbQ": "N Jacob deKelaita", "UCTTEq2ANmisxFzMeVpjHcdA": "Ne\u017ea Se\u010dko", "UCUTsDu2g72mZdRU-1XwSorw": "NexGen", "UCTH6BVCify3cetQyoiY3GzQ": "NDNG - EREN", "UCx_9Kq4KHrobLqdKTyc_FpQ": "Neil", "UCWfdE_Dpp1LGQmYhMvSrJhA": "Naz Quaniza", "UCK6Gv3VcMditS32xQFDH_2g": "Noah Floyd", "UCz-T_ebuXP2zpgd3-oF0Ctw": "Nikki S", "UCu8qwlZ_DA0j-TwIMMD51JA": "New Era", "UCZMfOywjJXCSMshvKlZF4ZQ": "Nur Suhaidah", "UCjxrl1Vc7R7qvd8qioAsK1g": "Nadderz 420", "UCE7KBJi_NVB_zfCQnYro5aw": "Nabil french", "UCt_oEbg3nwdxifYJSIf9mmA": "NoobchannelXD", "UCaunzwh2gk0HAUNtZkFFvxQ": "Nicole House", "UC--kGSQlfAtlktg8D9jz4Zw": "Nick N.", "UClLKz7fbrsS1RhLqtZ7a3Qg": "Natalie Gubler", "UCm0Zy2NhJdoVMyTXKt7V9Cw": "Nini Kin", "UC5el4O_garwN4VrOR2Gp7IQ": "NeonzPlayz", "UCu6YoKuhdrCX-wzVyR0NPeA": "Netsurfer733", "UCxE0jRkbHbZ1P5rYzBBAO9Q": "Nezeko Chan", "UCE9u7PiVr5L8iawvOzR6PMQ": "NightmareGlitter\ud83d\udda4", "UCD9Co5AA_keLAPRI-Enh31A": "Natalie Soberano", "UCjQoydw1Gun2jDiifX8DO8A": "Niles Pyne", "UCvvPJsR6SS41iWeLhv3qVig": "No. Just NO. says LORI", "UCGpQ3twJQOo51XJ9LhRtX6w": "Nyron Arnold", "UCmOo9asTr9-JuaQAK3HSyjA": "Nightshiftwhatwhat", "UCUHyPE1Cm-AzCbKn-tdBMPw": "NaomiZside", "UCuUxqQFApVt9Yls99RJz1ZQ": "Neutral Boxing Chat", "UCewsjBpk1TeZ4Syp881y9Sw": "Nikita with a purpose", "UCZMc5bDYv1Unp1hFzmXb-_g": "NoLogin", "UCfUrtiDxXlKGiCIdSnyYziA": "Nick Parker", "UCZgkd71xFpTsJRM-EYieWrA": "Natasha", "UCRzyxnA7wu3Qmqs05iBCicA": "Name", "UCTZvXyRzxjMSalyHyRUZSKQ": "Nerd Melon", "UCAXg0EEVOR5cp0SYSvQsyIA": "Nixon", "UCHmUTSJBEH3ImL2Esniqycw": "Niel Araneta", "UCXkwq7wQaVX3IkXkBQvTYng": "Nicolas", "UCgC0sX3Ka-1XoLjSrpGWHOQ": "NewsUpdate Exclusive", "UCVMP5To-KcDiMO6DTYBtFww": "Nicole Kind", "UCLtoo6XFqW9UYt1oCvBdyCw": "NoComment", "UCx5Kc-K1cInMEEzeLQnlrlg": "Nana Ama Kumi", "UC-vbBPZSZa7qjBu2a-MGwDQ": "NightMint13", "UC1UriyV3pGVbD4MZ24qQgzg": "Nyi Nyi", "UCnaXlVWT8XUSeUa8jrYA1LQ": "Not a Trap rapper", "UC-GoVxxl2N2DZYLntdPQwtw": "Nafee Karim", "UCyj5pZDWDAhBQAIRw9vNr0A": "NiccoNasty", "UCegt1WaO2JE734woZSdpBEA": "Nirvana Milton", "UCYUjmIGkS7753-e8XQAnmmA": "Non-masturbating Tyrannosaurus Rex", "UCbG2lDbRapGu5iTSVQHE7qA": "Nick on youtube", "UC6Qp8vIYnPAOCbpvLFogWZA": "Nigel Laird", "UCa6d9wbHqtvFjZHW-XgENOw": "Noah Hollingsworth", "UCRSaQGwz-jyF5A4xTuyCrYA": "Nidhal Al Qas", "UCZc-t4uLHHrJFv-uSh2FPuQ": "N0vah F0X", "UC_SntGjO2hRTD9rFQDbzbwQ": "Neo2266", "UC6IY9PP0KpwV43L0Imgd9pg": "Noah Hutchinson"}