{"UCw7L690sy7CLAYLdfsiQWBg": "Ing\u00e6nn Oceanstryder", "UCa31L3_KGzy29A0huXNOY-A": "Ian Seager", "UC_T1f18klHOcY5I95vESLYA": "ItzSidd YT", "UCpc7Nm-1bTA0B4hGagn8giQ": "Isabella Blackwell", "UCqS6KeBVuJo0Zgb7FEPx-mg": "Im so lobely you so lobely \ud83d\udc9c", "UCM35qSZlfEBiIRG1VjzWm2w": "Imanugget", "UCHw1_3Yqjsrt09WtmisZLoA": "I eat CEREAL!!!", "UCNwroNQWlbQckUomdg0XhXw": "Itoko -San", "UCCBVGQSvxNdRjJPJ33dH9Qw": "Iliana Martinez", "UCITht60bhi5gJyl4PMP_yuA": "Ismphob Delenda Est", "UCeUPk4CQnj2mmJu7jIkkIGQ": "Ibnu Daifuku", "UCH8GPC1cUImgxEJZIokLG3A": "Ian", "UC9e-7MO2IoD5U07OD9vfnaQ": "I got ktfo by a foot-stomper", "UCAypC4KKnjl3X4CWmlZ784w": "ItzBaconPlayz", "UCcsfr9yUQqKVz_tn84e-_nA": "Idky", "UC6sVGgQFExoxxdNnUiWGduQ": "Ian Bracken", "UCGr9w2Tnsm4HFak_HHbOYIQ": "I Orran", "UCNGix3ZmaXPRSDpHilOfWyw": "Icon\u30b7", "UCPb85ReFYDZOWECsISSd7GQ": "I. S.", "UC_E8g7SYzbcPwLvkUoBvthA": "Indri Rizky", "UCoI5_fzmPcvrUEpll5P7i9w": "ImJustStoro", "UCXVMNKbHXVw8CC9_k6q69Kw": "IDA and ARMIN\u00a7 channel", "UCU2C5ga7PVG-GA8RlBB4oJg": "Isha Sharma", "UCdLyV36x1dnMjsyDlW-J1pg": "IceWolfAnimatonz", "UC8G0n78j6cdnQRoIs-KbpKA": "Inexobility Inexobility", "UCNfdIKse8rRJVGrkTymd-xA": "Israheal Cortez", "UCC258zNEY6vZT9ZfleFJXbw": "I GET NOOB", "UCVtrxV4FuoTkrLpBDqqOIFw": "Ice God", "UCFx9dTOtdVZRTPZIccMruAw": "INDIGENOUS SOUL", "UCEMtHr50wVm7uwLGg_DH-ZA": "Ikke spillende karakter", "UCwLmLTtuvhbSYBIMzt1VgMw": "Ivanna Mena", "UC8J_wW__N0uJsCzxaxGAOig": "ImxgineSnags", "UCD4IdJp_3rhtYZL2wMDcT6Q": "Im Ur moms friend", "UChZGpfnach8_ThgQBOHw-sw": "Ian Harman", "UCLiTkcwC-QVuVO7DoAWWATw": "Izzat Muhaimin", "UCJCRo6waEWbRZNex-Xo-56A": "Isabella Emilia", "UCuoZz2TJwYsDPuQdVfcrfLw": "I AM SO HOT !!!", "UCwGKz2oxZeFs-uqeNtGuDbA": "Imranproplayer Spider-man", "UCb1qwBC1u1Cu5-13zrW84yw": "Icetea 2000", "UCrxQjQtiA0sJv_Hqz8k0Plw": "Iasmin Habeck Cunha", "UCeKxxvfppx_gFs1snPHsWfA": "INAYA RASTARI", "UCmKQDS0O3Fh0yBb3_kLXEmg": "Inspired Screens", "UCPoZFO0tA3rUhFvPH8zIcvA": "Insultigknightus Cantstandsitatallatall", "UCWDCGmmXkTrsH79tFCa0Iig": "ItzAryan", "UCE8pcegyj9u0_Ejg5dFm0Kg": "Invad azim", "UCsFSJ8VcEUdt5foLg08Quuw": "Ika Boo", "UC5GRCaaCaJ3JFZ1-slAAx9g": "I poop My pants", "UCSbUOwms4abwLCGcR0eE0Eg": "I can\u2019t think Of a good name", "UCUHszuxumrSg6PjE61ayCjA": "Issac Rodriguez", "UCjnx_janaez8IhUc-OXWP2g": "IQ_Bal", "UCufceztQMVnvS15M_bRvZHg": "It\u2019s Ari", "UCKiRLHcW2MuhF1TKK07EplQ": "Infusion Reaper", "UCJi9hRSfUl6_GC52M64XdUA": "IamCalledElle", "UCET3TssyHUrJ9PXc444x72Q": "Ivanna Mushendwa", "UCJ__XIfVtNbLqqUzc8eWIUA": "Ishmael Morris", "UC7aEmSqBW1bQn8BLDELI6uQ": "Internet Explorer", "UCyJsB1mDVRlhkgtU8MCgufg": "Izak H", "UCR8z9MhCqczO7HU0R7ajoqQ": "Ing Phanrith", "UCgvXjTG1McvYzetBU4E0_8g": "Itachi drip", "UCYXbzMDI0rtmfyacqEJ-tEg": "Isis Lahaise", "UCfBADAGTBMPsEBddpH-3NWw": "Ima Believer", "UCD2MTQmJppBRjeyRedJKoew": "Imamm Imam", "UCfqLAOWEjoSjrACJXbCSDjw": "It's ok! I'm in love with my self \u2022\u0301 \u035c\u0296 \u2022\u0300", "UCSC69RcnWaY4Rl5SLLE_j7Q": "Invisible Fly", "UC-a_I6w7G03u-HCOwjy55Ig": "InsanityWars Gaming", "UCBPx-PohGrGa5ln9eNG4TKQ": "Invincible Young Empire", "UCzV-NWfkxTed_21NIi37P8g": "Illyasviel von Einzbern", "UCBYEkn0-de331260bxftreQ": "I MESSIAH", "UCfLSyrNeYvlemF-E7DF-INQ": "InGreed666", "UCUImw-WOj7bql4PGWemgjLw": "I\u2019m just a YouTube commenter", "UCTnTBQK1v8yXioD-ffzodTg": "ItsMeHere", "UC6hjYWpTsQYGXQQGddbcgBw": "Iggy35", "UC6UjP6gNdmiMdq4OXkprF_A": "Ibzz Phantom", "UCMYEGDbaDyrZ19SRWPHOWng": "Ismaiel Aden", "UCUJclv4rJ0sO_aRq7U6uphw": "Ismatullah Mohsini", "UC3kWARjrgs4cfXzHiRqHoeA": "ItsInvis Mitell", "UCJjQZBOPeL9eRdhIu7-_Z0g": "IConsumeBabyFlesh", "UCinsvV_P92XAhdbflczofYw": "INFORMATION KINGS-MEN", "UCCH0oNmwGo6FmdTOP1C_B0w": "Izzy Breakiron", "UC57fJ0m8J-0ZG2B7yVatkNA": "Issa vacuums", "UCA60rwy4MVz_ND9Okr13b0A": "It'z_NinjaArtist", "UCNheK2u06XnCYYdbApBLfQA": "Inca", "UCbWyPdL3MtXUE29v7gzy5dg": "Interstellar", "UC9t-tujYaBZ5TZf0Hyg6EbA": "Ishaq Sarap", "UCvYyk05BjY0aJw59JZg67wA": "Ice lover", "UCPTU3-STTvl8acs2cTEQRuQ": "I like rats", "UCi-bGc363nIyXxzrWbmAGEg": "Inosuke\u2019s wife", "UC3IRPxZMCgV_yFo0W2w1Eyg": "Isaiah Scott", "UCqaSHZiWe5VCZdZZcuy3QBQ": "ItsMeTrey TV", "UCBPGJpG7dFWLhgtP2TjMVLw": "I have 3k kids in my basement", "UC0LlelHo3GP6KbvkC84zxoA": "Ivan Ivanov", "UCLj1Vz9XNADbLSjS62ZwxpQ": "Ibrahim Cehajic", "UCxcfjlgNiRPAfzUCqaP_2RQ": "Irttehc Dewaka", "UCfEI5irTkLOos_h2dZF014Q": "ITTYBITTYKYR", "UCJovdYdvDNC1iNmV9IETnSg": "Inshad Gaming", "UCp-Cx3CkaRRRx5MhvViRlvg": "Ian", "UCf-_WmKf0COVqP7jLFkefOA": "IT WAS I, DIO!!!", "UCUVwHc39xB23rJvGpfEl3Kw": "ItsMel", "UCmzXQweqRsCtzykiVu91_0Q": "Iven Sancen", "UCqsl6e5cFNclDQTwSLJ3aig": "Itz_ElySky", "UC8jTEXONN5mM8WvfCFK0opg": "Iron Fan", "UC4x-tRtPoHWpDiFtbpRRg7Q": "IDAssassin", "UCuDP5_0VLmmqXufBhvPyJsg": "IFellOutTheTrash", "UCXSBrcq-LLFGJJhDNl7otXQ": "I like Kotal", "UC0JcEpS8fIrmT-adaLEYGOw": "Icon", "UCqsOdR5Is-PjLVYu1MwmW4w": "IreneLaura", "UCsBVL8KHqaEOBBKBb6x7Wyg": "Issa Kami", "UC9iLuVoFBS_diCYasU7yXlg": "Issac Adefioye", "UCIHyHtGAdX0Ie-7plCPa9tA": "Ishtiaq Ahmad Khokhar", "UCIlCnxU-kzcimt3__LzZDiA": "Ima Workingman", "UCm4P5LHXlbFCUj-atIDRsiw": "Its_Jazzy0", "UCG9AfNhJz_-Ed_hZEjyeIog": "Itz_Adrianna V", "UC9maaGc1BoM4xZfsMVIyhzQ": "Isaac Meek", "UCNPAnOneYtuhBtqwSOuvd_w": "Isaac Ortiz", "UCE33FuRVaM121ENUuSFv5DQ": "ILKA APRILIANI", "UCAGrw8StW1vhzJMfFqZk8pw": "ItsDroidGamer", "UCzjqeg6hFAFdkyRZEQafFOQ": "Isaac gaming", "UCohMmNygmBOYGSew9gMsaUw": "Ingrid Arlington", "UC8Qr3JEwaOOwH7OINF6gsFA": "Irony", "UCIqQPanz-3MzD6jEN111tcQ": "Idle Oz", "UC5-6EuuOISHVA4vtE1plhGg": "Ishaan", "UCkfC_5XbG4bzM5JprchjWtw": "Ieshia Unique", "UCwE41xFpzUeQHO5zRYwC-ng": "Isabella Riley", "UC-gM1YNQjMGeUxZD5aofebw": "ImJustChillin 215", "UCQC1tz7Pz95-bImZuNWV2SQ": "Icantdoapushup", "UCJnpJvbxZjncEFNU7kC2JXA": "Ibrahim Saadeh", "UCrtmDww4NYZebVJ5r6ENk6w": "Iris", "UCLjn7Ps_hFyihgcxKxCSSWw": "Isa van Loon", "UCjM2LHeps3hEc87VJRnMmqg": "Ilex X", "UClzNZuWkoZU9gpydgU9rY0A": "Iplaygames 11", "UCIqDN6j28E3Mwef5UgsJthQ": "I Don\u2019t Check In Notification", "UCmhWNHn-jRqxkZj1eZTDvbA": "Idk ;-;", "UC1ZZNoimFzKr_TGsYt5PYVA": "I eat butthole", "UCUXFrCChSOFoX2TEalip9aA": "Ingelore McLaughlin", "UCk7VwiQ4w2eLRNVrTlnVDpQ": "Isabella", "UCtr6_sg2GmUlm_gt8pGTYWw": "Info Real", "UCrYeuw10w8UbuYbVgnN3YAw": "Ian Gonzales", "UCyqxOp8IMME9dzVVaFm-Hmg": "Isiah Lozano", "UCMc0hK92dNJmaJsK-OKULxg": "Isabella.", "UCFcMjqOthR8vOMAbM-Vuihg": "Isaiah Snead", "UCpO7BV1l5pf3TRQSSQOkMCw": "Irn Fox", "UCDbDYTju0L_2nPBqHXzjdsw": "Izuku Midoriya", "UCxgOqoerDGjjqZoH8lCWRBw": "I was Cinderella", "UCjxHjI-F_BDoOqkMDkaOmdg": "Isabella Madison", "UCQlb27sTUHqnPkaEWthVCvg": "ISHOWTOXIC", "UCRm_Zo2L3LTq7w1ORS0awOw": "Inquisitor Fuze Antatic", "UCL-Auk_ntptCCs-COg8A8gg": "Itachi Uchiha", "UCunJ9ITFT4Z7B5SkhqbobPA": "Infinity", "UCFDJvUsCRcMRwLk1RnF_ejQ": "ImNotJay...WhoAmI?", "UCSz644G1_sdnBQdN9-fg2xw": "I dont even know", "UC5JVKHGH2QY3386ud6HymrQ": "Ignited TNT", "UCW0_yZb-aC57izXniJNRJGw": "I am a goof Ball", "UCGpTQamnIQX6bHwyotzgriw": "Ismael Hernandez", "UCIFgpLCoBPOrzFngLdVQG-A": "I am a legendary person And every woman knows me", "UCUG5SZEIWurlg6O-DZvg1wQ": "Isla McNamara", "UC-if1FhXpeuH9OCPV-eMrWA": "ItsProbablyBits", "UCoMCb7GBakIOB5zdlnwERow": "Ifrit", "UCvUQzi6d8CZ51O0rsb4b9WA": "Idiot", "UCIUn7hDfW5IjKf2tZARGglg": "Ivan Mulder", "UCvAcQAKTaVzFE-1HMJa7YLQ": "Ireland", "UCsgOHBNFr_eSNGVNqpHVLKQ": "Iqbal Miah", "UCQmh5C-WzScdFwyQZlFHy9g": "Ishika Patil", "UCFBdUVv76riJO7MswJhs04A": "Imran Patel", "UCWcqJ60aMpXkkqY6o-VZRcg": "IIIO nn OIII", "UC2dtLL4sFz-5Qvf_slYw3dg": "IVAN ALVAREZ PEREZ", "UCbZIJCDmhttoEv4hE9FWLdQ": "Isaiah rosales", "UCkGyKOIOCgO9zCN7fQfECWw": "IdotsGaming", "UCWbC7ofRXsFd1ORTIGktl3A": "IamSincz", "UC0ITlE3cJZRt2bZE6WIHn3A": "Isabella Nelson", "UClQTjIgSTuRcJCxsexsdtZw": "ItsMeJon", "UCM_QM3LVIKjdfv3iKSxk-vA": "Idk", "UC3yWWK7z_NSJhZw4zrusaZQ": "Ian Hall", "UC0niqrLz8xUvGEhpdSWBOYA": "IGOT TRUTH", "UCOf0sYGpwTIchTxhbS5l7og": "Islands tuber", "UCpjzCX_Ot85ZiDc9NeAzZZw": "Itz_Ashley", "UCyx0LoQSM2yoNomzu-PWvOg": "Isack Zamora", "UC4_HU_IJEsqIAX5Am42Gskg": "Isaiah Timmons", "UCPy4-_DTrRFTlQ3vXESTRSQ": "Illyssa Penn", "UCbKv7gH4EG-t3VFQaZmlhbA": "Ironboss49", "UCWpQsMkGxQOQoufqHKajJQA": "Ian Guilbaut", "UCUtK_5h2ivDk-ytERv35Mug": "Its Agrim", "UCswl3F4-_klqgDEaXXvkGag": "Iris Magson", "UCBUCCfMHzCi5GXcSll4IEVw": "Izuku Midoriya", "UCgjldWMNvkEElK83gT0T5hQ": "Isabella Martinez", "UC6MGcdDygNErZmrP_gU1hgw": "Ian M", "UCuwh_mwuH8Sfj3QmTWrbTDQ": "I'm just a regular tincan", "UCJp1r4_njZy7nX6ZEgFLivQ": "Iheartcats453 Vids", "UCU1WVIePSczu9x0zie8ZuEg": "Isaiah Isbill", "UCeBhImPuDkDBjUyIlFrMFvA": "I\u2019m da goatt ", "UCrxLyERh6CxOblbfir5LA3A": "INSTA GAMING KMR", "UCyHj9kKs5fJUVsK-HqNU4uA": "ItzXReverse", "UCVbJZhNPipuRzc7KiVWnjzw": "IRENE K. \u2606\u2661\ud83c\udf1e\ud83c\udf38", "UCuxokAjXOpYnLPQ6-49Zing": "I DO NOT ANSWER QUESTIONS", "UCTNKHq4KkfWQNTW35VZnY_g": "I Like Tacos", "UCNPzkLxxbSA7YnBRhd_1M0w": "Ines Molleda", "UC-8mVfZZhZdX-31rjKUxK0A": "Imanundercoverspythatsapotato:D", "UC6p6brlwqGE_lUNqciw-12Q": "It's Your Girl Brianna", "UCdDAIjQ5cl9nyMyEvSAZhyg": "ImSoFresh", "UCpXC6e3wHahf-rCifgGvBdg": "Idk123", "UCONV85ntc69gSKLDntCoZ1Q": "Isabelle Joseph", "UC3Wfrby4JiuisXxiEPR0b3Q": "I Love Knockout From TFP", "UCarTwmndrf6XyLwYJVap-LA": "Ishmael Graham", "UClvm1bYSGJuF8b1psCb1m8w": "Intrepid", "UC7TuL3U1WCh_qKK96n0MJng": "Iacopo Guidi", "UC9eNPJQgwjWZembEGxYgKAg": "Isa Solis", "UCOdThRvq6edSeHi4qCsbLOA": "Itachi_the_gamer", "UCWaYnMK0-HpQWzoWEtunzZg": "Ivana Mendez", "UCVS5j0MzK-Vr-qjR9MkGN9w": "It'z Tesse_ Gacha", "UCF2Xqe79_DvccX_4HHMBCLg": "Igna Powers", "UCDGaD4z01poq6dTPSnnq4kw": "Insane about film", "UCacWGs0cLUEo5MroZuq0MSw": "Ismael Velazquez", "UC0GycCj2uQGuEy_C6UqTnsQ": "Ignatius Fasen", "UCVlu8OQiiMHjXQ-BJ9DS-mQ": "IAmakua", "UCpFc4QttSTstxPGNZG4rV_g": "Irma White", "UCBGdX4Kh3z4gfYHBKnyKtmA": "Isaac Olivares", "UC3HcU67ZLmzaoXRmNuX3qFA": "It\u2019s Private", "UCmHz3-HbEfcS9Fhz-cuGJ-A": "Idk", "UCB3_d81LUsbQsWfK_tQLtvQ": "ICR-Sahil", "UCSnw0Lc5mmsaslY1gJ9GqhA": "Izuku Midoriya \u2022 Class 1-A", "UCCFtsEwCM4i5d31nersVHvQ": "Isaac Ortega", "UCXy2ur1Uix2rU6GUArAsiOw": "Internet Stranger, Stranger of the internet", "UCPqTsf8eQUwiVxNDIdFg_tw": "Ian Conte", "UC-W3hCQ0FXC4iHELCB7IZTw": "Izuniy\u2010466", "UCQbcYa6cL40W6TFAIjwJyyw": "It\u2019s Me Jayser", "UCMFauUdmQNRILfNjnj_KcIg": "Izzie Love", "UCmIqVCGfX4zFjqAFs1fyRag": "Isaacforson", "UCAUXuUKgotBx5KNCQyKkWbQ": "Istuti", "UCsjTGW-1s8Ej9U1docvzb0A": "Insiidous", "UCc0_vULkS6M5yZOX5xSJAZg": "Itz_nozavi\ud83e\uddf8\ud83d\udc9e", "UCL09DKegiw66_XWJw_bTg8g": "Ishwari Danekar", "UCfCsFQVC2sSxrzdk_j6IOQg": "ImagineFeelinGood", "UCEsjf9nx1cfav2XO88jGXzw": "Isaiah Cruz", "UC3QYxB0YZe-hNIHoCyZFSSw": "Ili\u00e1 Brians\u00f3", "UCP-6ERNOmS_jmoaF9OW7Qlg": "Ivan the smash", "UCEV7Rob7p3o7ZAA0rb5g26Q": "Ian Shaw", "UC300tJ2sRAA5E3pc0DaQRqw": "Isha\u30b7", "UCIxePDN7CVowDqUoipYSA5A": "Iannah Toledo", "UCeCrafLBbKCbhFwop0PC46A": "Infernal", "UCIjIdaqO7O6gN81bkgVRm7w": "Inferno gaming", "UCdgE8JHZoMu5vAWjiE9SOsQ": "Isaac Roan", "UCh04X6t5_cUmS7iOecqQchQ": "Immortal_ Shrooms", "UCKjoy-tlaVkiUIml96Gcmcw": "Iqbal bal", "UCzBg9SNxQreUx6JlqTmdeEw": "Ineke", "UC56F0Sc2Vn8Lj0V8Gj8fJPA": "InFerno", "UC4JCAiYME78ijQ8VVA_djWQ": "Industrialover", "UCZOxH-OL0yPLrqea0NOeDew": "ItsIsabel", "UC880swALWiUuiMPRflnwh7g": "Irene Gavidia", "UCZ2CSz3j0zCi6ohFGHHLaeQ": "Iris Moon", "UC8XSBVDLJ94l9DDzjvEpgFg": "I'M ON FIRE PLEASE PUT ME OUT", "UCEauRVbHGeGb5cmQfcDMtgQ": "Ivy Bolin", "UC800a6NFGGOR0S-Z_gwKooA": "Igor Igor", "UCclKvf9R5D83JVST5R4Ip9w": "Itz Terrence M", "UCMvATDAPVINoGieWwmU-_-Q": "Invasion", "UC3cCQfSs5SaxskDSbVt8adA": "Ink Shadow", "UC32NJRoa0IHXgrQ6SiQZykQ": "Itz Tani69", "UCoOsEA0kfTbLm5Z5ZEV5eNQ": "Insanely AweSAM", "UCks4hQJBCYGc4VIJMPZ84pA": "IF YOU\u2019RE 555 THEN I\u2019M 666", "UCxEFnoB3tCNT0eTDZqw-xmg": "Irma Vep", "UCGkITpqvCRZKN2Am51YmzDQ": "It Doesn\u2019t Take an Engineer", "UCOTd8vNX6BDipUihixHLuoA": "Ibnziyad Tariq", "UClyw3gSy2XC0kTGSH7j_ckQ": "ILAND BOI", "UCHxehZSbgJggOOnAOgK7IMQ": "Iman gaming", "UCo0QCsVqGR4tX3cjmjXw6_A": "Instinct Arc-V", "UCPQE20f5nHs0OV5RqwvIv8g": "Ife", "UChWOKv3lVfBIZkO-qJFDVsQ": "Icon1c", "UCsRKzZ-2iuIUH3NLeAnOy5w": "Itz_Alison_playzzz", "UCt41sEyv_AFIv-1QORSKFbQ": "Ismail Zeyad", "UCOZCkM3B12E_p6RT9bYTnoA": "Ivybuck", "UCq0OCHY39ukq0_4HuRA0_5Q": "ICE BANNA Hi", "UCknZa_BqacX8E4yUqVSuIhA": "IDKAustin", "UC_2yVzrFe6kT5eirhlyz70g": "Inanimate", "UCGPwAnGkeT3FNwKU5XzaJXg": "Indonesia Raya", "UCQKiywi1vxTlidP22o_zcDA": "Ian Gregory", "UC93EEKenenGkMsxmQ_HcHSw": "I", "UCswZjMQJYEgt7_GaLXhjBfQ": "Iatromix", "UC6EnRzoDILqPYU5Oa0dVrHg": "IceSonic WeirdShorts 2020 & 21 july", "UCvYcIK_pILc12EfPVwLoIYQ": "I_Georgie Quest_I", "UC_htIS_ofw1n7D1ZKIj7ukQ": "I'M A PANDA!", "UCGeiMfb06zd6AuW6yFnCOGw": "Iwan Kull", "UCXZLoyIZ8n-i5hirWxAmPRg": "InitialPC", "UCXFvWK1gVxytCz_5RuTN29g": "I ran out of ideas", "UCb1WXZ6-KGraDZ9QRWeCnIw": "IGuessICanDraw", "UCbdYkcCFlNb0bh3S0s6Aopw": "IqieLokie", "UC8P9cvgAXeMGz4gDDjQBMeg": "Israel Flores Flores", "UCNZ3SqPTak8bBZTIlILpDMg": "It\u2019s rosie", "UCYcTRE17BHus5my9i4zJSVg": "Isabella Harbin", "UCn93nQmbkIVht5QqXTjEFkA": "Introverted Human", "UC9rEdfrTEWFiJHx2qEfg8Gg": "Iain Cotton", "UCsQaJ_O3TDih1fpbakcSxmw": "INSERT TITLE gaming", "UCAiWFJK3Kz0G6uuGbZAJJUQ": "Isla and fisher Dogs", "UCd0YHhmYjpO2pINaIlfiEng": "Ignacio Calcedo V\u00e1zquez", "UCZr2y5SwqsBaqRCyQA4sp_g": "Idiot monke", "UC-ufRd5TcfnGrcpsOKqD_gg": "IRISH", "UClm-Kp33mJ23csbFVMDAfrg": "IAN PEREZ", "UC-s2ILbca2foIt0lIMmGzGg": "I_am Nobody", "UCBrFxO6WKZApZj8LZEQHsUg": "Izza Sayla", "UC2QVX9sm4DRZqAniL0ctOJA": "IsaCookie", "UCadpuSrFfA1YOAUchVVEQcA": "Icelo Racing Network", "UCZAqb1n55qJ8bkS3x2vAF9g": "Inksanity Tattoo Studio", "UCM90v9EncMFM2VsonfrTq1g": "Irene Edward", "UCyIA8Qo92X47TDlcqLxLQTg": "ItzImpact", "UCLmHubSaJXNHJr77sv7zqxQ": "Ignacio Michel", "UCaiEOIs81CCSA0Jbg0HtUHg": "Ichya Adhikari", "UCNuTqAL2hF1-mkrOr-QYyqw": "Ivan Bartimeus", "UCouolqNj0_ML20nQOn2Wm6w": "Imaduddin the cookieman", "UC2FJNN3etfPbjUOEsThViSA": "Ian J E", "UCHdnpy7ovDgIdnV_PMUIyfg": "Indrick Boreale", "UCHDujMiuys2p8RD0sSYMWCw": "Inifus", "UCPrgOoNB1QDxoqkebjd9m6A": "Isabella Perez", "UCAH2muaznbRhLX5kP5H2JDg": "InSTaKILLA1999", "UCYyJDlKx4iQZgXKCE8c1qUw": "ItsAdelle", "UCdDXJMUNsStVjEX3nQ9oNwg": "I Drink Milk", "UCdvc_4YdEZBCrI9FeGoE2ZQ": "Itsmecrazygirl Gacha", "UC3i8myuNV9jCvgyC-_FCeUQ": "Ishitonyou666", "UCiuroN-w-aOm0cIFbtYQtrg": "Ieva", "UCj8F4UlHRxBgIE4_fQ_OmFw": "It's a pornography store. I was buying pornography.", "UCPAS2e-yItT_KGt0ZqCN3Ew": "ImagineKG", "UCW2RWAdtK0SLsDXx7jKAGGg": "It'z Uroo", "UCoysnWG8ep_LXZFc2MqxjLQ": "Ideen Tayebi", "UCPEruNZoWTjrD_jpYr147NA": "Isabella Aubrey", "UCsXhcf-r8nehxDDBF5_Cd1w": "Ivan Kemmerling", "UCOitoMoK-CLjC4JbQnw8mpQ": "Imaan Junaid", "UC3TvMli7zLriwLOsqNZKtdw": "InquisitiveYoungster", "UCC9CivalCcCQwLcxl0xF0sg": "Isabel Avila", "UC2G81V0GCMPksEMoSUVFOFw": "Iris", "UClDKP93WqW96F6_pw3t198g": "Ivan Galvis", "UCFdBjKZvt05IWXQp7SD49hw": "Isaiah", "UC89ByBjt4fsDf8onxP_rhsg": "Itz Ace", "UCbod_XU158AgKmb-ucOYLuA": "IcyADHD", "UCSyz6dCQQDcKVjSthi4Hx6g": "Ikeoikeo ME", "UCQEbLNsPJu3ZG9xkW0mbKgg": "I dunno...", "UCk4USnO2OaLB-Iz9eXi0-cA": "IFBB Wannabe", "UC8CfufmU42YB6-GIySy2VkQ": "INFINITY VIDEO S.", "UCQ3Jnn_l20PRTiASSdIWyaw": "ImMrSimple", "UCtn-Fh4ZD5Rw1enNQmkjKFQ": "It\u2019s Jordan", "UCA_OlEszOGW5ILgLJe0R17A": "Ibraheem Temur", "UCs7XDNlIjJXKrjV-6a3D-2g": "Isaac Mueller", "UCQNi6wMll1BAxQ3lv49kQTQ": "Ian MacLellan", "UCWWIrvif7JT-9Y6QfwGkoGw": "Itsmewafflecat", "UCFUGscHFt3MmfpZVXCTPZnw": "ItsMeta", "UCVkjDNDs5l-aIpZ8EQNRj0w": "ItsVictoriaplays!", "UCQLwwkuGusZep9pMORKJ2Rg": "Improvisador", "UCaNRU2tHLwDkkcaWgtSOmvw": "InotBen", "UCUZCu2ssnHM3vsGEuCqxbsQ": "Itz\u2022Sophia", "UCnt5YMSRejtC3YnwZQAdDSw": "Ian Devine", "UCmdrTKK06Q-rBGZ9_fBLukA": "I own a cup", "UCqjSmFX7eSm8l7ybC5ceA6w": "It\u2019s Everett"}