country,date,daily_vaccinations,total_vaccinations,people_vaccinated,people_fully_vaccinated,total_boosters,population
Afghanistan,01/25/2022,,,,,,
Afghanistan,01/26/2022,,5074196,4511372,3866279,,
Afghanistan,01/27/2022,6868,5081064,4517380,3868832,,
Afghanistan,01/28/2022,,5081064,,3868832,,
Afghanistan,01/29/2022,,5081064,,3868832,,
Afghanistan,01/30/2022,,5081064,,3868832,,
Afghanistan,01/31/2022,,5125146,4554648,3892831,,39822425
Albania,01/25/2022,,,,,,
Albania,01/26/2022,,,,,,
Albania,01/27/2022,,,,,,
Albania,01/28/2022,,,,,,
Albania,01/29/2022,,,,,,
Albania,01/30/2022,,2523683,1210040,1111520,202123,2873046
Albania,01/31/2022,,2523683,,1111520,,
Angola,01/25/2022,,,,,,
Angola,01/26/2022,,,,,,
Angola,01/27/2022,,,,,,
Angola,01/28/2022,,14588435,9713546,4731866,,33934485
Angola,01/29/2022,,14588435,,4731866,,
Angola,01/30/2022,,14588435,,4731866,,
Angola,01/31/2022,,14588435,,4731866,,
Anguilla,01/25/2022,,,,,,
Anguilla,01/26/2022,,,,,,
Anguilla,01/27/2022,,,,,,
Anguilla,01/28/2022,,21449,10193,9336,1920,15126
Anguilla,01/29/2022,,21449,,9336,,
Anguilla,01/30/2022,,21449,,9336,,
Anguilla,01/31/2022,,21449,,9336,,
Antigua and Barbuda,01/25/2022,,,,,,
Antigua and Barbuda,01/26/2022,,123555,63197,60358,,98726
Antigua and Barbuda,01/27/2022,,123555,,60358,,
Antigua and Barbuda,01/28/2022,,123555,,60358,,
Antigua and Barbuda,01/29/2022,,123555,,60358,,
Antigua and Barbuda,01/30/2022,,123555,,60358,,
Antigua and Barbuda,01/31/2022,,123555,,60358,,
Argentina,01/25/2022,,85763224,39445508,34414875,11656958,
Argentina,01/26/2022,,85763224,,34414875,,
Argentina,01/27/2022,,86151950,39494515,34497467,11911737,
Argentina,01/28/2022,373468,86525418,39543211,34580056,12151363,
Argentina,01/29/2022,371733,86897151,39586367,34652659,12405024,
Argentina,01/30/2022,315886,87213037,39618863,34708999,12630834,
Argentina,01/31/2022,363848,87576885,39663948,34788229,12868208,45605836
Armenia,01/25/2022,,,,,,
Armenia,01/26/2022,,,,,,
Armenia,01/27/2022,,,,,,
Armenia,01/28/2022,,,,,,
Armenia,01/29/2022,,,,,,
Armenia,01/30/2022,,1894651,1045611,837694,,2968277
Armenia,01/31/2022,,1894651,,837694,,
Aruba,01/25/2022,,166117,86444,79673,,
Aruba,01/26/2022,,166117,,79673,,
Aruba,01/27/2022,,166235,86509,79726,,
Aruba,01/28/2022,109,166344,86579,79765,,
Aruba,01/29/2022,,166344,,79765,,
Aruba,01/30/2022,,166344,,79765,,
Aruba,01/31/2022,,166440,86627,79813,,107194
Austria,01/25/2022,,,,,,
Austria,01/26/2022,,,,,,
Austria,01/27/2022,,,,,,
Austria,01/28/2022,,17601412,6761872,6470286,4717848,9043061
Austria,01/29/2022,,17601412,,6470286,,
Austria,01/30/2022,,17601412,,6470286,,
Austria,01/31/2022,,17601412,,6470286,,
Azerbaijan,01/25/2022,31667,11845510,5217380,4732155,1895975,
Azerbaijan,01/26/2022,30563,11876073,5220001,4734704,1921368,
Azerbaijan,01/27/2022,29515,11905588,5222566,4736905,1946117,
Azerbaijan,01/28/2022,30887,11936475,5225069,4738970,1972436,
Azerbaijan,01/29/2022,34546,11971021,5228014,4740859,2002148,
Azerbaijan,01/30/2022,29728,12000749,5230388,4742169,2028192,
Azerbaijan,01/31/2022,18,12000767,5230388,4742174,2028205,10222990
Bahamas,01/25/2022,,,,,,
Bahamas,01/26/2022,,318916,160505,151520,18037,396909
Bahamas,01/27/2022,,318916,,151520,,
Bahamas,01/28/2022,,318916,,151520,,
Bahamas,01/29/2022,,318916,,151520,,
Bahamas,01/30/2022,,318916,,151520,,
Bahamas,01/31/2022,,318916,,151520,,
Bahrain,01/25/2022,8622,3341262,1219265,1192261,929736,
Bahrain,01/26/2022,2716,3343978,1219977,1192408,931593,
Bahrain,01/27/2022,2827,3346805,1220718,1192572,933515,
Bahrain,01/28/2022,2090,3348895,1221632,1192627,934636,
Bahrain,01/29/2022,1750,3350645,1222439,1192679,935527,
Bahrain,01/30/2022,4100,3354745,1223635,1193541,937569,
Bahrain,01/31/2022,2272,3357017,1223859,1193959,939199,1748265
Bangladesh,01/25/2022,1119638,155002117,94703296,59108539,1190282,
Bangladesh,01/26/2022,1414487,156416604,95440321,59711538,1264745,166312179
Bangladesh,01/27/2022,,156416604,,59711538,,
Bangladesh,01/28/2022,,156416604,,59711538,,
Bangladesh,01/29/2022,,156416604,,59711538,,
Bangladesh,01/30/2022,,156416604,,59711538,,
Bangladesh,01/31/2022,,156416604,,59711538,,
Barbados,01/25/2022,222,304941,158242,146699,,
Barbados,01/26/2022,239,305180,158358,146822,,
Barbados,01/27/2022,194,305374,158463,146911,,287709
Barbados,01/28/2022,,305374,,146911,,
Barbados,01/29/2022,,305374,,146911,,
Barbados,01/30/2022,,305374,,146911,,
Barbados,01/31/2022,,305374,,146911,,
Belarus,01/25/2022,,,,,,
Belarus,01/26/2022,,,,,,
Belarus,01/27/2022,,,,,,
Belarus,01/28/2022,,,,,,
Belarus,01/29/2022,,,,,,
Belarus,01/30/2022,,10028295,,4233740,,9442839
Belarus,01/31/2022,,10028295,,4233740,,
Belgium,01/25/2022,44335,23955357,9107406,8858389,6416564,
Belgium,01/26/2022,61488,24016845,9125269,8861621,6457014,
Belgium,01/27/2022,42940,24059785,9128092,8863018,6495754,
Belgium,01/28/2022,45869,24105654,9130726,8864669,6537380,
Belgium,01/29/2022,46036,24151690,9148174,8873836,6556811,
Belgium,01/30/2022,6239,24157929,9150562,8875753,6558745,
Belgium,01/31/2022,24295,24182224,9152229,8876879,6580264,11632221
Belize,01/25/2022,,,,,,
Belize,01/26/2022,,,,,,
Belize,01/27/2022,,,,,,
Belize,01/28/2022,,445691,232515,203237,,404916
Belize,01/29/2022,,445691,,203237,,
Belize,01/30/2022,,445691,,203237,,
Belize,01/31/2022,,445691,,203237,,
Bermuda,01/25/2022,,,,,,
Bermuda,01/26/2022,,,,,,
Bermuda,01/27/2022,,,,,,
Bermuda,01/28/2022,,120535,46695,45863,27977,62094
Bermuda,01/29/2022,,120535,,45863,,
Bermuda,01/30/2022,,120535,,45863,,
Bermuda,01/31/2022,,120535,,45863,,
Bhutan,01/25/2022,,,,,,
Bhutan,01/26/2022,,,,,,
Bhutan,01/27/2022,,,,,,
Bhutan,01/28/2022,,,,,,
Bhutan,01/29/2022,,,,,,
Bhutan,01/30/2022,,1435774,593980,570751,351962,779889
Bhutan,01/31/2022,,1435774,,570751,,
Bolivia,01/25/2022,70812,11601193,6648054,5112190,835910,
Bolivia,01/26/2022,57570,11658763,6664808,5143396,845520,
Bolivia,01/27/2022,50562,11709325,6679305,5171346,853635,
Bolivia,01/28/2022,54529,11763854,6694190,5201566,863059,
Bolivia,01/29/2022,23699,11787553,6701069,5213649,867796,
Bolivia,01/30/2022,6546,11794099,6703310,5216544,869406,
Bolivia,01/31/2022,66683,11860782,6726944,5249825,879174,11832385
Bosnia and Herzegovina,01/25/2022,,,939775,842954,120530,
Bosnia and Herzegovina,01/26/2022,,,,842954,,
Bosnia and Herzegovina,01/27/2022,,,,842954,,
Bosnia and Herzegovina,01/28/2022,,,,842954,,
Bosnia and Herzegovina,01/29/2022,,1924950,943394,846080,,3263734
Bosnia and Herzegovina,01/30/2022,,,,,,
Bosnia and Herzegovina,01/31/2022,,,,,,
Brazil,01/25/2022,1109088,355987219,168546490,149165531,43260640,
Brazil,01/26/2022,1145771,357132990,168921071,149273731,43930017,
Brazil,01/27/2022,1656940,358789930,169261105,149542396,44986684,
Brazil,01/28/2022,1702800,360492730,169619416,149714068,46174206,
Brazil,01/29/2022,672466,361165196,169825847,149779557,46576117,
Brazil,01/30/2022,144483,361309679,169865538,149793528,46667050,
Brazil,01/31/2022,1193530,362503209,170322125,149930855,47268419,213992450
British Virgin Islands,01/25/2022,,,,,,
British Virgin Islands,01/26/2022,,,,,,
British Virgin Islands,01/27/2022,,,,,,
British Virgin Islands,01/28/2022,,36330,18753,17215,,30423
British Virgin Islands,01/29/2022,,36330,,17215,,
British Virgin Islands,01/30/2022,,36330,,17215,,
British Virgin Islands,01/31/2022,,36330,,17215,,
Brunei,01/25/2022,,,,,,
Brunei,01/26/2022,,,,,,
Brunei,01/27/2022,,,,,,
Brunei,01/28/2022,,979285,407042,403385,,441538
Brunei,01/29/2022,,979285,,403385,,
Brunei,01/30/2022,,979285,,403385,,
Brunei,01/31/2022,,979285,,403385,,
Bulgaria,01/25/2022,10657,4114896,,1980511,580808,
Bulgaria,01/26/2022,11848,4126744,,1983763,588403,
Bulgaria,01/27/2022,12621,4139365,,1987545,596235,
Bulgaria,01/28/2022,12787,4152152,,1991648,603840,
Bulgaria,01/29/2022,3467,4155619,,1992848,605792,
Bulgaria,01/30/2022,1901,4157520,,1993529,606917,
Bulgaria,01/31/2022,7958,4165478,,1996484,611314,6896487
Cambodia,01/25/2022,117730,32800712,14342352,13743612,5767899,
Cambodia,01/26/2022,94384,32895096,14345304,13747904,5855039,
Cambodia,01/27/2022,79450,32974546,14348054,13751678,5927965,
Cambodia,01/28/2022,76206,33050752,14350592,13756300,5997011,
Cambodia,01/29/2022,47089,33097841,14351805,13758000,6041187,
Cambodia,01/30/2022,23476,33121317,14352541,13759069,6062858,
Cambodia,01/31/2022,23460,33144777,14353621,13760630,6083677,16946049
Canada,01/25/2022,334789,76588007,32236332,29903275,14448400,
Canada,01/26/2022,263476,76851483,32253251,29940348,14657884,
Canada,01/27/2022,259273,77110756,32271463,29980491,14858802,
Canada,01/28/2022,257333,77368089,32290019,30021580,15056490,
Canada,01/29/2022,166881,77534970,32301838,30055128,15178004,
Canada,01/30/2022,144395,77679365,32313043,30098902,15267420,
Canada,01/31/2022,328723,78008088,32340774,30150833,15516481,38067582
Cayman Islands,01/25/2022,,,,,,
Cayman Islands,01/26/2022,,,,,,
Cayman Islands,01/27/2022,,,,,,
Cayman Islands,01/28/2022,,137430,59308,57473,,66498
Cayman Islands,01/29/2022,,137430,,57473,,
Cayman Islands,01/30/2022,,137430,,57473,,
Cayman Islands,01/31/2022,,137430,,57473,,
Central African Republic,01/25/2022,,,,,,
Central African Republic,01/26/2022,,,,,,
Central African Republic,01/27/2022,,,,,,
Central African Republic,01/28/2022,,,,,,
Central African Republic,01/29/2022,,,,,,
Central African Republic,01/30/2022,,,,,,
Central African Republic,01/31/2022,,652134,572911,549473,,4921767
Chad,01/25/2022,,,,,,
Chad,01/26/2022,,,,,,
Chad,01/27/2022,,,,,,
Chad,01/28/2022,,,,,,
Chad,01/29/2022,,,,,,
Chad,01/30/2022,,392157,254847,136143,,16903319
Chad,01/31/2022,,392157,,136143,,
Chile,01/25/2022,92276,46401760,17576889,16894804,12504135,
Chile,01/26/2022,79858,46481618,17587324,16910352,12558018,
Chile,01/27/2022,71298,46552916,17597099,16924544,12605360,
Chile,01/28/2022,66489,46619405,17606155,16935414,12651933,
Chile,01/29/2022,7759,46627164,17607321,16936283,12657657,
Chile,01/30/2022,714,46627878,17607404,16936354,12658217,
Chile,01/31/2022,83517,46711395,17619346,16952674,12713482,19212518
China,01/25/2022,5187000,2978646000,,,,
China,01/26/2022,5409000,2984055000,,,,
China,01/27/2022,5425000,2989480000,,,,
China,01/28/2022,4682000,2994162000,1266070000,1227387000,,
China,01/29/2022,3722000,2997884000,,1227387000,,
China,01/30/2022,2314000,3000198000,,1227387000,,
China,01/31/2022,334000,3000532000,,1227387000,,1444229881
Colombia,01/25/2022,245216,70595963,39949419,31062511,5263357,
Colombia,01/26/2022,,70595963,,31062511,,
Colombia,01/27/2022,,71090693,40104316,31296243,5421202,
Colombia,01/28/2022,230224,71320917,40172345,31402127,5498539,
Colombia,01/29/2022,276470,71597387,40262427,31522344,5586501,
Colombia,01/30/2022,102787,71700174,40286441,31568206,5626752,
Colombia,01/31/2022,227734,71927908,40348092,31668670,5715017,51267219
Comoros,01/25/2022,,,,,,
Comoros,01/26/2022,,,,,,
Comoros,01/27/2022,,598000,341102,256898,,888427
Comoros,01/28/2022,,598000,,256898,,
Comoros,01/29/2022,,598000,,256898,,
Comoros,01/30/2022,,598000,,256898,,
Comoros,01/31/2022,,598000,,256898,,
Costa Rica,01/25/2022,,8234302,4028723,3654209,551370,
Costa Rica,01/26/2022,,8234302,,3654209,,
Costa Rica,01/27/2022,,8234302,,3654209,,
Costa Rica,01/28/2022,,8234302,,3654209,,
Costa Rica,01/29/2022,,8234302,,3654209,,
Costa Rica,01/30/2022,,8234302,,3654209,,
Costa Rica,01/31/2022,,8315360,4059598,3676687,579075,5138966
Cote d'Ivoire,01/25/2022,,,,,,
Cote d'Ivoire,01/26/2022,,,,,,
Cote d'Ivoire,01/27/2022,,7591109,5208637,2382472,,27053133
Cote d'Ivoire,01/28/2022,,7591109,,2382472,,
Cote d'Ivoire,01/29/2022,,7591109,,2382472,,
Cote d'Ivoire,01/30/2022,,7591109,,2382472,,
Cote d'Ivoire,01/31/2022,,7591109,,2382472,,
Croatia,01/25/2022,9255,5061724,2290566,2199638,,
Croatia,01/26/2022,9653,5071377,2291578,2201139,,
Croatia,01/27/2022,9458,5080835,2292446,2202555,,
Croatia,01/28/2022,8949,5089784,2293314,2202555,,
Croatia,01/29/2022,5219,5095003,2293970,2202555,,
Croatia,01/30/2022,792,5095795,2294113,2205136,,
Croatia,01/31/2022,5165,5100960,2294732,2206142,,4081748
Cuba,01/25/2022,91343,33866971,10558532,9811501,4876009,
Cuba,01/26/2022,101120,33968091,10561720,9815389,5054186,
Cuba,01/27/2022,99338,34067429,10564918,9819198,5145349,
Cuba,01/28/2022,81157,34148586,10568180,9822769,5220110,
Cuba,01/29/2022,87832,34236418,10569179,9823714,5306237,
Cuba,01/30/2022,42447,34278865,10569265,9823862,5348499,
Cuba,01/31/2022,19966,34298831,10571945,9831581,5358553,11317506
Curacao,01/25/2022,,239019,105888,97494,35637,
Curacao,01/26/2022,,239019,,97494,,
Curacao,01/27/2022,,239270,105925,97507,35838,
Curacao,01/28/2022,339,239609,105958,97529,36122,
Curacao,01/29/2022,353,239962,105993,97575,36394,
Curacao,01/30/2022,149,240111,105999,97591,36521,
Curacao,01/31/2022,262,240373,106029,97614,36730,164798
Cyprus,01/25/2022,,,,,,
Cyprus,01/26/2022,,1679808,658527,626637,394644,
Cyprus,01/27/2022,2596,1682404,658851,626945,396608,
Cyprus,01/28/2022,,1682404,,626945,,
Cyprus,01/29/2022,,1682404,,626945,,
Cyprus,01/30/2022,,1682404,,626945,,
Cyprus,01/31/2022,,1693504,659912,629299,404293,895987
Czechia,01/25/2022,37315,16874351,6916435,6763493,3602911,
Czechia,01/26/2022,39542,16913893,6918815,6768056,3635589,
Czechia,01/27/2022,39833,16953726,6921141,6772865,3668372,
Czechia,01/28/2022,56444,17010170,6924046,6779010,3715899,
Czechia,01/29/2022,12043,17022213,6924646,6780657,3725733,
Czechia,01/30/2022,4814,17027027,6924875,6781434,3729572,
Czechia,01/31/2022,30168,17057195,6926406,6785345,3754377,10724424
Democratic Republic of Congo,01/25/2022,,,,,,
Democratic Republic of Congo,01/26/2022,,,,,,
Democratic Republic of Congo,01/27/2022,,457160,371176,209949,,
Democratic Republic of Congo,01/28/2022,,457160,,209949,,
Democratic Republic of Congo,01/29/2022,,468253,372564,211035,,91814314
Democratic Republic of Congo,01/30/2022,,468253,,211035,,
Democratic Republic of Congo,01/31/2022,,468253,,211035,,
Denmark,01/25/2022,15938,13028178,4840307,4714897,3519984,
Denmark,01/26/2022,13816,13041994,4840776,4717255,3530987,
Denmark,01/27/2022,12265,13054259,4841211,4719470,3540608,
Denmark,01/28/2022,13350,13067609,4841705,4722060,3550874,
Denmark,01/29/2022,6883,13074492,4841963,4723916,3555643,
Denmark,01/30/2022,5357,13079849,4842145,4725553,3559178,
Denmark,01/31/2022,9331,13089180,4842433,4727071,3566714,5813280
Djibouti,01/25/2022,,,,,,
Djibouti,01/26/2022,,,,,,
Djibouti,01/27/2022,,,,,,
Djibouti,01/28/2022,,,,,,
Djibouti,01/29/2022,,150755,130425,90458,,1002361
Djibouti,01/30/2022,,150755,,90458,,
Djibouti,01/31/2022,,150755,,90458,,
Dominica,01/25/2022,,,,,,
Dominica,01/26/2022,,60098,31195,28903,,
Dominica,01/27/2022,,60098,,28903,,
Dominica,01/28/2022,,60254,31272,28982,,72170
Dominica,01/29/2022,,60254,,28982,,
Dominica,01/30/2022,,60254,,28982,,
Dominica,01/31/2022,,60254,,28982,,
Dominican Republic,01/25/2022,38686,14525084,6984768,5769230,1748780,
Dominican Republic,01/26/2022,44221,14569305,6988100,5774497,1782404,
Dominican Republic,01/27/2022,50037,14619342,6991107,5779813,1821870,
Dominican Republic,01/28/2022,60684,14680026,6994292,5785462,1871608,
Dominican Republic,01/29/2022,25837,14705863,6995481,5787787,1893088,
Dominican Republic,01/30/2022,16747,14722610,6996090,5789094,1907481,
Dominican Republic,01/31/2022,51143,14773753,6999277,5794606,1948527,10954070
Ecuador,01/25/2022,70525,29706090,14615853,13241574,2381687,
Ecuador,01/26/2022,67189,29773279,14625618,13257403,2424415,
Ecuador,01/27/2022,66792,29840071,14634169,13272540,2468533,
Ecuador,01/28/2022,71588,29911659,14641333,13286510,2520028,
Ecuador,01/29/2022,34578,29946237,14643923,13290852,2547956,
Ecuador,01/30/2022,19297,29965534,14645580,13293525,2563226,
Ecuador,01/31/2022,62523,30028057,14653284,13306352,2606196,17888751
Egypt,01/25/2022,,,,,,
Egypt,01/26/2022,,,,,,
Egypt,01/27/2022,,,,,,
Egypt,01/28/2022,,,,,,
Egypt,01/29/2022,,,,,,
Egypt,01/30/2022,,65052928,38312663,27165187,,104251488
Egypt,01/31/2022,,65052928,,27165187,,
El Salvador,01/25/2022,13099,9936259,4526149,4201347,1208763,
El Salvador,01/26/2022,,9936259,,4201347,,
El Salvador,01/27/2022,,9967076,4531396,4205520,1230160,
El Salvador,01/28/2022,,9967076,,4205520,,
El Salvador,01/29/2022,,9967076,,4205520,,
El Salvador,01/30/2022,,9978576,4533437,4206985,1238154,6518537
El Salvador,01/31/2022,,9978576,,4206985,,
England,01/25/2022,80009,115383211,43938408,40468154,30976649,
England,01/26/2022,84931,115468142,43952197,40495461,31020484,
England,01/27/2022,82765,115550907,43966186,40521787,31062934,
England,01/28/2022,90167,115641074,43981371,40552037,31107666,
England,01/29/2022,97226,115738300,43997848,40586419,31154033,
England,01/30/2022,59491,115797791,44007906,40609130,31180755,
England,01/31/2022,62704,115860495,44018188,40630005,31212302,56550418
Estonia,01/25/2022,3298,1905223,852968,830114,403277,
Estonia,01/26/2022,3005,1908228,853306,830514,405778,
Estonia,01/27/2022,3275,1911503,853598,830897,408583,
Estonia,01/28/2022,3740,1915243,854011,831395,411701,
Estonia,01/29/2022,1603,1916846,854142,831600,413082,
Estonia,01/30/2022,1087,1917933,854237,831739,414000,
Estonia,01/31/2022,2291,1920224,854443,832038,415941,1325207
Eswatini,01/25/2022,,462652,366076,330127,,1172459
Eswatini,01/26/2022,,462652,,330127,,
Eswatini,01/27/2022,,462652,,330127,,
Eswatini,01/28/2022,,462652,,330127,,
Eswatini,01/29/2022,,462652,,330127,,
Eswatini,01/30/2022,,462652,,330127,,
Eswatini,01/31/2022,,462652,,330127,,
Ethiopia,01/25/2022,,,,,,
Ethiopia,01/26/2022,,,,,,
Ethiopia,01/27/2022,,,,,,
Ethiopia,01/28/2022,,10973077,9372085,1600992,,
Ethiopia,01/29/2022,,10973077,,1600992,,
Ethiopia,01/30/2022,,10973077,,1600992,,
Ethiopia,01/31/2022,,10975026,9372085,1602941,,117884275
Faeroe Islands,01/25/2022,,102553,41666,40812,20075,
Faeroe Islands,01/26/2022,,102553,,40812,,
Faeroe Islands,01/27/2022,,102553,,40812,,
Faeroe Islands,01/28/2022,,103026,41679,40839,20508,
Faeroe Islands,01/29/2022,,103026,,40839,,
Faeroe Islands,01/30/2022,,103026,,40839,,
Faeroe Islands,01/31/2022,,103223,41686,40848,20689,49054
Fiji,01/25/2022,,,,,,
Fiji,01/26/2022,,,,,,
Fiji,01/27/2022,,,,,,
Fiji,01/28/2022,,,,,,
Fiji,01/29/2022,,,,,,
Fiji,01/30/2022,,,,,,
Fiji,01/31/2022,,1279166,664978,614188,,902920
Finland,01/25/2022,,10693347,4291155,4118068,2284124,
Finland,01/26/2022,53428,10746775,4292744,4121455,2332576,
Finland,01/27/2022,37696,10784471,4293901,4124164,2366406,
Finland,01/28/2022,38983,10823454,4295050,4126922,2401482,
Finland,01/29/2022,43001,10866455,4296615,4130395,2439445,
Finland,01/30/2022,39595,10906050,4297954,4133568,2474528,
Finland,01/31/2022,102135,11008185,4388583,4134366,2485236,5548481
France,01/25/2022,317546,135344916,53717249,51219827,31484053,
France,01/26/2022,277282,135622198,53734485,51269045,31694893,
France,01/27/2022,269757,135891955,53749353,51314898,31903942,
France,01/28/2022,385636,136277591,53769042,51388829,32195969,
France,01/29/2022,243484,136521075,53781178,51435445,32380713,
France,01/30/2022,54845,136575920,53784104,51448179,32419913,
France,01/31/2022,201667,136777587,53794668,51490398,32568810,67421298
Georgia,01/25/2022,9465,2667808,1457447,1210361,,
Georgia,01/26/2022,8712,2676520,1463776,1212744,,
Georgia,01/27/2022,18717,2695237,1478388,1216849,,
Georgia,01/28/2022,,2695237,,1216849,,
Georgia,01/29/2022,,2704957,1486390,1218567,,
Georgia,01/30/2022,7932,2712889,1493168,1219721,,
Georgia,01/31/2022,9298,2722187,1500847,1221340,,3979806
Germany,01/25/2022,497712,163358335,62889885,61230465,42834902,
Germany,01/26/2022,500561,163858896,62931016,61312781,43212248,
Germany,01/27/2022,506437,164365333,62974682,61405976,43583969,
Germany,01/28/2022,434397,164799730,63012925,61484917,43901424,
Germany,01/29/2022,209701,165009431,63039232,61535893,44033864,
Germany,01/30/2022,75114,165084545,63048085,61556252,44079764,
Germany,01/31/2022,230519,165315064,63069564,61602645,44242612,83899241
Gibraltar,01/25/2022,,,,,,
Gibraltar,01/26/2022,,,,,,
Gibraltar,01/27/2022,,110843,41343,40696,28804,
Gibraltar,01/28/2022,148,110991,41352,40712,28927,
Gibraltar,01/29/2022,110,111101,41356,40722,29023,33692
Gibraltar,01/30/2022,,111101,,40722,,
Gibraltar,01/31/2022,,111101,,40722,,
Greece,01/25/2022,29480,18901963,7712864,7247179,4659911,
Greece,01/26/2022,28072,18930035,7717884,7253048,4677086,
Greece,01/27/2022,41770,18971805,7724981,7259074,4705556,
Greece,01/28/2022,55649,19027454,7734037,7270191,4740999,
Greece,01/29/2022,63749,19091203,7743181,7285561,4779881,
Greece,01/30/2022,25534,19116737,7748460,7288945,4796674,
Greece,01/31/2022,41983,19158720,7755590,7298799,4822114,10370640
Greenland,01/25/2022,9,79487,41157,38330,,
Greenland,01/26/2022,20,79507,41166,38341,,
Greenland,01/27/2022,14,79521,41174,38347,,
Greenland,01/28/2022,,79521,,38347,,
Greenland,01/29/2022,,79521,,38347,,
Greenland,01/30/2022,,79539,41183,38356,,56867
Greenland,01/31/2022,,79539,,38356,,
Grenada,01/25/2022,,,,,,
Grenada,01/26/2022,,,,,,
Grenada,01/27/2022,,,,,,
Grenada,01/28/2022,,84131,42467,36778,,113019
Grenada,01/29/2022,,84131,,36778,,
Grenada,01/30/2022,,84131,,36778,,
Grenada,01/31/2022,,84131,,36778,,
Guatemala,01/25/2022,68846,13112475,6860712,5196578,1055185,
Guatemala,01/26/2022,67342,13179817,6874141,5214653,1091023,
Guatemala,01/27/2022,63520,13243337,6886121,5231942,1125274,
Guatemala,01/28/2022,64903,13308240,6897461,5249799,1160980,
Guatemala,01/29/2022,30789,13339029,6901655,5257307,1180067,
Guatemala,01/30/2022,40258,13379287,6909197,5268363,1201727,
Guatemala,01/31/2022,71888,13451175,6925768,5288191,1237216,18248779
Guernsey,01/25/2022,,145743,,,,63386
Guernsey,01/26/2022,,145743,,,,
Guernsey,01/27/2022,,145743,,,,
Guernsey,01/28/2022,,145743,,,,
Guernsey,01/29/2022,,145743,,,,
Guernsey,01/30/2022,,145743,,,,
Guernsey,01/31/2022,,145743,,,,
Guinea,01/25/2022,,,,,,
Guinea,01/26/2022,,,,,,
Guinea,01/27/2022,,,,,,
Guinea,01/28/2022,,,,,,
Guinea,01/29/2022,,,,,,
Guinea,01/30/2022,,,,,,
Guinea,01/31/2022,,4749322,3523346,1874073,,13496227
Guinea-Bissau,01/25/2022,,,,,,
Guinea-Bissau,01/26/2022,,,,,,
Guinea-Bissau,01/27/2022,,,,,,
Guinea-Bissau,01/28/2022,,423400,396327,,,2015231
Guinea-Bissau,01/29/2022,,423400,,,,
Guinea-Bissau,01/30/2022,,423400,,,,
Guinea-Bissau,01/31/2022,,423400,,,,
Guyana,01/25/2022,,,,,,
Guyana,01/26/2022,,,,,,
Guyana,01/27/2022,,,,,,
Guyana,01/28/2022,,772121,422727,311796,37598,
Guyana,01/29/2022,,772121,,311796,,
Guyana,01/30/2022,,772121,,311796,,
Guyana,01/31/2022,,775229,423439,312874,38916,790325
Haiti,01/25/2022,,,,,,
Haiti,01/26/2022,,,,,,
Haiti,01/27/2022,,,,,,
Haiti,01/28/2022,,,,,,
Haiti,01/29/2022,,,,,,
Haiti,01/30/2022,,224249,143733,93809,,11559227
Haiti,01/31/2022,,224249,,93809,,
Hong Kong,01/25/2022,46732,10884517,5283613,4764242,836662,
Hong Kong,01/26/2022,47476,10931993,5300482,4771430,860081,
Hong Kong,01/27/2022,49436,10981429,5315598,4779492,886339,
Hong Kong,01/28/2022,52971,11034400,5333211,4789840,911349,
Hong Kong,01/29/2022,44415,11078815,5347386,4799427,932002,
Hong Kong,01/30/2022,36342,11115157,5356969,4806993,951195,
Hong Kong,01/31/2022,10432,11125589,5360933,4810639,954017,7553014
Hungary,01/25/2022,,,6345766,6083949,3567044,
Hungary,01/26/2022,,,6347426,6085866,3573570,
Hungary,01/27/2022,,,6351476,6089784,3594529,
Hungary,01/28/2022,,,,6089784,,
Hungary,01/29/2022,,,,6089784,,
Hungary,01/30/2022,,,6363112,6101699,3683719,
Hungary,01/31/2022,,15927853,6364167,6103465,3688593,9633977
Iceland,01/25/2022,,768450,307095,285974,231769,
Iceland,01/26/2022,,768450,,285974,,
Iceland,01/27/2022,,768450,,285974,,
Iceland,01/28/2022,,775708,307594,286246,237999,368788
Iceland,01/29/2022,,775708,,286246,,
Iceland,01/30/2022,,775708,,286246,,
Iceland,01/31/2022,,775708,,286246,,
India,01/25/2022,6892485,1630312330,932606511,689133722,8572097,
India,01/26/2022,5871190,1636183520,934468791,692645423,9069306,
India,01/27/2022,2929184,1639112704,935294849,694410120,9407735,
India,01/28/2022,6181288,1645293992,937107027,698115220,10071745,
India,01/29/2022,5167292,1650461284,938645671,701262521,10553092,
India,01/30/2022,6900866,1657362150,940755706,705405482,11200962,
India,01/31/2022,7423888,1664786038,943027714,709926447,11831877,1393359590
Indonesia,01/25/2022,,,182024020,125106842,,
Indonesia,01/26/2022,,,182500827,125673513,,
Indonesia,01/27/2022,,,183060035,126413464,,
Indonesia,01/28/2022,,,183677032,127164526,,
Indonesia,01/29/2022,,,184187038,127727473,,
Indonesia,01/30/2022,,,184557715,128005763,,
Indonesia,01/31/2022,,,184680997,128028074,,
Iran,01/25/2022,,,,,,
Iran,01/26/2022,,129913186,60568566,53796203,15548417,
Iran,01/27/2022,,129913186,,53796203,,
Iran,01/28/2022,,130711386,60618612,53917006,16175768,
Iran,01/29/2022,333091,131044477,60640498,53961998,16441981,
Iran,01/30/2022,572775,131617252,60699381,54040089,16877782,
Iran,01/31/2022,585041,132202293,60770435,54116027,17315831,85028488
Iraq,01/25/2022,,,,,,
Iraq,01/26/2022,,15532626,9194935,6270286,,
Iraq,01/27/2022,,15532626,,6270286,,
Iraq,01/28/2022,,15532626,,6270286,,
Iraq,01/29/2022,,15622179,9243489,6306626,,41176013
Iraq,01/30/2022,,15622179,,6306626,,
Iraq,01/31/2022,,15622179,,6306626,,
Ireland,01/25/2022,8980,10342936,4019700,3875574,2686531,
Ireland,01/26/2022,8652,10351588,4020394,3876449,2693614,
Ireland,01/27/2022,8365,10359953,4021666,3877598,2699558,
Ireland,01/28/2022,10803,10370756,4022687,3880665,2706273,
Ireland,01/29/2022,9652,10380408,4025011,3884105,2710161,
Ireland,01/30/2022,11149,10391557,4026645,3891637,2712144,
Ireland,01/31/2022,4702,10396259,4027121,3893007,2715001,4982870
Isle of Man,01/25/2022,,184692,69125,66068,49499,
Isle of Man,01/26/2022,,184692,,66068,,
Isle of Man,01/27/2022,,184781,69141,66075,49565,
Isle of Man,01/28/2022,77,184858,69145,66103,49610,85409
Isle of Man,01/29/2022,,184858,,66103,,
Isle of Man,01/30/2022,,184858,,66103,,
Isle of Man,01/31/2022,,184858,,66103,,
Israel,01/25/2022,14366,17823541,6689946,6077133,5056462,
Israel,01/26/2022,9723,17833264,6690562,6080409,5062293,
Israel,01/27/2022,12578,17845842,6691359,6084806,5069677,
Israel,01/28/2022,7318,17853160,6691754,6087172,5074234,
Israel,01/29/2022,2717,17855877,6691878,6088208,5075791,
Israel,01/30/2022,15562,17871439,6692649,6092913,5085877,
Israel,01/31/2022,11740,17883179,6693179,6096089,5093911,9290929
Italy,01/25/2022,552307,125513392,49961322,45794753,31262901,
Italy,01/26/2022,531569,126044961,50001058,45850282,31699272,
Italy,01/27/2022,518783,126563744,50041226,45896117,32132130,
Italy,01/28/2022,533209,127096953,50081856,45951658,32569248,
Italy,01/29/2022,527721,127624674,50133180,46016214,32981156,
Italy,01/30/2022,320083,127944757,50169622,46064263,33216808,
Italy,01/31/2022,451862,128396619,50206353,46121912,33574384,60367963
Jamaica,01/25/2022,,1291923,740904,613112,18784,
Jamaica,01/26/2022,,1291923,,613112,,
Jamaica,01/27/2022,,1295447,742040,615083,19428,
Jamaica,01/28/2022,3869,1299316,743267,617302,20072,
Jamaica,01/29/2022,,1299316,,617302,,
Jamaica,01/30/2022,,1303471,744926,619800,20473,
Jamaica,01/31/2022,427,1303898,745109,620024,20540,2973542
Japan,01/25/2022,293016,203935306,,99679611,2892327,
Japan,01/26/2022,293603,204228909,,99693359,3156376,
Japan,01/27/2022,299098,204528007,,99708897,3422540,
Japan,01/28/2022,,204528007,,99708897,,
Japan,01/29/2022,,204528007,,99708897,,
Japan,01/30/2022,,205281735,,99757353,4081217,
Japan,01/31/2022,462430,205744165,,99788499,4480214,126053281
Jersey,01/25/2022,,,,,,
Jersey,01/26/2022,,219359,82183,78122,59054,
Jersey,01/27/2022,,219359,,78122,,
Jersey,01/28/2022,,219359,,78122,,
Jersey,01/29/2022,,219359,,78122,,
Jersey,01/30/2022,,219845,82242,78223,59380,101074
Jersey,01/31/2022,,219845,,78223,,
Jordan,01/25/2022,,9147386,4568137,4185382,,10268732
Jordan,01/26/2022,,9147386,,4185382,,
Jordan,01/27/2022,,9147386,,4185382,,
Jordan,01/28/2022,,9147386,,4185382,,
Jordan,01/29/2022,,9147386,,4185382,,
Jordan,01/30/2022,,9147386,,4185382,,
Jordan,01/31/2022,,9147386,,4185382,,
Kazakhstan,01/25/2022,22670,17839238,9136288,8702950,,
Kazakhstan,01/26/2022,22071,17861309,9146412,8714897,,
Kazakhstan,01/27/2022,21680,17882989,9156377,8726612,,
Kazakhstan,01/28/2022,19204,17902193,9166291,8735902,,
Kazakhstan,01/29/2022,,17902193,,8735902,,
Kazakhstan,01/30/2022,,17934008,9182136,8751872,,
Kazakhstan,01/31/2022,7264,17941272,9186151,8755121,,18995524
Kenya,01/25/2022,72152,11625788,6365984,5140835,118969,
Kenya,01/26/2022,84848,11710636,6387024,5150338,123274,
Kenya,01/27/2022,73496,11784132,6406701,5250282,127149,
Kenya,01/28/2022,74833,11858965,6426628,5300954,131383,
Kenya,01/29/2022,128182,11987147,6469965,5380151,137031,
Kenya,01/30/2022,120440,12107587,6519171,5447350,141066,
Kenya,01/31/2022,144987,12252574,6572987,5530890,148697,54993600
Kosovo,01/25/2022,6493,1754334,890899,802301,61134,
Kosovo,01/26/2022,5463,1759797,891630,803020,65147,
Kosovo,01/27/2022,4624,1764421,892257,803638,68526,
Kosovo,01/28/2022,4749,1769170,892797,804251,72122,
Kosovo,01/29/2022,4407,1773577,893331,804801,75445,
Kosovo,01/30/2022,2556,1776133,893610,805086,77437,
Kosovo,01/31/2022,952,1777085,893743,805226,78116,1782075
Kuwait,01/25/2022,,7301108,3362105,3250307,,
Kuwait,01/26/2022,,7301108,,3250307,,
Kuwait,01/27/2022,,7311606,3363551,3252071,,
Kuwait,01/28/2022,,7311606,,3252071,,
Kuwait,01/29/2022,,7311606,,3252071,,
Kuwait,01/30/2022,,7311606,,3252071,,
Kuwait,01/31/2022,,7332551,3366671,3256029,,4328543
Kyrgyzstan,01/25/2022,14189,2441934,1308795,,,
Kyrgyzstan,01/26/2022,11467,2453401,1313930,,,
Kyrgyzstan,01/27/2022,11680,2465081,1319336,,,
Kyrgyzstan,01/28/2022,11050,2476131,1324550,,,
Kyrgyzstan,01/29/2022,4271,2480402,1326564,,,
Kyrgyzstan,01/30/2022,8453,2488855,,,,
Kyrgyzstan,01/31/2022,10074,2498929,1334980,,,6628459
Latvia,01/25/2022,6918,2758550,1334680,1284588,422972,
Latvia,01/26/2022,7306,2765856,1335438,1285404,428814,
Latvia,01/27/2022,6548,2772404,1336079,1286159,434078,
Latvia,01/28/2022,8089,2780493,1336793,1286851,440874,
Latvia,01/29/2022,3517,2784010,1337242,1287269,443606,
Latvia,01/30/2022,990,2785000,1337320,1287353,444453,
Latvia,01/31/2022,3414,2788414,1337605,1287884,447128,1866909
Lebanon,01/25/2022,18328,4826318,2421579,1984741,419998,
Lebanon,01/26/2022,11907,4838225,2424037,1990620,423568,
Lebanon,01/27/2022,13726,4851951,2426499,1997536,427916,
Lebanon,01/28/2022,11238,4863189,2429107,2001383,432699,
Lebanon,01/29/2022,3696,4866885,2430205,2003206,433474,
Lebanon,01/30/2022,14723,4881608,2433847,2009187,438574,
Lebanon,01/31/2022,20479,4902087,2438034,2019153,444900,6768969
Libya,01/25/2022,,3003536,2012448,975651,,
Libya,01/26/2022,,3003536,,975651,,
Libya,01/27/2022,,3003536,,975651,,
Libya,01/28/2022,,3003536,,975651,,
Libya,01/29/2022,,3003536,,975651,,
Libya,01/30/2022,,3051024,2031276,996091,,6957866
Libya,01/31/2022,,3051024,,996091,,
Liechtenstein,01/25/2022,34,68572,26593,25999,16965,
Liechtenstein,01/26/2022,186,68758,26619,26002,17122,
Liechtenstein,01/27/2022,0,68758,26621,26003,17128,
Liechtenstein,01/28/2022,12,68770,26623,26005,17144,
Liechtenstein,01/29/2022,0,68770,26623,26005,17144,
Liechtenstein,01/30/2022,0,68770,26623,26005,17144,
Liechtenstein,01/31/2022,311,69081,26642,26040,17398,38253
Lithuania,01/25/2022,6707,4387071,1940042,1856831,864900,
Lithuania,01/26/2022,7071,4394142,1940605,1857913,870341,
Lithuania,01/27/2022,7383,4401525,1941180,1859006,876079,
Lithuania,01/28/2022,8482,4410007,1941867,1860405,882497,
Lithuania,01/29/2022,1034,4411041,1941986,1860631,883186,
Lithuania,01/30/2022,143,4411184,1941994,1860646,883306,
Lithuania,01/31/2022,3541,4414725,1942339,1861369,885786,2689938
Luxembourg,01/25/2022,4576,1214019,475053,,322692,
Luxembourg,01/26/2022,3534,1217553,475235,,325520,
Luxembourg,01/27/2022,3735,1221288,475539,,328305,
Luxembourg,01/28/2022,4686,1225974,475798,,332293,
Luxembourg,01/29/2022,3097,1229071,475987,,335115,
Luxembourg,01/30/2022,,1229071,,,,
Luxembourg,01/31/2022,,1231180,476111,,336739,634826
Macao,01/25/2022,2386,1031074,505982,474396,,
Macao,01/26/2022,2200,1033274,506575,474820,69132,
Macao,01/27/2022,2071,1035345,507142,475257,70381,
Macao,01/28/2022,2065,1037410,507638,475740,71619,
Macao,01/29/2022,1844,1039254,508153,476200,72555,
Macao,01/30/2022,,1039254,,476200,,
Macao,01/31/2022,,1041508,508709,476908,73660,658391
Malawi,01/25/2022,441,1870776,1501273,768585,,
Malawi,01/26/2022,1098,1871874,1501526,769430,,
Malawi,01/27/2022,1653,1873527,1502197,770412,,
Malawi,01/28/2022,1667,1875194,1502721,771555,,
Malawi,01/29/2022,2593,1877787,1504060,772809,,
Malawi,01/30/2022,,1877787,,772809,,
Malawi,01/31/2022,,1881955,1505307,775730,,19644625
Malaysia,01/25/2022,217961,62719668,26062177,25702934,11158559,
Malaysia,01/26/2022,212028,62931696,26063988,25705531,11366305,
Malaysia,01/27/2022,208593,63140289,26065849,25708369,11570376,
Malaysia,01/28/2022,182264,63322553,26067658,25711032,11748320,
Malaysia,01/29/2022,99916,63422469,26068451,25712010,11846514,
Malaysia,01/30/2022,80673,63503142,26069026,25712799,11925879,
Malaysia,01/31/2022,98186,63601328,26070042,25714466,12021434,32775743
Maldives,01/25/2022,3437,825843,397483,369424,58936,
Maldives,01/26/2022,3614,829457,397504,369551,62402,
Maldives,01/27/2022,,829457,,369551,,
Maldives,01/28/2022,,829457,,369551,,
Maldives,01/29/2022,,837526,397586,369716,70224,
Maldives,01/30/2022,2734,840260,397615,369820,72825,
Maldives,01/31/2022,3149,843409,397642,369883,75884,543609
Malta,01/25/2022,3233,1201389,462372,446933,325224,
Malta,01/26/2022,3161,1204550,462758,447864,327112,
Malta,01/27/2022,2291,1206841,463231,448776,328074,
Malta,01/28/2022,1776,1208617,463518,449539,328825,
Malta,01/29/2022,1167,1209784,463818,449861,329387,
Malta,01/30/2022,,1209784,,449861,,
Malta,01/31/2022,,1213371,464435,451231,331055,516109
Mexico,01/25/2022,650195,161466948,83349759,76618411,,
Mexico,01/26/2022,530261,161997209,83386735,76701452,,
Mexico,01/27/2022,2847440,164844649,83510659,76941127,,
Mexico,01/28/2022,,164844649,,76941127,,
Mexico,01/29/2022,,164844649,,76941127,,
Mexico,01/30/2022,,165543906,83612558,77129336,,
Mexico,01/31/2022,206424,165750330,83620573,77159476,,130265900
Moldova,01/25/2022,8138,1900228,,1007469,,
Moldova,01/26/2022,7505,1907733,,1008613,,
Moldova,01/27/2022,7673,1915406,,1009598,,
Moldova,01/28/2022,7949,1923355,,1010356,,
Moldova,01/29/2022,2195,1925550,,1010620,,
Moldova,01/30/2022,498,1926048,,1010673,,
Moldova,01/31/2022,5668,1931716,,1011693,,4024409
Mongolia,01/25/2022,3641,5436704,2269055,2169694,997955,
Mongolia,01/26/2022,2633,5439337,2269170,2169823,1000344,
Mongolia,01/27/2022,2680,5442017,2269389,2170005,1002623,
Mongolia,01/28/2022,2175,5444192,2269541,2170323,1004328,
Mongolia,01/29/2022,2104,5446296,2269702,2170516,1006078,
Mongolia,01/30/2022,396,5446692,2269723,2170556,1006413,
Mongolia,01/31/2022,260,5446952,2269737,2170575,1006640,3329230
Montenegro,01/25/2022,,,,,,
Montenegro,01/26/2022,,652477,286697,277387,88393,
Montenegro,01/27/2022,,652477,,277387,,
Montenegro,01/28/2022,,653071,286815,277525,88731,
Montenegro,01/29/2022,,653071,,277525,,
Montenegro,01/30/2022,,653927,286965,277700,89262,
Montenegro,01/31/2022,73,654000,286972,277718,89310,628062
Montserrat,01/25/2022,,,,,,
Montserrat,01/26/2022,,,,,,
Montserrat,01/27/2022,,,,,,
Montserrat,01/28/2022,,3804,1826,1593,,4982
Montserrat,01/29/2022,,3804,,1593,,
Montserrat,01/30/2022,,3804,,1593,,
Montserrat,01/31/2022,,3804,,1593,,
Morocco,01/25/2022,,52024434,24741440,23154349,,
Morocco,01/26/2022,51870,52076304,24744892,23159603,,
Morocco,01/27/2022,,52076304,,23159603,,
Morocco,01/28/2022,,52076304,,23159603,,
Morocco,01/29/2022,,52076304,,23159603,,
Morocco,01/30/2022,,52203154,24752462,23171492,,37343984
Morocco,01/31/2022,,52203154,,23171492,,
Mozambique,01/25/2022,,,,,,
Mozambique,01/26/2022,,,,,,
Mozambique,01/27/2022,,,,,,
Mozambique,01/28/2022,,19788759,10759191,9022900,,32161156
Mozambique,01/29/2022,,19788759,,9022900,,
Mozambique,01/30/2022,,19788759,,9022900,,
Mozambique,01/31/2022,,19788759,,9022900,,
Myanmar,01/25/2022,,,,,,
Myanmar,01/26/2022,,,,,,
Myanmar,01/27/2022,,,,,,
Myanmar,01/28/2022,,,,,,
Myanmar,01/29/2022,,40953452,22106391,18847061,,54809224
Myanmar,01/30/2022,,40953452,,18847061,,
Myanmar,01/31/2022,,40953452,,18847061,,
Namibia,01/25/2022,,,,,,
Namibia,01/26/2022,,773702,418004,356763,,2587633
Namibia,01/27/2022,,773702,,356763,,
Namibia,01/28/2022,,773702,,356763,,
Namibia,01/29/2022,,773702,,356763,,
Namibia,01/30/2022,,773702,,356763,,
Namibia,01/31/2022,,773702,,356763,,
Nepal,01/25/2022,,,,,,
Nepal,01/26/2022,,,,,,
Nepal,01/27/2022,,,,,,
Nepal,01/28/2022,,,,,,
Nepal,01/29/2022,,,,,,
Nepal,01/30/2022,,,,,,
Nepal,01/31/2022,,31642503,16830395,14407775,,29675048
Netherlands,01/25/2022,,,,,,
Netherlands,01/26/2022,,,,,,
Netherlands,01/27/2022,,,,,,
Netherlands,01/28/2022,,,,,,
Netherlands,01/29/2022,,33424997,13415887,12324419,8552817,17172728
Netherlands,01/30/2022,,33424997,,12324419,,
Netherlands,01/31/2022,,33424997,,12324419,,
New Caledonia,01/25/2022,,,,,,
New Caledonia,01/26/2022,,,,,,
New Caledonia,01/27/2022,,,,,,
New Caledonia,01/28/2022,,,,,,
New Caledonia,01/29/2022,,,,,,
New Caledonia,01/30/2022,,,,,,
New Caledonia,01/31/2022,,363290,186200,177090,,288212
New Zealand,01/25/2022,,9173906,4108279,3915880,1149747,
New Zealand,01/26/2022,69558,9243464,4123752,3918219,1201493,
New Zealand,01/27/2022,64380,9307844,4138210,3920556,1249078,
New Zealand,01/28/2022,63250,9371094,4152342,3922779,1295973,
New Zealand,01/29/2022,41563,9412657,4162225,3924080,1326352,
New Zealand,01/30/2022,18812,9431469,4166896,3924791,1339782,
New Zealand,01/31/2022,30377,9461846,4173402,3925941,1362503,5126427
Nicaragua,01/25/2022,,,,,,
Nicaragua,01/26/2022,,8659628,5200392,3459236,,6702499
Nicaragua,01/27/2022,,8659628,,3459236,,
Nicaragua,01/28/2022,,8659628,,3459236,,
Nicaragua,01/29/2022,,8659628,,3459236,,
Nicaragua,01/30/2022,,8659628,,3459236,,
Nicaragua,01/31/2022,,8659628,,3459236,,
Niger,01/25/2022,,,,,,
Niger,01/26/2022,,,,,,
Niger,01/27/2022,,,,,,
Niger,01/28/2022,,,,,,
Niger,01/29/2022,,,,,,
Niger,01/30/2022,,,,,,
Niger,01/31/2022,,1798575,1442884,1025950,,25119763
Nigeria,01/25/2022,,,,,,
Nigeria,01/26/2022,,,,,,
Nigeria,01/27/2022,,,,,,
Nigeria,01/28/2022,,,,,,
Nigeria,01/29/2022,,20617588,14834559,5446849,,211462442
Nigeria,01/30/2022,,20617588,,5446849,,
Nigeria,01/31/2022,,20617588,,5446849,,
North Macedonia,01/25/2022,,,,,,
North Macedonia,01/26/2022,,,,,,
North Macedonia,01/27/2022,,,,,,
North Macedonia,01/28/2022,,,,,,
North Macedonia,01/29/2022,,,,,,
North Macedonia,01/30/2022,,1804728,849249,828358,127121,2082779
North Macedonia,01/31/2022,,1804728,,828358,,
Northern Ireland,01/25/2022,2778,3655138,1413414,1309950,931774,
Northern Ireland,01/26/2022,3203,3658341,1413723,1310551,934067,
Northern Ireland,01/27/2022,3451,3661792,1414119,1311200,936473,
Northern Ireland,01/28/2022,2711,3664503,1414381,1311651,938471,
Northern Ireland,01/29/2022,2494,3666997,1414856,1312352,939789,
Northern Ireland,01/30/2022,1416,3668413,1415088,1312791,940534,
Northern Ireland,01/31/2022,1597,3670010,1415247,1313053,941710,1895961
Norway,01/25/2022,34006,10866299,4311597,3981918,2572784,
Norway,01/26/2022,49203,10915502,4313000,3985880,2616622,
Norway,01/27/2022,49870,10965372,4314721,3990014,2660637,
Norway,01/28/2022,21312,10986684,4315494,3991561,2679629,
Norway,01/29/2022,7515,10994199,4315805,3992083,2686311,
Norway,01/30/2022,1279,10995478,4315863,3992196,2687419,
Norway,01/31/2022,16435,11011913,4316556,3993763,2701594,5465512
Oman,01/25/2022,,,,,,
Oman,01/26/2022,,,,,,
Oman,01/27/2022,,,,,,
Oman,01/28/2022,,,,,,
Oman,01/29/2022,,,,,,
Oman,01/30/2022,,,,,,
Oman,01/31/2022,,6600551,3181438,2967168,,5223195
Pakistan,01/25/2022,,,,,,
Pakistan,01/26/2022,,,,,,
Pakistan,01/27/2022,,174085175,104228089,80748105,2242425,225207213
Pakistan,01/28/2022,,174085175,,80748105,,
Pakistan,01/29/2022,,174085175,,80748105,,
Pakistan,01/30/2022,,174085175,,80748105,,
Pakistan,01/31/2022,,174085175,,80748105,,
Panama,01/25/2022,137,6442554,3100016,2496126,846412,
Panama,01/26/2022,43253,6485807,3103083,2498778,883946,
Panama,01/27/2022,438,6486245,3103101,2498794,884350,
Panama,01/28/2022,27427,6513672,3108659,2500276,904737,
Panama,01/29/2022,26915,6540587,3114965,2501915,923707,
Panama,01/30/2022,14152,6554739,3120267,2502553,931919,
Panama,01/31/2022,5656,6560395,3121818,2502815,935762,4381484
Papua New Guinea,01/25/2022,,,,,,
Papua New Guinea,01/26/2022,,,,,,
Papua New Guinea,01/27/2022,,,,,,
Papua New Guinea,01/28/2022,,,,,,
Papua New Guinea,01/29/2022,,,,,,
Papua New Guinea,01/30/2022,,,,,,
Papua New Guinea,01/31/2022,,522939,292091,230848,,9126336
Paraguay,01/25/2022,,,,,,
Paraguay,01/26/2022,,,,,,
Paraguay,01/27/2022,,,,,,
Paraguay,01/28/2022,,7478535,3540518,3088920,849097,7219360
Paraguay,01/29/2022,,7478535,,3088920,,
Paraguay,01/30/2022,,7478535,,3088920,,
Paraguay,01/31/2022,,7478535,,3088920,,
Peru,01/25/2022,122246,55254522,25020511,22767472,7466539,
Peru,01/26/2022,117387,55371909,25032515,22794810,7544584,
Peru,01/27/2022,115288,55487197,25044304,22821143,7621750,
Peru,01/28/2022,109271,55596468,25055168,22845722,7695578,
Peru,01/29/2022,121482,55717950,25065693,22868326,7783931,
Peru,01/30/2022,95284,55813234,25073604,22884571,7855059,
Peru,01/31/2022,115234,55928468,25084957,22908836,7934675,33360256
Philippines,01/25/2022,,124510385,,57844436,6683975,
Philippines,01/26/2022,578732,125089117,,58149158,6851138,
Philippines,01/27/2022,,125089117,,58149158,,
Philippines,01/28/2022,,125089117,,58149158,,
Philippines,01/29/2022,,125089117,,58149158,,
Philippines,01/30/2022,,125089117,,58149158,,
Philippines,01/31/2022,,126951502,,59026174,7502081,111049250
Poland,01/25/2022,156988,50952034,22230267,21633454,9755022,
Poland,01/26/2022,167883,51119917,22251342,21662397,9875071,
Poland,01/27/2022,134871,51254788,22269206,21675140,9980818,
Poland,01/28/2022,171273,51426061,22291055,21701001,10106897,
Poland,01/29/2022,,51426061,,21701001,,
Poland,01/30/2022,,51564403,22309125,21727625,10202461,
Poland,01/31/2022,94112,51658515,22320403,21747458,10267126,37797992
Portugal,01/25/2022,89608,21104986,9588957,9187807,4621921,
Portugal,01/26/2022,76920,21181906,,9190468,4696180,
Portugal,01/27/2022,74483,21256389,,9193262,4767869,
Portugal,01/28/2022,79015,21335404,,9195316,4844830,
Portugal,01/29/2022,76933,21412337,,9197161,4919918,
Portugal,01/30/2022,85795,21498132,,9198943,5003931,
Portugal,01/31/2022,68544,21566676,,9200472,5070946,10167685
Qatar,01/25/2022,33945,5655277,,,,
Qatar,01/26/2022,37428,5692705,,,,
Qatar,01/27/2022,38625,5731330,,,,
Qatar,01/28/2022,43261,5774591,,,,
Qatar,01/29/2022,2805,5777396,,,,
Qatar,01/30/2022,6167,5783563,,,,
Qatar,01/31/2022,35450,5819013,,,,2930460
Romania,01/25/2022,17316,16322725,,7951432,,
Romania,01/26/2022,18873,16341598,,7956592,,
Romania,01/27/2022,20204,16361802,,7961586,,
Romania,01/28/2022,23133,16384935,,7967059,,
Romania,01/29/2022,19133,16404068,,7970868,,
Romania,01/30/2022,11291,16415359,,7973089,,
Romania,01/31/2022,16688,16432047,,7977592,,19127049
Russia,01/25/2022,34707,152501244,75873357,,9164453,
Russia,01/26/2022,415633,152916877,76024218,69414469,9623078,
Russia,01/27/2022,,152916877,,69414469,,
Russia,01/28/2022,,153417808,76311609,69505726,9749090,
Russia,01/29/2022,244523,153662331,76454271,69581579,9775158,
Russia,01/30/2022,421691,154084022,76555906,69704859,9957549,
Russia,01/31/2022,290043,154374065,76585311,69815128,10107949,145911215
Rwanda,01/25/2022,,,,,,
Rwanda,01/26/2022,,,,,,
Rwanda,01/27/2022,,16555832,8560560,7044723,,13276530
Rwanda,01/28/2022,,16555832,,7044723,,
Rwanda,01/29/2022,,16555832,,7044723,,
Rwanda,01/30/2022,,16555832,,7044723,,
Rwanda,01/31/2022,,16555832,,7044723,,
Saint Kitts and Nevis,01/25/2022,,,,,,
Saint Kitts and Nevis,01/26/2022,,56529,27929,25956,2644,
Saint Kitts and Nevis,01/27/2022,,56529,,25956,,
Saint Kitts and Nevis,01/28/2022,,56698,27958,26010,2730,53545
Saint Kitts and Nevis,01/29/2022,,56698,,26010,,
Saint Kitts and Nevis,01/30/2022,,56698,,26010,,
Saint Kitts and Nevis,01/31/2022,,56698,,26010,,
Saint Lucia,01/25/2022,,,,,,
Saint Lucia,01/26/2022,,,,,,
Saint Lucia,01/27/2022,,,,,,
Saint Lucia,01/28/2022,,107873,56922,50951,,
Saint Lucia,01/29/2022,,107873,,50951,,
Saint Lucia,01/30/2022,,107873,,50951,,
Saint Lucia,01/31/2022,,108090,57018,51072,,184391
Saint Vincent and the Grenadines,01/25/2022,,,,,,
Saint Vincent and the Grenadines,01/26/2022,,,,,,
Saint Vincent and the Grenadines,01/27/2022,,63669,34138,27395,2136,
Saint Vincent and the Grenadines,01/28/2022,,63669,,27395,,
Saint Vincent and the Grenadines,01/29/2022,,63669,,27395,,
Saint Vincent and the Grenadines,01/30/2022,,63669,,27395,,
Saint Vincent and the Grenadines,01/31/2022,,64440,34338,27705,2397,111277
San Marino,01/25/2022,,,,,,
San Marino,01/26/2022,,,,,,
San Marino,01/27/2022,,,,,,
San Marino,01/28/2022,,,,,,
San Marino,01/29/2022,,,,,,
San Marino,01/30/2022,,63366,24570,21775,,34010
San Marino,01/31/2022,,63366,,21775,,
Saudi Arabia,01/25/2022,245618,56009853,25450523,23611131,6948199,
Saudi Arabia,01/26/2022,247801,56257654,25475646,23630622,7151386,
Saudi Arabia,01/27/2022,262597,56520251,25501361,23647878,7371012,
Saudi Arabia,01/28/2022,141674,56661925,25515383,23655344,7491198,
Saudi Arabia,01/29/2022,45364,56707289,25517272,23656978,7533039,
Saudi Arabia,01/30/2022,,56707289,,23656978,,
Saudi Arabia,01/31/2022,,57328405,25561741,23699933,8066731,35339912
Scotland,01/25/2022,9418,11792662,4407738,4115341,3269583,
Scotland,01/26/2022,8421,11801083,4408534,4117631,3274918,
Scotland,01/27/2022,8134,11809217,4409367,4119889,3279961,
Scotland,01/28/2022,9580,11818797,4410290,4122152,3286355,
Scotland,01/29/2022,7704,11826501,4410990,4124546,3290965,
Scotland,01/30/2022,7700,11834201,4411649,4127051,3295501,
Scotland,01/31/2022,10445,11844646,4416119,4129347,3299180,5465919
Serbia,01/25/2022,,,,,,
Serbia,01/26/2022,,,,,,
Serbia,01/27/2022,,8389858,3331955,3242876,1815027,
Serbia,01/28/2022,,8389858,,3242876,,
Serbia,01/29/2022,,8389858,,3242876,,
Serbia,01/30/2022,,8398208,3333349,3244297,1820562,
Serbia,01/31/2022,4487,8402695,3334002,3245307,1823386,6871684
Sierra Leone,01/25/2022,,,,,,
Sierra Leone,01/26/2022,,1409313,1147770,692512,,8141612
Sierra Leone,01/27/2022,,1409313,,692512,,
Sierra Leone,01/28/2022,,1409313,,692512,,
Sierra Leone,01/29/2022,,1409313,,692512,,
Sierra Leone,01/30/2022,,1409313,,692512,,
Sierra Leone,01/31/2022,,1409313,,692512,,
Singapore,01/25/2022,,12710918,4911286,4751073,3048559,
Singapore,01/26/2022,28699,12739617,4915562,4755043,3069012,
Singapore,01/27/2022,30785,12770402,4920359,4760968,3089075,
Singapore,01/28/2022,39672,12810074,4923961,4769603,3116510,
Singapore,01/29/2022,35264,12845338,4927693,4777925,3139720,
Singapore,01/30/2022,,12845338,,4777925,,
Singapore,01/31/2022,,12883051,4932816,4784556,3165679,5453605
Sint Maarten (Dutch part),01/25/2022,,,,,,
Sint Maarten (Dutch part),01/26/2022,,,,,,
Sint Maarten (Dutch part),01/27/2022,,,,,,
Sint Maarten (Dutch part),01/28/2022,,60098,27592,25501,,43421
Sint Maarten (Dutch part),01/29/2022,,60098,,25501,,
Sint Maarten (Dutch part),01/30/2022,,60098,,25501,,
Sint Maarten (Dutch part),01/31/2022,,60098,,25501,,
Slovakia,01/25/2022,,,,,,
Slovakia,01/26/2022,,,,,,
Slovakia,01/27/2022,,,,,,
Slovakia,01/28/2022,,,,,,
Slovakia,01/29/2022,,,,,,
Slovakia,01/30/2022,,6958849,2812107,2732565,1582554,5449373
Slovakia,01/31/2022,,6958849,,2732565,,
Slovenia,01/25/2022,2781,2899320,1260049,1207329,578170,
Slovenia,01/26/2022,3764,2903084,1260333,1208011,581011,
Slovenia,01/27/2022,4520,2907604,1260647,1208783,584500,
Slovenia,01/28/2022,4592,2912196,1260937,1209646,588005,
Slovenia,01/29/2022,648,2912844,1260975,1209738,588539,
Slovenia,01/30/2022,128,2912972,1260982,1209766,588636,
Slovenia,01/31/2022,2598,2915570,1261104,1210163,590751,2078690
Solomon Islands,01/25/2022,,,,,,
Solomon Islands,01/26/2022,,,,,,
Solomon Islands,01/27/2022,,,,,,
Solomon Islands,01/28/2022,,,,,,
Solomon Islands,01/29/2022,,,,,,
Solomon Islands,01/30/2022,,,,,,
Solomon Islands,01/31/2022,,271063,195262,75801,,704060
South Africa,01/25/2022,,,,,,
South Africa,01/26/2022,,29626329,19488784,16501024,537449,
South Africa,01/27/2022,76213,29702542,19526619,16534632,556205,
South Africa,01/28/2022,81660,29784202,19563985,16574467,574247,
South Africa,01/29/2022,,29784202,,16574467,,
South Africa,01/30/2022,,29812348,19577079,16590076,579009,
South Africa,01/31/2022,72351,29884699,19611652,16625575,594479,60045608
South Korea,01/25/2022,283012,112849123,44632798,43916991,25813493,
South Korea,01/26/2022,289621,113138744,44641378,43941675,26069904,
South Korea,01/27/2022,350296,113489040,44650568,43966851,26385894,
South Korea,01/28/2022,556010,114045050,44663986,44004024,26891375,
South Korea,01/29/2022,371165,114416215,44672114,44026512,27231937,
South Korea,01/30/2022,26878,114443093,44672767,44027892,27256782,
South Korea,01/31/2022,20757,114463850,44673360,44028857,27275983,51306074
South Sudan,01/25/2022,,,,,,
South Sudan,01/26/2022,,,,,,
South Sudan,01/27/2022,,,,,,
South Sudan,01/28/2022,,,,,,
South Sudan,01/29/2022,,,,,,
South Sudan,01/30/2022,,,,,,
South Sudan,01/31/2022,,342153,296056,247892,,11367210
Spain,01/25/2022,285076,89270072,40848444,38264820,20360144,
Spain,01/26/2022,238167,89508239,40868576,38275164,20663137,
Spain,01/27/2022,209621,89717860,40884275,38283540,20952039,
Spain,01/28/2022,,89717860,,38283540,,
Spain,01/29/2022,,89717860,,38283540,,
Spain,01/30/2022,,90135346,40911451,38289398,21495632,
Spain,01/31/2022,137550,90272896,40918884,38295449,21664977,46744458
Sri Lanka,01/25/2022,70846,35302465,16463502,13886321,4952642,
Sri Lanka,01/26/2022,72248,35374713,16497745,13888605,4988363,
Sri Lanka,01/27/2022,85652,35460365,16550296,13891828,5018241,
Sri Lanka,01/28/2022,67864,35528229,16583724,13897682,5046823,
Sri Lanka,01/29/2022,105030,35633259,16624775,13911179,5097305,
Sri Lanka,01/30/2022,88196,35721455,16641134,13915137,5165184,
Sri Lanka,01/31/2022,43171,35764626,16647015,13917564,5200047,21497041
Sudan,01/25/2022,,3718299,3194518,1436636,,44906993
Sudan,01/26/2022,,3718299,,1436636,,
Sudan,01/27/2022,,3718299,,1436636,,
Sudan,01/28/2022,,3718299,,1436636,,
Sudan,01/29/2022,,3718299,,1436636,,
Sudan,01/30/2022,,3718299,,1436636,,
Sudan,01/31/2022,,3718299,,1436636,,
Suriname,01/25/2022,,,,,,
Suriname,01/26/2022,,,,,,
Suriname,01/27/2022,,496433,264242,232191,,
Suriname,01/28/2022,995,497428,264640,232788,,591824
Suriname,01/29/2022,,497428,,232788,,
Suriname,01/30/2022,,497428,,232788,,
Suriname,01/31/2022,,497428,,232788,,
Sweden,01/25/2022,,,,,,
Sweden,01/26/2022,,,,,,
Sweden,01/27/2022,,,,,,
Sweden,01/28/2022,,,,,,
Sweden,01/29/2022,,,,,,
Sweden,01/30/2022,,19450417,7762518,7502371,,10160060
Sweden,01/31/2022,,19450417,,7502371,,
Switzerland,01/25/2022,36475,15172382,6054725,5907079,3308856,
Switzerland,01/26/2022,33785,15206167,6057877,5909692,3335958,
Switzerland,01/27/2022,31161,15237328,6059540,5911809,3362291,
Switzerland,01/28/2022,36804,15274132,6061204,5914307,3393813,
Switzerland,01/29/2022,17462,15291594,6063349,5915619,3407516,
Switzerland,01/30/2022,2467,15294061,6063688,5915802,3409383,
Switzerland,01/31/2022,21435,15315496,6064756,5917889,3426981,8715357
Taiwan,01/25/2022,358248,40955834,19020549,17301857,4633428,
Taiwan,01/26/2022,357751,41313585,19045429,17349229,4918927,
Taiwan,01/27/2022,346077,41659662,19070001,17395522,5194139,
Taiwan,01/28/2022,324787,41984449,19091332,17443080,5450037,23854801
Taiwan,01/29/2022,,41984449,,17443080,,
Taiwan,01/30/2022,,41984449,,17443080,,
Taiwan,01/31/2022,,41984449,,17443080,,
Tajikistan,01/25/2022,,,,,,
Tajikistan,01/26/2022,,,,,,
Tajikistan,01/27/2022,,,,,,
Tajikistan,01/28/2022,,,,,,
Tajikistan,01/29/2022,,,,,,
Tajikistan,01/30/2022,,8305260,4522962,3759499,,9749103
Tajikistan,01/31/2022,,8305260,,3759499,,
Thailand,01/25/2022,442743,114713746,52217579,48401933,14094234,
Thailand,01/26/2022,437464,115151210,52258440,48466597,14426173,
Thailand,01/27/2022,487568,115638778,52298896,48545939,14793943,
Thailand,01/28/2022,612226,116251004,52347407,48653412,15250185,
Thailand,01/29/2022,149729,116400733,52356262,48661581,15382890,
Thailand,01/30/2022,82791,116483524,52360895,48666097,15456532,
Thailand,01/31/2022,265861,116749385,52383190,48710749,15655446,69951699
Timor,01/25/2022,,1237678,670729,561648,,1343842
Timor,01/26/2022,,1237678,,561648,,
Timor,01/27/2022,,1237678,,561648,,
Timor,01/28/2022,,1237678,,561648,,
Timor,01/29/2022,,1237678,,561648,,
Timor,01/30/2022,,1237678,,561648,,
Timor,01/31/2022,,1237678,,561648,,
Trinidad and Tobago,01/25/2022,2721,1470094,731209,685376,106294,
Trinidad and Tobago,01/26/2022,2542,1472636,731746,686586,107211,
Trinidad and Tobago,01/27/2022,2185,1474821,732201,687627,108019,
Trinidad and Tobago,01/28/2022,2043,1476864,732622,688611,108760,
Trinidad and Tobago,01/29/2022,2462,1479326,733124,689743,109684,
Trinidad and Tobago,01/30/2022,1259,1480585,733378,690137,110316,1403399
Trinidad and Tobago,01/31/2022,,1480585,,690137,,
Tunisia,01/25/2022,8267,12706499,7089669,6206900,1016080,
Tunisia,01/26/2022,7284,12713783,7091922,6211633,1017438,
Tunisia,01/27/2022,9161,12722944,7093969,6217064,1020053,
Tunisia,01/28/2022,8661,12731605,7095889,6222157,1022584,
Tunisia,01/29/2022,8457,12740062,7097979,6226898,1025095,
Tunisia,01/30/2022,8760,12748822,7098898,6230542,1029590,
Tunisia,01/31/2022,8428,12757250,7100854,6234262,1033173,11936050
Turkey,01/25/2022,159360,141098118,57361027,52299996,31437095,
Turkey,01/26/2022,154211,141252329,57371915,52317284,31563130,
Turkey,01/27/2022,164628,141416957,57383642,52335677,31697638,
Turkey,01/28/2022,195229,141612186,57396805,52357621,31857760,
Turkey,01/29/2022,91615,141703801,57402431,52367432,31933938,
Turkey,01/30/2022,74716,141778517,57407159,52375810,31995548,
Turkey,01/31/2022,203273,141981790,57422636,52399906,32159248,85044499
Uganda,01/25/2022,,,,,,
Uganda,01/26/2022,,,,,,
Uganda,01/27/2022,,,,,,
Uganda,01/28/2022,,,,,,
Uganda,01/29/2022,,,,,,
Uganda,01/30/2022,,,,,,
Uganda,01/31/2022,,12911692,10896664,2015028,,47122964
Ukraine,01/25/2022,81736,30003374,15221306,14540448,262300,
Ukraine,01/26/2022,82360,30085734,15250200,14570174,286040,
Ukraine,01/27/2022,81098,30166832,15278385,14597402,311725,
Ukraine,01/28/2022,78564,30245396,15306057,14621114,338905,
Ukraine,01/29/2022,34202,30279598,15318149,14632514,349615,
Ukraine,01/30/2022,20983,30300581,15324673,14640167,356421,
Ukraine,01/31/2022,65655,30366236,15347951,14665692,373273,43467272
United Arab Emirates,01/25/2022,26744,23341328,,9257408,4193527,
United Arab Emirates,01/26/2022,39307,23380635,,9267198,4223151,
United Arab Emirates,01/27/2022,39956,23420591,,9277244,4252895,
United Arab Emirates,01/28/2022,31807,23452398,,9287197,4274682,
United Arab Emirates,01/29/2022,36191,23488589,,9296928,4301312,
United Arab Emirates,01/30/2022,13912,23502501,,9296954,4315171,9991286
United Arab Emirates,01/31/2022,,23502501,,9296954,,
United Kingdom,01/25/2022,96266,137570759,52266515,48253766,37050478,
United Kingdom,01/26/2022,100741,137671500,52281873,48284685,37104942,
United Kingdom,01/27/2022,98610,137770110,52297579,48314633,37157898,
United Kingdom,01/28/2022,108307,137878417,52314528,48348568,37215321,
United Kingdom,01/29/2022,113276,137991693,52333474,48388897,37269322,
United Kingdom,01/30/2022,72984,138064677,52345158,48416498,37303021,
United Kingdom,01/31/2022,78666,138143343,52360487,48440773,37342083,68205463
United States,01/25/2022,764910,539154879,249987051,211094975,87616933,
United States,01/26/2022,754708,539909587,250187320,211266984,87997560,
United States,01/27/2022,749316,540658903,250384064,211434700,88379500,
United States,01/28/2022,905850,541564753,250611953,211634846,88852560,
United States,01/29/2022,448115,542012868,250733205,211741269,89070593,
United States,01/30/2022,254541,542267409,250805239,211805801,89187391,
United States,01/31/2022,600555,542867964,250964826,211957212,89474239,332009030
Uruguay,01/25/2022,20374,7336614,2867788,2690283,1778543,
Uruguay,01/26/2022,23237,7359851,2878491,2690976,1790384,
Uruguay,01/27/2022,24215,7384066,2888879,2691340,1803847,
Uruguay,01/28/2022,25471,7409537,2893543,2692006,1823988,
Uruguay,01/29/2022,127,7409664,2893559,2692021,1824084,
Uruguay,01/30/2022,3,7409667,2893559,2692022,1824086,
Uruguay,01/31/2022,18183,7427850,2902331,2692686,1832833,3485127
Uzbekistan,01/25/2022,,,,,,
Uzbekistan,01/26/2022,,,,,,
Uzbekistan,01/27/2022,,,,,,
Uzbekistan,01/28/2022,,,,,,
Uzbekistan,01/29/2022,,,,,,
Uzbekistan,01/30/2022,,40165642,18071812,11925969,,33935149
Uzbekistan,01/31/2022,,40165642,,11925969,,
Venezuela,01/25/2022,,,,,,
Venezuela,01/26/2022,,,,,,
Venezuela,01/27/2022,,,,,,
Venezuela,01/28/2022,,35352675,20836636,13669072,202077,28704673
Venezuela,01/29/2022,,35352675,,13669072,,
Venezuela,01/30/2022,,35352675,,13669072,,
Venezuela,01/31/2022,,35352675,,13669072,,
Vietnam,01/25/2022,,,,,,
Vietnam,01/26/2022,,179593670,78987718,,,
Vietnam,01/27/2022,,179593670,,,,
Vietnam,01/28/2022,,180876701,79041734,,,
Vietnam,01/29/2022,241714,181118415,79055543,,,
Vietnam,01/30/2022,161586,181280001,79059864,,,98169610
Vietnam,01/31/2022,,181280001,,,,
Wales,01/25/2022,4061,6739748,2506955,2360321,1872472,
Wales,01/26/2022,4186,6743934,2507419,2361042,1875473,
Wales,01/27/2022,4260,6748194,2507907,2361757,1878530,
Wales,01/28/2022,5849,6754043,2508486,2362728,1882829,
Wales,01/29/2022,5852,6759895,2509780,2365580,1884535,
Wales,01/30/2022,4377,6764272,2510515,2367526,1886231,
Wales,01/31/2022,3920,6768192,2510933,2368368,1888891,3169965
Yemen,01/25/2022,,,,,,
Yemen,01/26/2022,,732786,580587,334079,,
Yemen,01/27/2022,,732786,,334079,,
Yemen,01/28/2022,,732786,,334079,,
Yemen,01/29/2022,,732786,,334079,,
Yemen,01/30/2022,,732786,,334079,,
Yemen,01/31/2022,,744060,588626,344582,,30494263
Zambia,01/25/2022,14333,2305684,,1612504,,
Zambia,01/26/2022,,2305684,,1612504,,
Zambia,01/27/2022,,2337128,,1631552,,
Zambia,01/28/2022,,2337128,,1631552,,
Zambia,01/29/2022,,2370615,,1651733,,
Zambia,01/30/2022,,2370615,,1651733,,
Zambia,01/31/2022,,2386312,,1660654,,18923966
Zimbabwe,01/25/2022,10404,7577954,4248576,3276998,52380,
Zimbabwe,01/26/2022,10104,7588058,4252654,3281016,54388,
Zimbabwe,01/27/2022,9455,7597513,4257075,3285799,54639,
Zimbabwe,01/28/2022,16495,7614008,4263356,3291257,59395,
Zimbabwe,01/29/2022,7540,7621548,4266023,3294764,60761,
Zimbabwe,01/30/2022,3696,7625244,4267826,3296364,61054,
Zimbabwe,01/31/2022,7270,7632514,4270759,3299624,62131,15092969
