{"UCvSbnMrbTZXXoicYI_YOgbQ": "Y/n Bakudeku simper Noranaz \ud83d\udc4c\ud83d\ude1c", "UCegyjFlXKfnH2RLSaBsRknA": "Yb_better", "UCibkA1A9h37t8ou_Rcnu5Sg": "Yazmine Robinson", "UCSUmEgvI2M29sqv_rQsom1Q": "Yoloyolo", "UCu6AT9NM3ajXD6_l3eSI31g": "Yousef King", "UCNkwHxejZIVl9gcfYfqg_Hw": "Yasmin G", "UCTZSFCoHuJhqxlPjy2D8nGw": "YouLoc@lSimp", "UCs1k9O6DlS4egBhOHgM5yOw": "Yuiiski", "UCKYdrR8BMzj3ji9ntaOxmQA": "Young Choppah\u2122\ufe0f", "UCzvkdIM2HElO3YVLHgSZlyA": "Yo_MaMa", "UCvDEoqpBKbS2N2cl3gASUNw": "Yonntai", "UCeIGndCeRJKhh83H6fItBpA": "Youbian", "UCHJKRoGPWOvx1T407Be7gVQ": "Yo Preo", "UC1zWoUiX7VSHKrP6rT8izaA": "Yuri Yuri", "UC73d5rF5T4nuXHIceneYlNg": "Yorichi Tsugikuni", "UCtSc-CH9aVyKc0NBh3gMPrA": "Yvng_Dae", "UCD1MnxCGa0iv6bm5qLfdZeQ": "YDeMx Minecraft", "UCS1MIF-ymTF0tiigiV1V0DQ": "Yareli Duran", "UCmODz6lxRw4SrVB8JoHIkBg": "Yaneli Camacho", "UCq6wTPDFVFv0D9Ovfw3ebnQ": "Ynnej Liz Anne Espiditu", "UCiyphXHRMw6k4U5nlV7SgdA": "Yara e yasmim", "UC_jqHVs3YErP2reNZjAgVUA": "Yandere DataDigger", "UC8xCgU_vnqnZVTjOtV4w20Q": "Your mom", "UCuKItzqPxQcWyBIDktO367A": "Ya boy Nel", "UCEEEHvoca3GUWooSTR8pSwA": "Youtube_User", "UCQjFOegzaM5YtvlR6yQrwsw": "YLT", "UCESB6RVJBytZ2Gxw2oDBDhQ": "Youngho Yoo", "UCRcRLosMKFOTxM3gIGu547Q": "Yoake -", "UCxc94IxuD2hoPz6_Hahk8nw": "Yvette Urias", "UC0UCe4Whkl9SH81dmhiR2gA": "Yoh", "UCwEOXzBjhkynUccKvyox7wg": "Yadira Delgado", "UCWh2NihmMRHSmvjg1IpGW5Q": "Yozuki MD3", "UCqaHlFq14Syeyv9LOFsqQeA": "Yen Yeung", "UC3sdEGp6KbMwy4sKlNh94Pw": "Yanfei", "UCm28JkOS_g_ihRJqwgcoYnQ": "Younging", "UCmD1O75xNUHOlSCXKmuu7Gg": "Yogesh Sharma", "UCCkInZBpmIV_r8BJ47h5pUg": "Yusuf Wahid", "UCq11y2d9O9r4XikhfcB0A_A": "Yanchen Zhou", "UCTXpfdVWQt6Q3E7oQrqVVaQ": "Years Ago They Tried To...", "UCc6L5EHtSPuIqE5HcSeAV6w": "YepSureIs", "UCxVSQDYOHNigwR6D_xiE1QQ": "Yannis Andrei", "UCMhPz8PfFjSiVm8-kv-lQtQ": "Yiqnni", "UCuOK6KmReE3jlZCvSkHa93g": "Yusuf Siddiq", "UCIOXSdNsJE_nAU-hzV8glmA": "Yem Boi", "UCEn9gUajLen3ktc_fhs6Qmg": "Yasmin Sayed", "UCby2nvE9TgP8ILpVM22bPSA": "Yutika Rathi", "UC_CcSVR3GRKFjWR_4gEYfWg": "Y Y", "UCWCyrP_TNnGBEDp35M8ab0A": "YTN1CK", "UCxBJsafcJCp1-qRL4a4OUrQ": "Yunghee Hong", "UC6XUAP99MZrCiTvo1G3fmzA": "Yoruichi 27", "UCDBdqwDEMg5nd_eHYZpqE7Q": "Yellow flash", "UCCOHZy8BnAaJS3nLblFWloQ": "Yash Chothe", "UChbHEANQTYjvQYuQ3UllJ2w": "Yan Liu", "UCaaCiiYs80vPlRt19yMagrw": "Yuki The Hylian", "UC4ZUFRKu6G60F0611kbzPhg": "Yellow Sentai", "UC64pOUbnuAIDXCs_yF7k6MA": "Yomo", "UC3gZw-_lc2XP43NksqqjnIA": "Yusuf Arda AKMAN", "UC0EU9IUcSht5LK7_-IM7hNg": "Yelani Thuduhena", "UC24y2_ibiVMYfKTZH3jPGzQ": "YellHeahTris", "UCr2isxNwJbm7fiOqzsrlz-w": "YSoSerious", "UC0yoWvZ_yIvBc5HkiG-Gz9A": "Yo\ucda9\uc4f0", "UC-Z4KEzhpFx6GeVTBWhZFfw": "Yagmur Mesgari", "UCoT6hQEw_bH9XVULq3BtZQw": "Yours_Truly_J", "UC2gzovBg3UMQr0kOI6pxPbQ": "YatataUK", "UCG_3ZciHOWj6GkJRtYE2StQ": "Your local government", "UC2NYIUetwyBgBPHQ5cD6UdQ": "Yonael", "UCqph70lMKgE3gmd8YTf2ZKA": "Yoto Tor", "UCmTKXjWlmaJC1lSRRqHbCHQ": "YouKnowTheVibes", "UCmbWF1toEX6FdtpS6qo_VvQ": "Yuchun Cheung", "UC_O6XyXFCzZ2AsrWRqfREdg": "Yinthe Schutte", "UCGTzc7VPTYAmvwxEREjAukQ": "Yur Kom", "UCfR-YgRSZHzYS1achUlkkxg": "Yamahaulin 98", "UCKkmVIwJozd9mv7p46CqL9A": "YESSICA ROMINA TORRES ARAUJO", "UCTZXMaonz8c6IBACvnGwUAw": "Yes Smile", "UCVlCUv52zaqN3D78-fWuYhA": "Yugali Gullapalli", "UC0_76uXIAHRNKvu8u6K5MCA": "Yellow wall 3.0", "UC5sPwG7gl-nAlGarA9Fel9A": "Y\u0101g\u0119r\u00f8", "UCIb85lBZVsDyTUk0DXbxxqA": "Yee Kit Wong", "UCffeoUuKvnI2L94JJS3p7fQ": "Y M", "UCQ5FR_zrc-0p1DLUbCHj5TQ": "YOUR FELLOW MATE\ud83c\uddec\ud83c\udde7", "UCmcjPUIh2tl2RJx7WASmTyQ": "Yasmeen K", "UCR5MovQJYfbEaLs8YBIYkvw": "You Me", "UCod1dP4VhYDWkhd4iW8_yoA": "Yousef Elobeid", "UCK4rLRq4ym7hL0cjdpS_iWg": "YESJIMIN", "UCWOGV4-mUi6df_4x9Gnitow": "Yami\u2019 Poetic Lex", "UC_xSiK1IbHYkriJVhSbWAJg": "Yoselyn", "UCfil-kKUNl6qRRtYTo5h2Nw": "Yankees fan but I simp for bronxie", "UCQ9nuo37OQoPDaL_Gu6ZwbA": "Yann Pejon", "UClULXADe8Hy5rF54EQZXB2g": "Yan Kelecom", "UCwb1pbx5eiS0CSDy38fPbPQ": "YouTube User", "UCqmXD-LKtCmi4gNqrkJVB1w": "Yoboi Gamer", "UChENA6S4WDIiwKYhJWy9-vw": "Y. E", "UCjMvQx2tLJF5xCtaWysm9kQ": "Yusra Fatima", "UCy2Zc_PSVxQq2YwDn6F07yg": "Yk KennyYT", "UCH6pba7x7eNzZB54qBhcu2A": "Yoshi Man", "UCTzxtv10dkUv4I4tAxCVRUg": "Yami Mahesh aher", "UCp3SOYqCtuXtetdEjxYGVjQ": "YkDaGeneralPlug", "UCf7wprNe8ZKhiLvEWkpO9Gg": "YoPaig\u00e9_(Li\u00ebtte)", "UCgiJAAmi3PwsdwGoYvvDCqg": "Yann tout court", "UCSGdJjtq08wfuWsubLYAY3Q": "Yoran Van Leuven", "UCvcjWnzvwemPMp2_CdXL5bA": "Yassi von Holsatien", "UCFSzpLkvAkBiqIj54cborJQ": "Youngsuh Lee", "UCwTJAw_6RWjlhtE-E28oo_Q": "Ysera Reborn", "UCFQY6BISs5Rpl-6VbgFxy7w": "YeetersyeetOG", "UCja7Yz0nVFeUMtdOytIm7fw": "Yuliana Martinez", "UCvMectQPVyFsZhgAU4pFq3w": "YOvansh!", "UCZ5lqPyzsizvd-76OkTR2ow": "Yes Kappa", "UCMxtWqrjl-nWSi3Mrw-LX-g": "Yesenia Flores", "UCaK6yDVcOp3Gf_DbBe4_wGA": "Yare Koog", "UCIt8ZU527C1MYRJC1TFPehQ": "Yahma Doss", "UCjwDjF7Quow-oSxj9AQ88Gw": "YourAverage90sGuys", "UC4gLhZ8rvNjiiA-p8mGUQKg": "Y Uh", "UCV-68xv5XZmVNMvBSW2KxPg": "Yvette l", "UCyOGAKMCktrgSpjPLiHBwxA": "Yemeni Gab", "UCIoCtbFibzfoCx-Wf5ZEcgg": "Yousef The Skier", "UCstCBWBGhcJPOmn6xRqYNkw": "Yaritza Patino", "UC6XrGlySjF6qQDeGzWyM-0Q": "Yung Ryuk", "UCvig2Ol0QSPpbd7H8ThevPg": "Yvonne Dixon", "UCRSQz6FrJLfvFYEfsD6X4kQ": "Yolanda Baca", "UCHR-8WVTqJlzk76NF7hjr-g": "Y\u00f6r\u00fck K\u0131z\u0131 Geziyor", "UCBTsdee2QiFfpE_M5CbsTqA": "Year2A Za'emah Saadatena Haji Mohammad Azryn", "UCAmNJi5oSq8aDqGUGAo_vXA": "Yusef Kabib", "UC6i1XN4Yht7h2TTv7m7_tSw": "Yashasvi JHALA", "UC_b0TOj22ILyYhCCSqfmE8A": "Yourichii Tsugikuni", "UCLTH8EkuRnUsMPOPO2P_ebw": "Yocelio", "UCQq94UD0ru0O3Gg4hp9EOhQ": "Yandel Carrasquillo", "UCJnxTsMqu2hDJnNyLA3j0dw": "Young Sun", "UC8h9VIaxGdnQs8Dz_9hMqQg": "YB better", "UCurTlulDOBbyPGFHnoviG5w": "Yirielis Sanchez", "UCwDuYoo6NNEJY3hwpp8Qryw": "YaYaYoshi", "UCDT37DSe-c0Kqf74X0ptolw": "YourBoiDouglass", "UCOhCp6OgVg8ths1KQALnucQ": "Yahaira Guzman", "UCDErxnDu8INRlRZceRyH_cQ": "Young Notorious", "UC2s61aDGJEbiBFfoXaqWi2A": "Yolanda Racosas", "UCmoZUGBE1Jvh7IQnOuZX7Uw": "Your Average Gamer", "UCHYku94YvavqWzP5G-TbtTg": "Yoleni ANDR\u00c9", "UC4ONvHaVOo59d-ebRdFumNg": "Youareabigfl0p", "UCkAmnv-lqNwhcn4J7H9Rjgg": "Yoshua Morris", "UCuMMHtAtIh3Reh91ladkHxQ": "YonkoTj", "UCHPj65Qkl32NrT-gB_SPRZg": "Yesmean", "UCqyFn0AhWZAImSDIrL7HSJg": "YoasterToaster", "UCUaqTi4a1B-ERFdl38BMviw": "Yana Ray", "UCqfu1siVYMmWRt1PjK6YiGw": "You Belong in the Museum", "UCsouX2_oiWGeP-M2Z9CpDcQ": "Yakub pasha Sk", "UCTbstVt8FpvAJyN6iKpH77w": "Your Wittle Angel", "UC-n6Dgg849wcyDxOi0SD-bw": "Youssef Dahi", "UCKnSoUjCmsMQXQwUZC8_TZQ": "Your Dude", "UCM5qvLP8qSGiiBqPFdu2oRA": "YamEmo", "UC91SeY0XRR9OkDAywJRWqig": "Y S", "UC0lr2nsWsxqA7Ft4W5-Ew0A": "Yvng Desiree \u2764\ufe0f\ud83d\udc99", "UCSI5gqr_ssiK7f08Z6mDdNg": "Ya Boy Isaiah", "UClj7fHQFjdVJLFMR5yiVV7Q": "Youmie", "UCQfCMaBkLJVz5ndnpmWx2Rw": "YE NAHH", "UCHudSwnGHMDEC6OX8yK2Vsg": "Yellowman617", "UC7c7e27R1jGEttGRymjtdgA": "Yourtube", "UCVQgHiTA8hA1qEKq4LNw1fg": "Xellean", "UCb3H5Z24NsRAM3ogCVTbcoA": "XSunacX", "UCMtIJX4OClMc-I2y-aWgJ4A": "Xyshadowxd", "UCUJ0cyqgisQcZSqG8_NGYcA": "Xiao's almond tofu", "UC9I9e0qQ1TOCwP3LwG2S0qg": "XxTwistedxX24", "UCqxknThC6eSsTCI2AvDCorQ": "Xylas Atanari", "UCDjhdHMhEb7AMTRlIUDDXlw": "Xander", "UCYhogdXwoQYUho3gqppkizg": "XxDa_Cute_BeanxX", "UCZjgpoEZWJokoXfws12irPQ": "Xxbacon_playsxX", "UCGxt7BWMfoPXdTRC7_IUjxQ": "Xdgrry ", "UCBBMxJhfdWFrSNWU2SGPQCg": "Xavier Mendoza", "UCmQpwa4VNfyf5bAknZ5q4iQ": "Xiao", "UCr51HmsgC03OLi1a-TUlIUQ": "Xyz Same", "UCfMGUDwbZjKq_VKhdSmch2w": "Xafy", "UCC3fYF5xYZX6j8DGrIw_igQ": "Xx_Ph03nixGG_xX", "UCMtV7GTyP3Bm3YZ0HrrzO1g": "XXXREMASTERED", "UCA9oUOApa0E1vKY57QG59rA": "Xor Owl", "UCgW25HnT62DunhORRot3GBw": "Xman34", "UCTqkDgAVSSYjfb1LaWkaZMw": "Xtra", "UCQs4kbQutu2vcHMCr6IeOww": "Xaviera Alena Tan 4B", "UCA3mg_fo-jeYgXqjFGH69yw": "Xfluffy gamerX", "UCr8r4MOp-UfgkV7dXDyI8Ig": "Xtrox", "UCzSx6tU8J8ApfTzd53eFXlA": "Xync \u81ea\u5206\u3092\u6bba\u3059", "UC4xKlhcCoxxYa-hzJax3rxQ": "XGAMERFOREVERX", "UCWh6pPlc5Nq_DUMGms6bnCw": "XebecBlox", "UCrO18lFIdhKUJg_KPPhY58w": "XD", "UCQ6wlWrbSQqHZEvWNSsESDA": "Xoldado420Barrio", "UCvkCzvoZMvckFnobp9RZbKg": "Xavier D Allen and Loofah's Universe", "UCnc83DSD823CXHRSJJ7ZU6w": "XxWaterfoxXx", "UCooRShnlYmiBaxv7HGNcMjw": "Xun", "UCQ4jPV2Uvy6HwNeKSsaLhkQ": "Xboxer637", "UCbX1En0S7bh6qSMakSFtvjQ": "Xiom ", "UCBS_hdcZ-ONe9GfRhLIgSQw": "X2 Siege", "UCEAaQ7tryqq7WUr2CZI0pkg": "Xander Buce", "UCx0euoQHtM4aDRbwbvGYL0A": "XxNot_angleXx Gacha life", "UC2rhxkm_c7agBVA7zK2Katw": "XBlank GachaX", "UCROR5JM_OzBK4K4FYuy9zTg": "XenoFrost 12", "UCG7ukKQK9UArOS5YVjr_n9w": "XX gamer boi ", "UC2NMlq1m1BySoRVPtiInnkA": "X7 clammy1111", "UCeXABS-6J6ak7M_wxN1tW2g": "Xz36", "UCjDE9053O1-8CJHeK2RjhDg": "XsAoRiXxX", "UC-jhZWA_ifcxUnG6_5z7AkA": "X_GLITCHEXEBG_X", "UCBHQEWmndgqtZcM-0KQ9s8Q": "XDmetuberXD", "UC7yNC85fGCF1LXfmxk2dAgg": "Xavier Duckett", "UCBkADb8dpSfCBn0UHhgrmvw": "XrapidskillsX", "UCemhWxLl_x7ymbPMYnl91kw": "X\u30b7\u30a8\u30e9", "UCgiavityDRa9RmzVq-ZbIdg": "XxMoonxX", "UC3yXizRpN6Jr-YYj_VZ2tbQ": "XxsophiaGachamemberxX", "UC8-5iQ62JIjIUx6Xg5mJ--A": "XsupermanYT", "UCDgz2lfHswMeyt8DBm6GxPw": "XyronXDC", "UC5MpLZo9DpHz05x2aJefDNw": "XBX1MASTER", "UCjW4bz6ci9l9EhVE1lO5COg": "Xx\u0118xpr\u0119ss\u00f8xX", "UCHKQoPU3lAgZnlecANDfevQ": "XxFuntime._.GlitchXx", "UCY4wMPqK2Eg6PtMacdGcNMw": "Xtreme Life&fitness", "UC_HEEP3BNfgwD4Jb2DJ0xLQ": "XxMoon_LivxX", "UCs2ICc72L1VBcdpQ3kYnxgA": "XDX13", "UCPiAB4MmuUVLZcH-2lsrm0Q": "Xcreenplay", "UCUyN4VmOMaNwsLvFreZMV1g": "Xavier Williams", "UCJl4DxmiPBz5r72wZfI_zCg": "Xavier _reels93", "UCCyw-IipQeEfNhaumkWKkoA": "Xcept12", "UCIyYCB30bOe0NC5SiHwUxFw": "Xiao", "UCHS3gh7r4RkK-Z9VU-S5Sxw": "Xo Mari", "UCFd0d1OOz6qXq-UUpuICA6w": "Xavier'sModernLife", "UCBPjWC4-bk0T0J6L1ZVxy1Q": "Xavier Sanchez peralta", "UCaCjMocYswmj8ANnbaV4uew": "Xeria The Voidic Queen", "UCP-rCvH8g9VjKMRpXYqOxMQ": "Xotic Logic", "UCjYUy1HO4twODou0pknFdaA": "Xmas", "UC2gPJ1gc0V5AMG2vFpbAiHQ": "Ximena Paspuel", "UCOJpwTrYX7_whH2Va8pmLvg": "XxZMichaelDxX l", "UCSROsSdmT7xoIKzWhdvF6Lg": "XXKlunkXX ;", "UCreid2g6ztzsmVTM2iFu26w": "XxTIGER xX", "UC-avxn2ch3aVwu4q8zUlNMQ": "Xorn Chaoroy", "UC54IEp9NabCMfbRWSg6lB7A": "Z", "UCwZnhLw0lNxtvotnCOeDtYg": "Zacko R", "UCPnkp2miB7GUUsrEDW4eFyA": "Zo\u00eb Knox", "UCLUS9yM671dmznhkHkexJ9g": "Zac Quarrell", "UCFjL_WWZ4wJmNDrYRhfP-3w": "Zidane Tribal", "UCoqSm8HkOAp_LyoWi2SJwUQ": "ZER0", "UCgAmbkthmrjV6cCIGPtHTqQ": "Zack Legend", "UCkB0wgr2sZOejQHifKRmQKg": "Zakk Bourne", "UC7Z5U5v4GhYpesTxKRRwrpw": "Zoe Emilia", "UCnrB04plMXIsmIFhAFPDdxA": "Zeidiz", "UC1M4i88P0xpDcoIw-TzIb5Q": "Zyulemma", "UCGuL6wsayOip-uoaTQeYqRw": "Zayden Graham", "UCR0ItOtydlyH6eIfMg9Lliw": "ZZMooN", "UCskcL8kXhvahbcIYtMPLgiQ": "Zhonni O", "UCuZ0er5-_TdQBkNTIpnPMzA": "Zenkori", "UCR-LlrNT1JhS5y3FoRo0yOA": "ZYYKUWU", "UC3xek_mcKmckbYXIIjQ66eg": "Zewditu Telila", "UC9-liy3kfyLrs2JTNydlulQ": "Zaniah Dailey", "UCCBXu2KJXcFy5ncTdt2I9rQ": "Zack plaz Areola", "UC5xnyrSeC52mUutFE9QuOrg": "Zesty Zucc", "UCQ-v-4TriVQWhk0JOtMCYyQ": "Zacbot YT", "UCnmN_VC0LKEudEht1rEKVQw": "Zoe Violet", "UCVOyENam_h3o0EAIpgdv_nw": "Zelofa", "UCw7KSBFYq-n7nQNTcNQu2Tw": "Zero 63", "UCftG-AEK359GtvI-4b9ekTA": "Zane Bryant", "UC3omu0eui0FhNVh1f2KnRDw": "Zev", "UC-_wSMCp685zRQ3edDiAuVw": "ZippY", "UC0euWnOcYhOQTYiUDILDUxg": "Zayn", "UCXoBhdTK5RIsKQznM2BFk1g": "Zabrush Cimahi", "UC_ASwJDjKzET2IBuxD-hCqg": "Zenistu", "UCifhx8m0HSiG6DGiO0Alc-g": "Zeke Laven", "UCJOh2LODrhZ92uPjbz841lA": "Zoe Stella", "UCGhDDDfwvc6KDbjK3L3AU7A": "ZesT", "UCJWRT9huLimCGIAQhU-XbWA": "Zeter Zero", "UCVLEYBWfgu5OWFvny18M3kA": "Zyfo", "UCyRqd4bbMhiFf3qSb16g0EQ": "ZenoDovahkiin", "UCRnWVoOKy5d9T4GnDWeHHSg": "Zach Sanders", "UCHfElsv6qqZPyDo3IgLd7uQ": "ZJJKJ", "UCDGxvmK0s-y-4W_7e46z19Q": "Zainsaliq Hussain", "UCPpFyWmGVqTw0WE_ZJCggsw": "Zaun G\u00e4stin", "UCAQXB_zHjn1vUvUw3djGk3A": "Zuhayr Shadab", "UCr6C6ZodZBbfUbsy8-9SBVA": "Zapped Guy", "UCG8uUbgnoHIxj5RyGOmiLyg": "Zoma Zoma4", "UCOjJONqH89dlto6vuKEULGA": "ZachMaster97", "UCI-j2ubaPsa0IeKlkE-oqrg": "Zachary Simmons", "UCWZa5M-C7Gam9WGtqrZcmnA": "ZEE BLUE OBI", "UClsuyx9WLCW3PHEOVZqTn_g": "Zlyab", "UC_vRmxvYeu2OxlwwUQuUgaw": "Ziggy Gunz", "UCzcBo7CljGWM0Y9tUYCUA6Q": "Zoe T", "UCYcaeqVdGptI38NvU0-fVBQ": "Z.", "UCDg5hYqn2pgEvRebhSZRDqg": "Zachisgoodatreavels", "UCvwHFZ83tqHSYSXF4d4sRQg": "Zishan Ahmed", "UCa1Sk5toAbt8_Z9dBAk2N0A": "Zoe Suave Official", "UCKrHISTAQIB_sh_k6ujy8Qg": "Zach", "UCKkEXzMyyGmgWBnfRysYVJg": "Zestiria", "UC4ODCKcui5LjG6djnGgSwpg": "Zoe Ella", "UCF2_mgmXmhTU3utsWKc0u8Q": "ZeFear", "UC7valiRTekLmauuzIUjpfwg": "Zacyquack", "UC_MaYbxlfNR0JtRtnprxO4w": "Zac Dolby", "UCvFhNigdXORkXnAptiCRrOw": "Zander Chevy", "UCsEVDvk6sOc209XopOO6PQw": "Zubair", "UCJrNQpNcwnXMshIh1K0f71w": "Zoe Suzy", "UC3mI1rsIrb0QydTcSbpmygQ": "Zeamo", "UCNjW1i-rZ9l4Efvv23u3esQ": "Zel The Viking", "UCBaD1CrXG3dtcRitVu_4xZA": "Zero", "UCuEgxdzZFutcr1gV5zxxtbw": "Zomi News Production", "UCASSMlXTh66fErvUvRGN5jQ": "Zx Gaming", "UCKawkIKrmxpiZ1fnkclbKVg": "Zoe Sophia", "UCATrKBgf93c2wd9Eeh9K5gQ": "Zoey Lam", "UCZM5rKG2mrS8CEPc1FPI48g": "Zero Two", "UC4KuIbRYlRvs-8qM34qk39Q": "Zhanibek Adilbek", "UC9Zlv93d4Hekps5zTRkwMyA": "ZergiePlayz", "UCxnpJueVtB91hKLJNpeI7Zg": "Zacch Villa", "UC2vcTAZN8ixLN9Feuk8ynlw": "Zoey Ellie", "UCz_spKL0YD1RCgJsaPNtaoQ": "Zorigtbaatar Dugarsuren", "UClhOCOXwQzLH07ImJDRUtGQ": "Zul Aqhmal", "UCRPkDaFKiyhSAur72RzrwdQ": "Zynah Jahanzeb", "UCgINvG5UmUoOfTDLxgruaHQ": "Zoe Williams", "UCWiIjioIROTH02QGCHIooVw": "Zach Feldpausch", "UCjA61HBiQuR4r4Fk3Bjt0aQ": "ZakAshChan", "UCxZo_4Fws289ORKk4c82kKg": "Zer0 Uchiha", "UCh0gEjdnK8LtRD9DjTHqYyQ": "Zethrya", "UC9pfdgC2i2-yoOxg8LduYXA": "ZETA", "UCXZt0w9OE7d5tcCWM7B2bzQ": "Zianne", "UCylU9pY5XvvMP_SYcB66KoQ": "Zakiyat", "UCY8TTIFBLOZ7xQi5NOXcF4w": "Zuber_78", "UCuB59M89KvFfUzP5wvPFJXw": "Zeny Jin", "UC8rcTG2joHq65Wr6oVY4pfA": "Zachary Churney", "UCBBoYIwwkZZ2KjzTrGFRpwA": "Zamantha Shane Pacanut", "UCWhEbhefAX7oXLKQ2ZMyz-w": "Z CanadianKid", "UCcbY-6V_YHd6qXPWRYRaJVw": "Zenitsu the black", "UCHuUf4VUcUfwDrIzHQhV4tA": "ZMD", "UC-tcyAIVuU_0q47g3YLbpYw": "Zachary Sweeney", "UCR524RhWZaXBuWPh7fv2oVA": "Zenturi", "UCUaRUDZrvxCxcnye6eHcFqg": "Zyionna Seamster", "UCphpGHu7e31h_JplYrLVrOQ": "Zero The Infiltrator", "UCfezdgg1EDKZrOKDZWH3bug": "ZplatFr", "UC8HtBBGJH15RY7wOpuvQHmw": "Zhang Hanyu (Yuhuaps)", "UClTVnmMFdojvJ5Q4xif5wLg": "Zeth Jhaierus Lozada", "UC395T5EkRLSQKqKvYkJM82w": "ZELEYI pubgm", "UC1Q4mWF8goOeujYLE2vZP2w": "Zoe Tan", "UC_8Q_AptkOk96YQmkMs1rOA": "Ziyan Li", "UCcr22C2OOHYKeaKl4M_msxQ": "ZinSin Detta", "UCCyVyqrTGxaextHR2srx3Kg": "Zayahum", "UCljPqshR1ZXqYfFJ6_a5-tw": "Zaylow Mandrel", "UCxvxQLE0IBTWRilLktlrxog": "Zanyda Soto", "UCkT2ntCucF9LG0cAvIu0_4Q": "Zan Dy", "UCbfJ6mqM9OuHykOXfj1iXDg": "Zardly", "UCTpCHLp6q88LS6Oe7jB3fhg": "Zoe Harrison", "UCYcIzj55eJYPcwOrInNad_g": "Zipoli", "UCVBm4kHXoShjbA67zjs0fow": "Zhappity", "UC5y49w5PuY-4A2_J_bGz26w": "Zachary Clownphobic", "UCChom0PhEvF6jS0huJX98kA": "ZZ Mills", "UCkmLsoehbZ47V1l7Jjxg14Q": "Zh Nik", "UCH9ObqoTyBKnVh-HGc3Licg": "Zee playz", "UCYwbAZ1474ITGHsfEJa2Smg": "Zoe", "UCHsP1w59fXMkSf24lx2im-A": "Zack Henderson", "UCMz5KHU1hlssrYPBhOWonug": "Zimzilla 99", "UC5GCi9aDQauR77W7_kOTIvw": "Zuolfikar Zozo", "UC_K47ij4BKI0wKLJsD_g2Pw": "Zeke Williams", "UCPxG307BgHqFIdb_5hGzdAw": "Z M", "UCAjNFOPeoPWOGRKjPukr0nQ": "Zo Wattz", "UCfjzKRhoGXSI0eAPbjjBdig": "Zankuro san", "UCbInYicB4vJwZLs2GES3k6g": "Zach Swanson", "UCNJBo7XgHkNtdIxozAiRaQw": "Zachary Harden", "UCaOvuQmrQeVjwprea5tjinQ": "ZD Official Music", "UC_SYZ10vzNVtItbAZT18VGA": "ZaNNe", "UCiGrJMskhdxxZEEv4rjTBdA": "Zhilan Zhang", "UCCftyLW_pyaLMbP8J1kxp4Q": "Zack amori Xd", "UCBgqWX27VPGZTCqxbPtBcFA": "Zoey Waskahat", "UCn-CGiTZW5P4vXYuQn1EJXA": "Zackery Sowers", "UCjaXA0fHFKkOAAia-yYXB0g": "Zaki and Emma\u2019s account Belabbes", "UCxZKFPdRzXwjgyj10Sm3jxQ": "Zwei-jabfellow", "UCq_WuXPMSUvfZP192jTrS-A": "Zakirhoosen", "UCE6POjeFcfhyOCysvywu-iA": "Zarief32", "UCutSPqIavWe695EtKTkTWHA": "Zsigmond Ferencz", "UCc89Uld4RPWVe-6vtAmuFGg": "Zarrg", "UCUPTDXudHBzPCR6l3OZ9uBg": "Zach Scrivner", "UCkFMLeVSMRRvHxFj8ICG8mQ": "Zabasu", "UCIgMy7u7Y_aH_znQI0gv-VQ": "ZillasNemesis", "UC70QPGewJNhyWLfoOk1AhBg": "ZX_nightmare_ZX", "UCmTQkHWGJZ7h-p9QBH-YGXw": "Zachary Silva", "UCEgOfRIgJX30aKe7sMU4KIw": "Zuhara Sujain", "UCSJlg3IvMFrNDEfPOIUh68A": "Zelda Master", "UCFFOMwkQy7JRNF9ttDkyxIQ": "ZVcats70Crash", "UCRmx8jgRGwr92Zk4HOAJ5Pg": "Zada Jean", "UCovp1QGX_7LuxCaub1hGHzw": "Zurg", "UCoINN-vvjX1UwjAtV369MGg": "Zak M", "UClAp5A7henqtS-_NdQBK9oA": "Zayden", "UCAsbAGpJzvgNV6xzb6LCKqg": "Zene The Hero", "UC916udng0E8rpZ2-wzAwCOA": "Zander", "UCxF4IeW8-W5DDoKkyYKItXw": "Zakwan Hazim", "UCyqswtOACyV22K244w2x2rA": "ZR Gamer", "UC25bHgGl8n5ZKDinsMc7ZfQ": "Zed"}