{"UCGcFZ3lK67IrZVQTwM_791w": "A comely black woman", "UCGH-92aLF28rhy3fP_5hDZA": "Axton XequalN", "UCbDm0BctmK4HldkKiDpoMuQ": "Aaron Astesana", "UCKJBjJ9uCStwQHXErB1zbwA": "Arpit Sunny", "UCiTaEuzpDajiuTTgtQXn0vg": "All About Science", "UC7GRRYe2SLaofh58ye00v4Q": "Andrew Gabriel Manaois", "UC-aHD3L56KCsOG9QevRgp6A": "ARIHANT THAKUR", "UCMYdt2CeU8pquaEAxIVnN7Q": "Allie_______P", "UCWfjYpXlxwF2zLLoiO5vOxw": "Antuan Pace", "UCo9jXQfk9pQ0rjYb4iyuMnw": "Aurora17", "UCWCHJbtMIAmRrRmVmaS56Xg": "Akhilesh", "UCIrRFRJX1mnYTQOao8u1Afw": "Abe", "UCI8xK1LZ1a_lXiQ4eEjyqnw": "Angel An", "UCDkrjHdA8hYFoBym82mEqIw": "ANN", "UCimfP22Im4hyvFgNh3ugB8Q": "Alan Henderson", "UCnFb6-Sow5cpOZvIveq3Xlw": "Antonio C.", "UCOb0o_asxMks6xDmh-iVwuw": "Allen Saunders", "UCappmFd5x9nIyt2bCFqpaXQ": "Amber Dawn", "UC7LAJ9IFSpgStr3GMXTa7Rw": "Alf Landon", "UCwHXOPRtKqkVIREXKxWHebw": "Awesomedude Playz", "UCVYUjB8MG4rLM_ZFWuuxtHQ": "Atulya Aaryan", "UC-HQyQePOngmwLSoy1woKuw": "ANoobAlwaysDoStuff", "UCUqhfyaoZBDyehIAlzYbuwA": "Alice Zheng", "UCg81STl47NlyTvpFRYZ5qCw": "Alice McFadden", "UCkvh9lICWFASU5UVGcU_MAQ": "AshGaming", "UC-xNyROXntyEZq9E9ZNhTwA": "Anas & Albab", "UC3y-xsrq82YHA2GvZasUNiA": "Andr\u00e9 Fransson", "UCO9A0lAY2jnkS4Ynr2RBfDQ": "Aaron Bourque", "UCSC98oKnWLPqPCu_sg0_RRg": "A R Yashvika", "UC6E3AcGCdZus9d4bs20rQEw": "Anon User", "UCA6RaVFY06uCZ3wOXcMRGQQ": "Alejandro Gomez", "UCUpICe51TvwON0q51-72UVg": "Antonietta Vitulano", "UCeZiEIZYuKLR3iYY5ZnRdOg": "Amrutha' s Everafter", "UCDXj0JStuTZkmnvxgFSg1ig": "Azer Justin Casayuran", "UCzsIdgsc_CMeM0JCZkDFvAg": "Ashleen", "UCuRToITUqPx_4ApWCfs3doQ": "Allie Sullivan", "UCgrbPfhXGuHLPUQ8VACYPVQ": "A guy who hates sunlight", "UCb8q0OT1bPvf-FOpiiUn37g": "Alan de Vega", "UC8KeAYRbXqq2Nr2ZxY84FNw": "Ariel Lazarus", "UCSMTrpq7wqHvk1Lk_UXYNhg": "ApexPlayer Player", "UCOF41sa_SIWZ8YRHkazwojA": "Aaron Ramen", "UCzlED_VV9tvLcbQKtD_EFtg": "Akuzsai", "UChQ2K_llMghGbDDiG6eJaAw": "Atomic Goose", "UC4TlZ40VzlcxZ1A3PmCFl-w": "Anjulie Tacey-Causley", "UCqWkXQIsbHfxr8G7FVsBuIw": "Alex Kinney", "UCjn3FwNyjYN0D7pxDVcqnaQ": "Aryan\u2019s Channel", "UCwMpirM1rnu43ibnWfIX47A": "Advaith DJ", "UCShN8-RRe-N_O7oWC3SSLqA": "Adam Vi Frye", "UCL-siVV3fECxI3O8ZGWhO_A": "Adam Stewart", "UCPYyGpOUV7sud-_wyfNFAiw": "Aeonsteel", "UCi1XtQbBB52BwNyEVzt7i9g": "Ashton", "UC4nJ0TRtZTPOP0CbygJVpKw": "Amanda Eisenhour", "UCtA6x5gFHtLHHcFzFECHhiQ": "Aboundedsumo79", "UC3RJrVrSrXoVk3nJClqA6ew": "Arnie Lagadia", "UC57S0k5mkw4Y6SwfiloZrcQ": "Arie Hoekstra", "UCthznZfrXcMzJu7Y1svSWrg": "AntiMaskersShouldKillThemselves", "UCtDuSOcONL3DxBXQuS4TqMw": "Alvaro Robledo Lira", "UCA0Z-B8bcyoDvE1TIkDFSpA": "Anipaptions", "UC2-Uu44Pcg56br71Erb8d9g": "Austin Philip", "UC9C1HqdYFKqVnbPcCRWKbEw": "Alaa ha", "UCXA7iVnwAK43nbfpUprfVGQ": "Aphamau  squad", "UCZ_IvXI1wGFBA9MH51z7zeQ": "AriesWasTaken", "UC2iGBvJYyE2hZKbahD4rw9g": "Ashley Rush", "UCxn5GNh4o-1lpnoiQXoJxdw": "Alex Martin", "UCf95KQNJ9NHVexJL0b7ysVQ": "A potato", "UCfJaC2HlN76erlMDphqQhUg": "Anthony Joines", "UC0S-HM5KlGc5b4K-7AGSVNw": "Andrew Doorn", "UCbHNuSuUXAZgE-0CFjqI9nQ": "Andrea Pignataro", "UCecKFo5joVmmpeOqm8W86Tg": "AtolX Z", "UCF6HXKbpC4zf7HCQ8PAajhA": "Anime Amber", "UCHfpgzypXFnemDHHmjYfSEQ": "ALF ALI", "UCgUQSNLH28ByTj2FXE4dgNw": "Alex M", "UCnaIkdYwE7GImk_0v6pxBew": "ASIAN FAT GUY", "UCNm9lQGnLhaO_OjVGrM9YHQ": "Ashley Andrews", "UCKJD5EvjEmOxoLLZ3iHozJA": "Andrew Reid", "UCm-g4k68px6LwQx3XoZB4EQ": "Anthology Of Death", "UC7Wz4cy75D7k9mZhuHqAtPQ": "Alex Salas", "UCaOVxDfOMXQHFGZHAhIKxzQ": "Asuna", "UCC631kajkYdbRSj0E41ROyA": "Ana Rosales", "UC7DpYQ6WbIYm1U1jS-ILVFw": "Astro", "UC4OAQ3OKLChdehqKh-eBUzQ": "Agboys0609 Is spooky", "UCFO3be-FTWqqFphkZTc9BeQ": "Airzen", "UCUHUxA7Gt8Hqysi49lhNzSA": "Ali Mo", "UCho7Pzv2dtkqCN2qXgwiN8g": "Aesthetic Dixie", "UC3oGIXbTpKRWTfNk65t7auw": "Alex Duranceau", "UCHIneyAIOy_99N68eQYrQJg": "Artis Pazars", "UC15oP4LUZU4sUaecEi6girw": "Amita Putri", "UCEkT18fw0XURUNlWmqrElag": "ACOG Batteries", "UCEoHzBZgM3T33PVHa4bR-Ag": "Ajplayzz", "UCsETcHx__eU1cUPSQVP7CgQ": "Ayanle A", "UCeSZFs0wf8LwiTIvfVrwlCw": "Adan Tapia", "UCPVhOp1ExkldqseaZesNprw": "Ankit Tera exp Singh", "UC4PXAbCBTKMPmVqfjBIIVJg": "Arron wilson", "UCA371x9mCchdNln9d1DOJzw": "AYANG A.G", "UCJTgsaRw8pMtiQ2Gz4P-sTg": "Adina Cooper", "UC4ZUDxhJledozU9CZCOOmGw": "Andrew Confirmed", "UC3CnS3dhBraPEbAwx4TlGsw": "Alejandra Duque", "UCF7lAinlgzJ5rVOkzoaS-VQ": "Araiz Kashif", "UCWQiBT4UwbvFEXKrdmVwDaQ": "Anthony AntAnt", "UC_FkR8KcoavXuo7bRTiX3fw": "Alaina Wallace", "UCc8nj-bzmaDooyKcjp_MxcA": "Am Love", "UCCMW--Yxk4EyP38SZnsAvaw": "Alan T", "UC26uWgYyy0xmSgt6oBxrHpw": "Axel Dread", "UCPzsPVYo03ybfNUaN7zHxgQ": "A Lg", "UCH25r2cpLabny-zeAV3aO_g": "ARMY", "UC0VmtpTj6_a7yUBizIfAWcg": "Andrew Lankford", "UCSleTd--bEK_UomYlo7r_iQ": "Amirul Zharfan", "UCq3yUOwXi-IGg4nTMNdwdoQ": "Ankan Das", "UCe4rb1SJ5-Yrct7sVlVpgag": "Adri\u00e1n Salas", "UC_TeZaskkKN3jmzzdWOISKw": "AntiChip", "UCBMBmwoWiR9M8RCGeGYbzCQ": "Alysun Braddock", "UCtVdf4znQfuhPN88_D9IDpQ": "Amoory", "UC2FAnoj10grqEUHkGx5V4-g": "Anthony Perez", "UCvzqfwvJiJbwKpER2spkbEQ": "Alexa T", "UC5pQFtQDv2dY0SRvXZQcssg": "Amanda Walton", "UCm58H5VRmwCgMx-bjozDy3Q": "Aloha Tigers", "UCZtmwti4ga4ZrTzVV2OcXYA": "Amelia Mack", "UCbv8M45hSP5DftviZn7bLJw": "Agust D", "UCPOT3rswSX-z-eewsSvyb7Q": "Able", "UCEfobl79Ik9WDYyDuzmgysg": "Ashley Cheng", "UCOv99puB36kqewuBjNgm1fA": "Autism And Gaming", "UCq6_Anl8_s_TAV7tHd-k6AA": "Artemis :O", "UCPZ4hiWzH2kCXfHHfD5wIjA": "A A", "UCUDXvavecWuLhrjNcISxQHg": "Andrew lol", "UCX_2xTaTQdUpnF1nrbFA7Xw": "ARcanna CRITIC", "UCNykRrmiHnZpNh-y-9KGRgQ": "Ayah Ah Isa", "UCFqUHE-8jguki2sej0mBhqw": "Allen Page", "UCJE3AWnEIwW7g2etcRheavA": "Alan Ramirez", "UC_ViFGvV2Ue9Y21IY16exXQ": "Al M", "UC5OqqeNBi__nkDWEIC9C98w": "Amelia C", "UCPf7_fVFkSSq-BVo9LeQLrw": "Aqualoha \u025e", "UCPGee5oBbq9f0Ae97s-sJfA": "Andrew", "UCg6F0MCG6JrwcQJfK_J45ZQ": "Alexander Barnett", "UCFa38Ozxynd-wbBQH6Q_5Dw": "Alex Strano", "UCg-StO47AQsxQZdyt8qsOQw": "Abyan warrior", "UCv1tN5IckjVLmQO29yXxqtA": "Alexis Zapai", "UC7WCGMcnQeI4ADQnu6tEmHw": "Amir Ordibi", "UCg8mtO_pvRRu-3n8NfjedUg": "Alpha008", "UC0ltw1W4XEsKkWNPTfUcuug": "Ayush Mishra", "UCVJf-SzU6LNQISltNcCbETA": "ArchangelExile", "UCIywH9BWa5HJSqlvOViXMWw": "Alex Nowicki", "UCYag7cMClvDLS5519WeUUFg": "Austin not so Powers", "UCs9vh3gCK6hRbYEvOF3MOzA": "Amber in the box", "UCg1mGLfqzIWZYHbJxtI1yNQ": "ArticArrow", "UCMf7kgILUScfXgjr3gbSSvg": "Amber Ortolano", "UCFBL472VKvFXrtD67ecIHYQ": "Andrea Powell", "UCvPy2w5hYNeZDkPZ5CSmyqQ": "Angeline Jamanca vega", "UCWOCR2b5c3snfHUG6Fcfa2g": "Andre Winter", "UCFCWnaRoniTztIiOzjJwMbQ": "Afel Nemes", "UCIyKIVLIlGMStLYJIz6mEHA": "Ann Wallace", "UCiXt1VDABbRqZjdSrnqtpfw": "Anemoia", "UCqQXzqK2hckZVBZlRBWg9XQ": "Abbaas Husain", "UCtpJskXV24GyJ_kr2Pc5U9Q": "Arsenal K", "UCBcvDRnJNOtChqKgmAwRErg": "Aaron Belmarez", "UC6Rl882-OFmM5IF3Pcz4Qbg": "Alexander Shawcross", "UCFgpKp_oSXAFEdwhPVbmt9A": "Alice H", "UCDArnfnf2qlxj7RF-DOg0Eg": "Ahilan Palarajah", "UCHQS_dKh-ms1yzwWaYEBYXg": "Alfia Mekrani", "UCF4BmBcRLQXTGVv5FrS02YA": "Abigail Coughlin", "UCoepX1VPy3VCwipuO9f3fZg": "Agnes Tham Gottling", "UCJGoFbezgI9U6EasW3qs1hA": "Ayush Khanna", "UCyVi_a6laWI2fQSf_urX9LQ": "Andrew Jones", "UC2R-iuvAw5-Afz2ZR_QHnrA": "Alix.", "UCapI3hZBFMcNUz5YEDbaQlg": "Aves", "UCn6Puo3evwPXOwqvT5Ja_qw": "Alphabet abcdefghijklmnopqrstuvwxyz", "UCAC30trX0g00pWPVN6SL_hQ": "Andy jhon G. C", "UC8gkLDbhcKqaIHMKQoHnXug": "Anne ?", "UC3pGfSfyINnfipAZO3T1yaw": "Aghniya Keira", "UCkGpju0glCC1JURQtXv5jUQ": "Alyssa", "UCOxiw4KIZ1MJ1gyLOjaZ6WA": "Asmaa Eid", "UCtHWmTFNfU1ld9GDd-QxKeg": "Anubis Fox", "UC5O5o1LzZ6OVYiwrvXP26mg": "Ash_Draws", "UCmNdO3T0oRgTjc52tcuy6zA": "Aayush Pratap Singh", "UCwhVVcr6W83ijIBI-nIofLg": "Antoine Taylor", "UC31hINhRzMWhYdL-WGYMtfA": "Anna Vogt", "UCmE__IliSX8y_Ul_eUn6h7A": "Alexander Eastabrook", "UCsMhwn2Fh1nYMUc0I3hqInQ": "Arlene Morris", "UCL74CTQ4j3rbHquCjjx-Ipw": "Anh Vi\u1ec7t", "UClu5ShvLrgZ9v82V9K-ROMg": "Andre Scarlet", "UCH2psA-RyYWUB4QoVEJvaJg": "Alayna Zuniga", "UCOFI3YCRMppI30vwnsBrLwQ": "Anesse Ameer", "UCEz0W5k5PkdEzjOmZm_mvgQ": "April Cole", "UCN6J4nmSdyyUHrmc1B9Cn0w": "Adwoa Osei-Akoto", "UCmm9lDf7IOLnrbXre6zp6ug": "Alex!", "UCXORaPV84mHRl6X0WTfbbSw": "AndroidFerret ANIMALS'N GAMES", "UCCD6OikTaZbA3vnjpszsV2A": "Amuzedbi U", "UCRP1ScUByMpJb7nbF2lbN1w": "Alfred Gillberg", "UClSI7MzuTcq-Qqze1sf6M8Q": "April Pole", "UCXGdh-sFpMdEYBhQAs_bSZw": "Ari Sweet Mochi", "UCj1-J2zJmE5S7viPOeCWt-A": "Alison Nicole", "UCX37puxT9fZaaUxj3rO81Bw": "Arwa Ahmed", "UCTJUB2FViYY7Ohun1yVBuWQ": "Alexyz Perkins", "UCYtnPdnAfEH8QmbOLZNntRA": "Amelia Madison", "UCPNMjKgAMcaNuDtLMVdjPBw": "Anumta Bhojani", "UCiaeJdMP6nQiFFFr5sxs_bg": "Alex Maria", "UCWUXewNJRQHI4pvTkwNLjPQ": "Amanda Duffin", "UCPIsoYNSuMMmcMvV2aVbphg": "Alejandro Rodr\u00edguez", "UC29KP069dWNEapZlbfTznOg": "Ariana Contofalsky", "UCD1Vv2yFqiO_2U2zIF0iSmA": "Aurorien", "UCIJ3BirVqNADofr9xCDJUDQ": "Antonia Williams", "UCrGCoQbSvWHcygnCSG3JTUw": "Alaina Vanatta", "UCQHcHaM5UuE6bqIjcUn3U7g": "An Enzo Film", "UCB8OVZZmRsOGI_YSxfsI8sA": "Ackerman", "UCcvpObHWJDPIhf9uQn6CLTA": "Abbey Sutter", "UCtG_ZL53LKjUBrhopKHfeOA": "Andrew Thomas", "UCT8WMoQx7m87L4cEy8dXjcA": "Adrian Floyd", "UCFyBDa9JamHL8cQhYH_422A": "Amy Meyer", "UCpF3Peg_Of3tzKbiPAKzeVw": "Anthony Morello", "UCKsjKEAddNN2CYVgg6UeNWw": "Altraxia", "UCdq7-waLQ-9UxAkO0oV-GaA": "Alorah", "UC5fakJI5iYJKqirODxDbjQw": "Axel Hergom", "UC3yTZtcB557bXJ7erYMsWhA": "Anisha Gupta", "UCJFSUdfSrBq79h1WXFqXZBg": "Alix Gun", "UCzIK-z9ajzuu-3iu1cwsEiw": "Aqsa Sayyed", "UCtiAebp2fttGkADnZEaG0lg": "AMBER CAROLINE UBALES", "UCFnp2myhNu3QZgvMLgsQvpA": "Aldo Angulo", "UCvIqbT-zqlMKCBvigEwlNYQ": "AB3", "UCNJ8QDWVpJhKWT3hxGvpHhQ": "Annabella Rosa", "UCsACNNNp9aodZ3xuScch4kg": "Author Gamer", "UCFGU_Hlex9s0FSUr_MzDpGA": "Ash Gamble", "UCiZYrGv-SORPD47IWaKPAJA": "Aysel \u0130sg\u0259nd\u0259rova", "UCN-UtbeEW-uy8YZGqlMKcyA": "Anastasia Macia", "UCQFt4RKTv6lFZzrNZ6dZf-A": "Advait Soni", "UCPwTxRsDrant0pATGIRXjgw": "Adam Starz", "UCngG76yCfuK350srCA4vqEw": "Alexandr Liashenko", "UCfpzc3IFzia6ht_KHFJnOsQ": "Ava Lily", "UC5s8vIlxEDtsbcrwmt1ySWg": "A2Kaid", "UC60428ersjf4FrN-ONWi_QA": "Angelo-Alpha", "UChqeLF116Gf_x_raRefx0lQ": "Afro Desiac", "UCCSp041PUMfKuhkfwaXf_ew": "Aeos' random stuff", "UCogGlbOJvQ-kmfmmhC5DYJw": "Amy_ Exe", "UCoQ3K50r-YdMi3-0bRDyv-g": "Angela Arana", "UC2SF6IJOOm07tmLDyzWnu6Q": "Amrutha Amrutha", "UCmnQ02TFSswvRggZIS6B0FQ": "ANGEL SARA JOHN", "UClnmzy3GUlZetym-slx3yKQ": "ARandomPCWatchingYouTube", "UCZ-9LEg-hLC2KkZqVe9VLNg": "Anthony Montgomery", "UCRMlqEf2I_w-6-0QjNEYWuA": "Ankit 71", "UCgPjdAkoLTAZehc4aMmGjOA": "AaravPlaysMc", "UCV00ra8W-3Dg9vEsqasrmFQ": "Ali Fayyaz", "UCCnCyqTKteyOc_44qdW8ouw": "Alis Aquilae", "UCMN7UmFRe3J8QeP9QL6ouvQ": "Amen Keshigomu", "UC8-aEToiF3yTTJFKoW2MbFg": "Amirreza Mirzaye", "UCKD9O6DhkKU9Hmj-NfPduUg": "Ash Durham", "UC__ky3Q1dzhNRY6Mp4sD0_Q": "Average Joe", "UC38Nc3uxGsaqXTBHd-M7xNg": "Abass", "UC1pXD8x_RGm4EChTw5tNk-Q": "Anaswara suresh Mk", "UCNsoyC2hD-oH_lg_2cKzMtA": "Apocalyptic", "UCW2bU2xfu3EGntifiOgoyHA": "Ariz Animates", "UCWogCfaGz95YCee6-P1um3w": "Austin Spencer", "UCjo8lzN8d0op-MyGFEfH5JQ": "Ayush Singh", "UChp6Jes-7J732znRwwDp7rg": "Akaza Naoyasu", "UCd5SWjtI6iJIwLD07ioRq-Q": "ArmoredSupremeOne", "UCy3qRwrsWmvGt7Wcneo3afA": "Anastasia Holmberg", "UCfgGV91xoW5gQ_FnEd_h-gQ": "Akhil", "UCEnGqZUp9YbACxViLbAEMxw": "Axel Troy Sugiarto", "UCwcxzv0ob_3JNcpsPU-CBzQ": "Aaron Ladd", "UCVUa04lPKnNmwEojKaP6dLg": "ALONE GAMER", "UCH4ntKYAd4QE4GoijTV_Zsg": "A. Sosa", "UC3GXnVjn-CfkTRtz5x88g6w": "AV lawns", "UCG95svpp2tL0Q1DNs4Pvchw": "Amos Salisbury", "UCANteeg7OBujHCwK6lR45zg": "Anonymous person", "UCrIVSAybAiVf3wwVS1OeO4g": "A3hKamuii", "UCZ8OOL5_AMCQL_c658XiAAA": "Ameenplayz", "UCwBV4O2IT_KDeUFWjGfRMHQ": "Aran Domuser", "UCfJ0OLTbVq2JQVdHA6mQhHQ": "Abigail Johnson", "UC0l0eC0yAQ2utmAiSRpAzYw": "Artez Davis", "UCZ_UcZo-Ej_2fzludVjGH8A": "ANiSayso KNOitWell", "UC_q_3Cm-f0FwZyn-cI-5nnA": "Axel Bueso", "UCMoDcIL4Pgh0hedQQLP2yuQ": "Andie", "UChefe23LTqqdZx9NpO-05ow": "Alexiel Marquay", "UCtTQ0flSJQgNl1l8U7npT-Q": "Angelstar PH", "UCA0lhxGj5Y2z0tKOi65HM1A": "Ameliazing Evansane", "UCbHpBCZsLQIqp7NjFilIvOQ": "Alex Rules", "UCgyn2iwtIFfxdOPhJh5tgvg": "AlkalineSkink5", "UC3g11Rf7ZMUCGm7FYDU0_Vw": "Anbu Jerry", "UCxXiUiZxnDIk7zwvX0EhXlw": "Average YT Enjoyer", "UCvxB_s3GHJlHCbraRpbagJA": "Arumba", "UCigOa3aEmyOXK_9w-JHhoeg": "Aryan Stark", "UCC7EkWEX-ETqY2Np8Dv-NTw": "Ahmed Midou", "UChos8BDndkNYebXx3XGXcxg": "Arcanist", "UCTjf9vZFLxftN_EdGGAijmw": "Aditya Agarwal", "UC1Ie9GYjfmeAdIjeY3JFSiw": "ABN", "UCKjS90yMXyI_EBDnyORt6vQ": "Alberto Solana Fernandez", "UC3q-8QbwYS62j9O6MAieskA": "Ajani williams", "UCDWpr4h7pggJUtCDsCd_b5g": "Anirudh Bharadwaj", "UCghCXuc3f4TaZDAJ2xl4obw": "Arthur Felipe", "UCyWQHBMETaW-aDoTk2qucgw": "Andrew Delgado", "UCQFpRWOfRnEesRdWQanWjXw": "Alish", "UCKKkVhzLTUpjy63WNL-_cSQ": "Alexander Keenan", "UCnLiOy2o9fJzZKitxbfcmAA": "Abyss Petals", "UCK_AQd8uWLBvxSUAUOfEHpw": "A Bobbo", "UChb1pB9tk29Qx3L1vQQPLRA": "Alyssa Stone", "UC0AxREm0xRB-GSEd2J7sC0w": "Addison Gorce", "UCq9OOjVgPEZa213xVBhNBoA": "Apfel Johannisbeere", "UCNrJ3aiPTsmlP5OTypaPURw": "Aminah Edwards", "UCpUz8lqh7Q6n0U5gNusaubQ": "Ambrose Magat", "UCwTffHWnEA9jGB5GYAY0m2w": "As14159", "UCrizdCzYNMPFAmiFVASAj5Q": "Aimlovesmusic 14", "UC3y4MN6pX8TZ4UfIeITlkIQ": "Amy Draws", "UCEr1I-xioDnOys8Evhy4QGQ": "APOLLO ACE", "UCwXHYgUykTNdFO7BRaQlj3Q": "Alexiis", "UC8WTCRduHinx7TUTcqQ95Fw": "Alexander Kara", "UC2Wy24UuVQ6T8MWh5cYTOPw": "Ap6y3uk_ UwU", "UC1FAg9RWrW7htPp0ReAE6tw": "ACKMG OR Marlon C", "UCxfYvQYAH8jVwlkHGT5c-1w": "Andrew Tischler", "UCQw3wpkAY6jtHjt9-esrfUA": "Ana Santaren", "UCunqTgCDeSLnvrkD7OCy0RQ": "Alysh TMN", "UCZbIEVJT1QQp7LFhElW8SHQ": "Arnel Arboleda", "UCMTNCmPEkL5GY-tq2goh__Q": "Ana Riegert", "UCa69clacpikgPvrJzyxRSsA": "Ashlyn", "UCu-yRbffIfudEgdDM8ys5iw": "Adel Zikri", "UCbQI-b-t_J0pT0J5-Hu9nnA": "Aboredperson", "UC6zRe-9KzF_jrk2gc2guZdg": "Average  Dude", "UC5lGWbyQ-RHqO6XeT742L8A": "Alissa Wease", "UCXRqCYIJ6GB470prKCGhukQ": "Artic_ShadowReader", "UCp7bNb0akUhCpRFpjWvcN8w": "Ajunta Pall", "UCXa2KxY5mdmGL45mPB_rQdg": "Ashley", "UCuKxlAZaICMzlUMONV84ekw": "ALISOUTH", "UCa6XOPcVE0c0w7EmNttGtxw": "Apple sauce prince", "UC_Z9I46NkSbl6TNTo4N37yQ": "Alena", "UCKPiRgbyC8kl8q_HP-D_-IQ": "Aaryan Dherange", "UCKmOItKrCDkdBQUjWbvJuig": "Aaliyah beatriz Antonio", "UClggRGQP9mIsKUGGBi82xBQ": "Aleasha Rae", "UClnoLddX_01YCvvX879o7YA": "Alfonso C Espinoza", "UCG7SM6zg_SzfzWH98o8enaA": "Anna Britton", "UCdIMavy55jwF85vfB0MtWEQ": "Awkward_Des", "UCRGaGocsIa6_VFZdnguU_jA": "Annekie Pretorius", "UCr8wylt7tRTT5u_UheiHxlw": "Anne Cute", "UCPtI1LxOTcsvrZ808k4pTRg": "ARMY BTS", "UCi6Feqr0JW96hPKywVUKggA": "A-paul Magwapo", "UCzEX2vrj8i9W2o1ixwieJbQ": "Adam Galindo", "UCBAHULUWPAr0fdcma1IvUaw": "Annie Mickelsen", "UCoOuLEy33IBhi4_L1u6hI6Q": "Aly", "UCX-npYj2VcXYAXYsGpgAX9Q": "Angus Old", "UCbjjQAX7WTZGkbW3fXSuOow": "Amanda Garza", "UCF9o2Qgv4qiYGMMMjt9e3cA": "Artejai Martin", "UCn92asrCuV8X4UF8pxE6v6g": "Alexander Moraes", "UCUf4ASeodBIdfCfWbrZkncw": "Angel Pettengill", "UCoXxYkKH1-Ovuy0OkpJStQA": "Azmag Foong", "UCRZ9HvvItDBJuKUYjgPn_Xw": "Abel Thebagel", "UCjCJlYim3CRQ7AUmmKUUTug": "AI", "UCq5C68w51ZRJG9NlIed2dvQ": "Amnungus XD", "UCtD9BRLrLxaeYo8jff50M6Q": "Abel Price", "UCt4BDiiIeH3ntTkrTRJoxXA": "Alex", "UCfK5_GSI5iDg79Gv3uyKcwA": "Astede Foster", "UCjqnFvAuJtXENTv0JfWhhIQ": "A M A Cyber Punk Angel", "UChW0Jzx60UaHRoPPflXoRbA": "AeroHydreigon", "UCeYCy9H65zz12YDykpzyi3Q": "Adam Blanco", "UCQ7SyZ0Hh1jZkHZKU8DGDUA": "Anjelica Pinzolas", "UCkDoOsghnAg-cnh8Aw3EFSA": "Andr\u00e9s Deus", "UCskxbgug8fswAbKdPloZ1tA": "AR Bhatti", "UC-LmpdkwGOnT-ouMZkLIT1A": "AYESHA S.", "UCj_J8KGULOxY7gIB0oNx1aw": "Amy Saltmeris", "UCEvJjdYDsWeianLhSSWdXfQ": "Adam Effendi", "UCXRyd4EyLrJZkZj7qiSXFtQ": "Alfie", "UCR-G27n8U6GwujHBe_dcUSA": "Aman Shaikh", "UC-GJIy3i-tQd8TkBlomYMnA": "Almira Mira Alic", "UCm9XhrjndKAZTZ-3HCgWD8Q": "Alex Martinez", "UCWMNsFaEhixbxBVz6qw1lHQ": "Abigail Grace", "UCuatnktWWVftMTs2W5u4UzA": "Agustin Guillen", "UCOCIL1_ee6Bk7M-aGow5P1w": "Adoni. EXE", "UCgpX3aB6eu_6B4glo5Mj2wQ": "Anthony Poche", "UCrSNTzA5Arm6bilfEOiKn2A": "Amar gaming", "UC_7puVfa9L0fnCRa-20JhtQ": "Ayayron Balakay", "UCz_ikdXTcCU0HYJ1JG9VkYg": "ArmBradPitt", "UCiMaS3MkynfZtmSqa5n9BDw": "Abscondo", "UCHRlFVFBMKdWu86A5REUkSw": "Avocado & cake", "UClKSimqrR6ptHU5wGOVMA8w": "Anna Animations", "UCBOHL9h7Qfp8x7v-x5mGaKQ": "Aina Safiya", "UCQXOdAhvTtQjplyqDI9zz9A": "Apple_boy Bd", "UC8_x8jYpgmpL_IxgLpS7Ddg": "Ana Hernandez", "UCUAzEyiK45VDnUL9Staa1nw": "Arpad", "UCqWHIHYDxouvACrJY_aSdVg": "Abi Berrow", "UC7GDLWmKObtxESV6RviQmVg": "Ariel Korkos", "UC-XianLBy0SmYZ36AJDvOnw": "ArtistAnthony", "UCXgfedn06s6Y93WhFGLGrtg": "Angie Garcia", "UCtwtKHO8b96CAvSH_gX8QTw": "Ash", "UC28Vw9kS2vzjybusKPB6lwQ": "Arnold Fernandes", "UCkO2pBi4cC93Ghi4qr6hpIg": "Aarushi Yadav", "UCGiu-m4aDxB_BvZouCrs2MA": "Adam Hartsfield 2", "UC8LRJ0iOZJPPwQUJOsS_Vrg": "Alain Visitacion", "UCK2gYU2OeD2W7HpoUVnwj7w": "AksentNetharia", "UC1mRmZHIAk7z0v1AkWMQfhA": "Almaty Arbat", "UCTb-zqa2voB5gQecZ7tPG_Q": "Alexis Cannotcook YT", "UCuKjaEOn3uSeBJ3FD4zCLgQ": "Ace \u2022 100 yrs ago", "UCiBYD1aXIsD-cXGBc6L53EA": "Allison Pickering", "UCqDBYDUJuL0mydqW62LaQKg": "Aubrey Sophia", "UChm7o-nQNt5Y2uPlggulmsg": "Allinone The Great", "UCWcjwqptcfmG-ImTLYSkiDA": "Aditya gaming", "UCfqDAFofJziJLWrLi96tdPw": "Aphmau fan", "UCl5D4TkxjiCjlvWpSMWA6Ew": "Andrew Paine", "UCZuCgMnQQedTsifYc4W1TNg": "Alonso Quezada", "UCazeQTYvCtD6hzDyNd1fONg": "Ahmed Yassin", "UCQGM8vzlVpZfSjxX9SfXSXw": "Alondra Bravo", "UCQKohfTD7DJMqxBLlng1wiA": "AYA", "UCCuQ_YbQmYQ4Dg8gAiVnCGA": "Angelica Lopez", "UCxyxNTyuvgQjk-zFcbrZw2g": "Alex Lolo", "UCC41hcR1Ks-9NAS5ztByF-A": "Adrian Martinez Dorsett", "UCK-hucvv_1CZTZ4eLtLba8A": "Anakin Skywalker", "UCe1jfP6JveE3HNBvdzietcw": "Angel SIU", "UCt69_9FkoOJ6n1jv8o9T1XA": "AntiD4rkn3ss", "UC806RTNTP8af33Lz5OcSLlQ": "Alex_Mendo615", "UCYME4o3-Iar0NakeOvd4bSw": "ArK1N", "UCyDOAkPE2A6RBfrgWaDDF9w": "Agent Bullwinkle", "UCUCXzGX9yfzJO3LtzbQOa8g": "Audrey\u2019s amazing vlog", "UCRswKqSFijG1pI5uCj9Q0kA": "Abyan Ismangil", "UCr2SD2nu8N4kWPlk4kGvySQ": "Angel Santos", "UCDhfIVM1LgssW1HQViUiG4w": "Amelia Miera", "UCjEAzAiYVXDhBXiR0pXwDRA": "Aesthetic Roblox Twins", "UCy_lXSxbH2cU8zWfaCMh_cw": "Amandine Bisschops", "UC6DMEWspoxnVxewCve9OUQg": "Abroad with the Burrells", "UCXUL-1_1b0htmyBoownNZYA": "AzaelTeama", "UCvufQhFXa6u1-wnzwTw1MLA": "Alexzander Shields", "UCn2UzuP_ETRWe9tA5OlXbsA": "Akshay  Patel", "UCkUpI51XSDC1aEjOdfXMyqw": "Ask the cookie maker to make your cookies", "UC9XtzKWETBFQRZLmo17nbUw": "Alondra Santiago", "UChnpIV5bxMRvGEanIsys-hQ": "Alex\ud83d\udda4", "UC1VnwF3yRUMGq2p1-4_HCXQ": "A Perry", "UCzhf-tEYVvOMGDmGwye4RMw": "Atom YT", "UC7a3SrrrIPeyz6ZmrCyvUOQ": "Amber Lichtenberg", "UCzMtYW5L6ODiY-xoNPQoSHw": "Anaru Tata", "UCcxtcv5tfD8vTgrHzhxruiA": "Amber Elizabeth", "UC4ZWwh1RxEQT43ByRdcWLXw": "Abdul Hakeem 47", "UCRDDApBQ1ZsD5suBo9c6G3Q": "Avitri By Leena S.", "UCBC_rfbMfaBeIHpGeOxDp4Q": "Adina David", "UC98xxWbutvU-_kThAAb0VIA": "Angry Hemorrhoid", "UCKg2uWD8Wjw8QsqGBu3B9Mw": "Adrienne Benjamin", "UCseigNxLkFRUvcJLwg6mJOg": "Adam Pratt", "UCwWC4oXtRvOn7LSXnssv--Q": "Adhav", "UCH3JLdeXjResPe0_DJJYGog": "A Beautiful World", "UCSFy-pJXvi5FbLdkQE1fRzQ": "Alex Lynn", "UCxebca1mDqiwrEAw_uIm5lQ": "Ajbom28 The best", "UCuJvgMC6hgfYEmCbryhidjw": "Achilles Dylan Ordiales", "UChgdzOTCnG0poj6KoutvQSQ": "Ashsatisfaction", "UCp1yZH77e5zIK8NIeY3q_Jg": "Alves Rei", "UC6Xy7ug4kUFdcyqToAk3-PQ": "Arunava Vishal Dutta", "UChr2VwsVUtT17mexHLm5Dgw": "A\u2019Sia Davis", "UC6Ul4132jOkll8Y8-gMDfTA": "Aaron G", "UCexxlsn8GhwK9FVpBc88BrA": "Anime\u2764\ufe0f", "UC-mHLZqVxiKS1tUJEhVHylg": "Aigen Johnson", "UCUym7t6JCjPrPXpQX-qy-jQ": "A A", "UCj6Kt7tnUqfkuH9s0dLnVeA": "Arturito Garrido", "UC52Rt0cvf4WJV_YA7lXEKZQ": "Amanda Jenderman", "UCg33g6K5rm_Gqg6YhW3eWnA": "Ace the panther", "UCBqCpn8dRm6casXP8SjV6QA": "Ajscrewu", "UCMWaqOnLaZ0KP-ELitWusBg": "Anthony Magner", "UCV-rs3kKh9N-7QEqkqL6FEw": "ASMR time", "UC1lSWOOd-6QiWkwNqdYDnCw": "Angelica Manrique", "UC2F3pOBcAFtOJLIqwi9xRIw": "Adhya Kejriwal", "UCiLJHGFyuvNBC-Ayoe-8byg": "Asbj\u00f8rn Birkelund", "UCr4ebaFFqfIM2k6G5XYvC-w": "Ava Mocanu", "UCOmwdz1TQ0K87fpAX-3K7Rw": "Artsie", "UCcfh8Faqu7VEUHQVc3hayrA": "Adrianna Waring", "UC1Inf4vhdFYYcoHHU0d_oSg": "Architect INTJ", "UCQ7ucHBPFAyK890bDFBUT2g": "Aesthetic\ud83e\udd8bElliana\ud83c\udf38", "UCbt0xuN6dOSo70sNCDmYQOw": "AcexAnime", "UCWnONTpzc7at2K0TaPs430A": "Arctic Jake", "UC73I8iel8kDjAXWgH1iHCTQ": "Alejandro Camacho", "UCwmzbo4rnk2aJV7WW6-tinw": "Al Run", "UCa_DaXfsvbaftO5mYKNLVcA": "Ariella Lefkovits", "UCv4TnCmD4PpBK76fX59-bFg": "Andrea Vintage", "UC0BtdsUMnkJ5YBfz_xmxf8Q": "Akimbo Hayden", "UCqz5ojiYWMoxbJ-AfcQk0DA": "Aylah Maree", "UCnePgauREazVvwPqlbdmK6A": "Alex Mendoza", "UC2jTMGtvMHAK7W_tSJ82YCw": "APIKA", "UCd81eYhy-EwbNGBa1h-jTNg": "Accelarater", "UCrV45KXoBAG3skXSdDkX9kw": "Ayen Animates27", "UCcBHslE24trEz8gHgwHm76g": "Arctica Frostbite", "UCnQ4mxZXBEpqhB0eHySsooA": "Alex Refalo", "UCk8cYtY1ESG7sSo_wQkuiZg": "AG", "UCJzQIfqjvZQx7bKW14s8dTg": "Achmad Bukhori", "UCDMcCX3v1z21chR_CFaEeMQ": "Apollo18", "UCk3JWr6v03wKGGzIuriCEEQ": "Aiusa", "UCnvnD8DO5bHqC1xVWrYxH3Q": "Akshay Kumar", "UCXqGVPUnO3bFHq1RvB5EBow": "Alejandra Rodriguez", "UC09Ln8VPj4euWc5GEEkgKaA": "Andrei Mihai", "UCCdK6ox1WNaxMY-qa-hZujQ": "Amir Lukman", "UCuAsGi6KkCKDoR4xRRyjtFQ": "Alondra Arenas", "UCMyrZZnoHzxgrV-t5QKS9gA": "Amey Amey Kolhe", "UC9Wbm8cU0KMFbe10dHRE5qA": "Albion", "UCbYaJyMjbThY8wrNXpPJd6g": "ASH", "UC7bmIrSOej_3_0DFbKOXGGA": "Aida Alfiler", "UCMHqhoREoT3SHQku2smzo3Q": "Argo more like cargo", "UC6cyn-uogiptNqnXtRK4sEw": "Abyss", "UCT5Q19ZNR8jPBqHjjNw1Ulg": "Akhil S Nath", "UCTnEQqPN3-Mxf5lb7TP5GBw": "Adam Shata", "UCIgjIK3i4MABCwLZoIlUQbg": "Alyssa!", "UCiBngJGiRe86tHhf1pjxkcg": "Alex Orozco", "UClrceBF-Wk6x9FzjI36FkBg": "Anthony Norman", "UCUx9fsJNVvuVODfeKMKQxng": "AvianNumber93", "UCQ6lZ5fw8UZ-Zc7OdjN04AA": "Allen Rylee San Juan", "UCcDxZNK9abF-qXNZ6Ck1L4g": "Alina & Van", "UCmzDMqDOYyo9MAml_TGCRAA": "Alex. Xela.", "UCLkek6eOFRVpp9qHMkli62g": "Alyasa", "UCnTL6I81EEgGctlOkBI1ehQ": "Aneesa 13", "UCcHddDyAxpUERCduaXrGpXA": "Arrr Groundup", "UC_u8F-ceYw_IJgNLuGCZwqQ": "Alfredo Losoya", "UCFP4ZehlJbH9-J3FdX177Ew": "Aether simp", "UC3ayBEqTdpGkXCzqstYOX0g": "Aryan Atre", "UCCZHn20izfMtz_rrSUEjcTQ": "Ava Grace", "UC-fC52Djm9ZtXOhXUVlze4g": "Arun Prakash", "UC7SMwcrZJ6LXPov2n_IhpnQ": "Amanda Brunette", "UC10g5xNyyAOxsAkbcoLrnFw": "Achilles Minos", "UCy52p0tm3p3UwPrNwv2DaPQ": "Abigael Alonto", "UCekbrFGs26B-605V9mwgiZw": "Arul tayal Vlogs", "UCoWqfn17jI0Eheql1r44Scg": "Arnold druids", "UCXRFP9ffJLxw6qHNAyG0ErQ": "Ajay R", "UC8chUEI5nBCwXqkXb8FQB0Q": "Alyss Kennedy", "UCuzNrif2Sw3Kha1p0zngOTg": "Ava Aubrey", "UCjQEJezU8QG0VC48bIVm2cQ": "Alan Connors", "UCC1dWOH9j75yoURo_ZNxdvg": "Allean James", "UCpwbkP2q7fiSSzLfVVbrYEA": "Arty Geek", "UCknd5habzzvLrevi3VrPT5w": "Aridas", "UCo5uPOyd8rLTpAuFABtSvYw": "Aciad", "UCoTA9SePUqaLZtm1Zke9NQw": "Anthony Rispin", "UCXiCkC4SSwQy4hy03azyV5Q": "Alan Chen", "UCjrdwGAFaR5mr79Qq36enXg": "Aman Shan", "UCz6XkDrMvPfJuIoZvAEuW1g": "Amanda S", "UCnnHB2eu039YRiFAtqSxrFw": "Aririskyr", "UCDtL6rgWFNtIr43cFh-mucA": "Aaden Leon", "UC9fr9718yJy7rq3a70gFOVw": "AtrocityEquine", "UCEFDgOhjqLEJs4FIgzIfITQ": "Adriano ferreira dias", "UCJuqE6dJNn0c8ZDvWIqUkXw": "Angela Ap Machado", "UCZhfTYZNmeHCTtWp9ugLmqg": "Angelica pagan", "UCEbR1r6y5NLEcRKLGwf7PPQ": "Amy", "UC4fdG-NYJVIwqVnVb9PCY6g": "Ari's Art Stawp", "UC9SNGd4I13LfDdZFy5zMrng": "AgentPaycheck71", "UCI09pUasyWXvCQFjtb6MpcQ": "Abby Clair", "UC1LXb0uhcYNXFzPtb-4BDWg": "Allawan Ahmat", "UChtSr_j8FMfiVF5Rv8DXzlw": "Antonio Arellano", "UChLnSthxV0G51rddzTdIrpQ": "Ammie Huang", "UCnSZU-ZSRTGioNElBN9Zaeg": "Aijalon Alxndr", "UCHN2Vdj4RI5_IsuKrL63AAA": "Angelmy Demie", "UCgs_swemMxfXQxuecfhopoQ": "Alejandro Guillen", "UCfkvTYgygqiRSkL_117sAdg": "Anna QT", "UCQmkE5J1An48b972sssgtBg": "Akadius", "UC_xIjB5a2PAqM8pXhNBdLcA": "Alex alexisalexy", "UCSpp9ueZ8ZS0GQO01toqfFg": "Arek E", "UCfRyc-fVSgR8tVmKP2bZXXA": "AA AA", "UCy27lukzAdGGJhTluWkjYfg": "Ava Chloe", "UCSxICcSSTmxoNcTN-CUAiCg": "Ashley Chang", "UCfCNxTkalJzBh9IvEz7g7dQ": "AlexPGYT", "UCUa6iB6-0JLLNhL_cUKiG5Q": "Allan", "UCVZ1sqkrY48bqi-q14Nz-5A": "Anzac Sa", "UClg71qsW4Ceaz8fQQ-Qaq1w": "Arif Karim", "UCTx-V2edSChw3FmCaJmhYrg": "A1 - ZoloSolo", "UCLBO4Zq8UYmr9hPH3k_yr1w": "Anah\u00ed L\u00e1zaro Vasconcelos", "UCTi4Oem-BFpSgosrfuQ-ypg": "Afg Gaming", "UCkAZpVds7zrtrOZD2n2E6lw": "Al Skeno", "UC_Mu_GKgzJTo52tLXgbFvgw": "Agustin5480 :3", "UC0Ca3TFIVccySBPOs-99RBA": "Ana Hernandez", "UCS7vfDRu1rafWNVOzUc68PA": "Amanda Thomas", "UCzceBtmYg_JQJvOcpu0_Dmw": "Aabc Ddef", "UCOHvNt0aZgw9ivbZWkMTbtw": "Andrei Johans Ramos", "UCQXnIXW1A-0BxddL93N6njg": "Abi Tavajian", "UCtKwyv6fjiH_7Npuqm01Jfw": "Achmad Reza Firmansyah", "UCwpVSCceZqMTJoKY-DQIftw": "ALPHA MAN", "UCxsOpN3WqyHB4gxUGiKTPbw": "A.R.M.Y \ud83d\udc9c", "UCrSgRmOUIpMaTZox6eXkgVA": "Alejandro Gonzalez", "UCWt1WvhBsC8-qIQ7AHTRYiA": "Amanda Liddle", "UCmH1-Vhb9Y18GQSGutHtTyA": "Angelo Cortez", "UCaH3OcnFj0H5-yskyX3-IzQ": "Aknur LovesJimin", "UC0Xx4POX3RsSKI_46sX9APw": "AJ __704", "UCUutWm0JKOjzjJHzs8xHrOA": "Angel Sabharwal", "UCFlwtJcuBK7qqgCEmmdx-bA": "Amelia Prosser", "UCqikcfKhz5s2COZd3mS76Xg": "Anika The Writer", "UCQmWSpxgMKf9etAGxAIe75Q": "Andrew Roby", "UC5RTjjGQkSynTekLtrx5S7w": "Ashish KS", "UCp6qxotCen0a4EguEVu717w": "Akmal Harith", "UCrEGDxx6SgOawaASBB4Udew": "Allesha Kunalan", "UCC8NadwmgDy_1COKYK3yXxA": "Acer Chromebook", "UCOB5P0pf2z9XpCdmiJTGiIQ": "Angel Carreon", "UCwNMfh2z6uBrGIjLgJIaFqQ": "Airin Nurhayati", "UCKSS4jLnmP9nPpZYy-UONJg": "Avi Playz", "UC6zKvSm8WqRS1I3EbQCtRFw": "Alan Piedra", "UCCmbD5G0aNgBsNwJR53OtHg": "Aurelix HD", "UCcejYJhOWRoppoIQqPW2asg": "Alan", "UCUoLnpTz8pIdZapYeecDskw": "AlphonsoEpicFitness", "UCFVTLK62KZOWz40D_zvoovQ": "Austin Huskey", "UCahwRAkfcrFNDLhLnm_E71w": "All Day", "UCCHejXZnEetWVLV9oeLpVHg": "Auby Lou", "UCESyD-vBL_durHKV1M_LVcQ": "Aino Koskinen", "UCgrXsE8dyUZ1bk5h5YE2ojA": "Amanda Thilgreen", "UC5jdqHqSaMYaQ8LFpVVt2eA": "Alexis Lawson", "UCvlSZs5P2xYCn7lL0RzBSNQ": "Athena Knoblich", "UCs5B4QIEOVIMNeo0RLQhYBg": "Adiv elis", "UC1oVCGp6hunD996hShiH8UA": "Afairi", "UC0RI7ID68bZONB4x4ECEETQ": "Anaiva Esquivel", "UCxzMa17atX8TKvrkb4d0feg": "Abbas Alesayi", "UC2q5lU5Z4fGj7h_f953DzHA": "Abbie", "UCQLvCv0OleWnNWKT8uCtKeA": "Alena Campbell", "UCmPNJ8lsz7yCm3jlZCORiCg": "Andy Chea", "UCh5pGSJXuVAXmUedjGB2JEg": "Alexis Pagala", "UC4F3wF4AWfXGdvIpeVYs0Mw": "Amy Playz14", "UC6TTtn8EzBSxlqfjp402Xmw": "Angelica Colina", "UCvWlSDv2n9PvgfSzqqmQEwA": "Albion Takami", "UCOqAuUcpSufbhTgic3rjAKQ": "Angela WANG", "UCwYcE4bccwbwAoDdeizhHNg": "Angel<3", "UC7xmIDJXqZnFdu0HQfkb2Xw": "Alice Walls", "UCWH7VYuJRRTc-krdHEcsC7g": "Airic", "UCL6qtgEk5K-sItMZijZG_ZA": "AyeItsNyia", "UCrNzYofo9DaP20P3yLYwyxw": "AngelicaVincea Estrada", "UCXwNcINjn24MiGypXU4Apkw": "Alaina Kunjah", "UC2o69hb5LA2oMxe_BZal7OQ": "Angrey Hewe", "UCVydxmtmsMBciO7l5hQPRig": "Atomix eagle", "UCBKqDwrL5aX6V52nBl3Q6Kw": "Ayush veer singh", "UC6bJ-oXN9DIUAUbIhAwUhJQ": "Aneru", "UC3qZSOMmhm7WjkUR0fXeTOg": "Andrei Lupin Bravo", "UCvu_LrdP0_TQvVigRn6Y88Q": "Angelina\u71d5\u71d5", "UCWDKK4fx29MnjehPZaq_62w": "Adam Husein", "UCrXDiUib49Ma5ibLBUjL_JA": "Arun KP", "UCgDsvWEHa7S3CUt9pcvZ0kw": "Andre Howe", "UCgr6bH9P7fhtpsvzU2BGLyQ": "Alfredo Hernandez", "UChfm1mBzosrNqO8il3U1hIA": "Allison Combs", "UCXEeEboG9HVewOHU-2J5x5A": "Angel Juliet", "UCftvconvajatcV6-7XefUWA": "A Shot of Whiskey", "UCTGpgdtqPqp9QPytzOkElbg": "Abraxas Virus", "UCKgxx6R6M3nSelbO762mYXw": "A J", "UCIML3HQ8UyhM4zJT11Apc-Q": "Aybaybay503", "UCI1ueQQy_G9HORAMgBOUhQw": "Anushka Awasthi", "UCq6Ub2s0xdLSSd76AfX3Ssg": "Adriana Del Villar", "UCUR7NEAVlka3_s30a9Q_LEA": "Amanda Guest", "UC2CrKb88O4cWFHYZ2RBFggA": "Amayawolf", "UCDMq5Glo29DjHzgJR95VONA": "Aria Mia", "UCIOdlMGdxXq0P8Kr8Ag9rDg": "Aisyahapriza Deviyani", "UCrJRsjZ7l-vwl4-g9L3HaBg": "Artorias", "UCLJBxuD5Mm0pvSYw1snRUqw": "Aram_Gat\u00e7ha", "UCzwX4nxcTpwA_L-NxJkMyCg": "Anime Freak 69", "UCI3aKK22qznI2qxnvHa_V5w": "Ali Jamal", "UCC81wdhhSsJ_iIDEe9yoJRQ": "Aubrey Grace", "UCM38UOzGbFn1Gl5ECRfxF_A": "A T", "UCdU-xr4gomjuGxeJbpRaxAQ": "Ak", "UCu2NWo2rSuFgCMpgZ-MBNag": "Ariss-", "UCkRUBwChxXpEzg1zZsvr8GA": "Alex Druzenko", "UCkNI6NWrf201Zt9LHTle68w": "AceMechanical", "UCbWBxPbecfg7x5EIQQ9rv7A": "Austin Jahner", "UCS0Dz2t_HI_EGzDHd7B3-RQ": "ALFAIZ Shaikh", "UCF4g2YYBDYLZlBfjxXsuhQg": "ART6_ SSJ\ud83d\udcb8", "UCuy3YVLzpi4MQ5AQCaxCxNA": "Adrienne Bazemore", "UCKuy-WLdmEjbrUcOsrx_xHQ": "America First", "UCDqv4lAqy2pCDQrsSzxhG-Q": "Adam Fanning", "UCTlsZGvTjlCHg8Cr-Y9E2Vw": "Athan sandhar", "UC7U9Dh7Qu6NJ3MxvWozjHjA": "Alexandra Kharchyshyna", "UCp9n9RjsDJSrFqGZ1UA0i-Q": "Avery Zoe", "UCzYsCfDJC3jJBE1Gq6pnAdg": "Apollo", "UCABp0iqJngbor5bazA8cO6A": "A F", "UCjp91mMCcaYsxCoFL9PjinA": "Atimar", "UCdAqYTj5ypnZ36gvN1HYpBQ": "Ashton Weaver", "UCqSgBJPRC1ru84IVxkWkQLw": "Annyms", "UCtNjzLr-0Mu-sqyuJUWwokA": "Alex", "UCGPvZzYV4l4n75nbZNo7pDQ": "Alwin Uding", "UCFaYgUJcGD5b7fJ5mIO4AEA": "Agent Trollfather", "UCkAw5TIeGIbnj1yRoxsIRFg": "A ; - ;", "UCOFklCklFZZoQ5vvcggYPSg": "Aryf Mac", "UCOFxZYqY0491aHWU9TbT-bQ": "Anthony Ellison", "UC9zsgVdmgF-w8CLhUPn4iFg": "Aaliyah Wheeler", "UC04Wp9BU7YiZ6SMz8lVDXPQ": "Andrew Hofmann", "UCFEm46mKVaSWuK29HZVbVxA": "Alex gacha", "UCy2b0CMmU2OY905F4Kbt31g": "Azeron _", "UC4WLWiUdi6OdsQgF9AiXVkQ": "Alex M.", "UC_PqStRLSMZTpQSl7Lxb--A": "Alcaraz Luis", "UCRodBnJwCL9C58Etg6-dT5Q": "Akbarjahan Sanowar", "UCqW6OWKcxAmroxUhfslUGww": "Austin Cummings", "UCDH4F61abxb4jOdZEjmm-rQ": "Abdullah Vlogs and videos", "UCYAWeQcZIMfPQDcr2LSJpsA": "Awesome King", "UCg0OwKzx-lY8OmIrwRtRzBg": "Alexandra Torres XD", "UCG1kWbT0Z4raMxGVajBP99A": "Alica Zhimomi", "UCjDFyIV12q2mtIbbat4GZ9g": "Artymis FF", "UCzJeIM2G1MXM109ZAbbrq-Q": "Aaron's Future Kid", "UC8uti2bGMNwPNgyIXx5c7-Q": "ARES", "UCm2B01R00TrkeeoXU2vV1iA": "Alex Scuotto", "UCf7xPIBGXVVZlUONtMuLpDw": "Alexis Murray", "UC0Hk_vkAnR4vM_EIhhG17Rg": "Angelie Calderon", "UCEYtltT5QUaVRG_YiGG6a3Q": "Alexander Ian", "UCoOBzlH7xiyz17nKDHAaZJw": "Aliyah Mcbride", "UCHFAvW7TzADfSw-eYb5fjlA": "Anna Osentoski", "UCurVolVli9DuNipLiuMhXMw": "Adara Nova Tse", "UC4iHjaZ83Ih62oOB3OAJj3g": "ATM", "UC3P_gpmIt9b9dyD5VdzE25Q": "Axhyut Khanal", "UCqRXO86JzFrcYB5cEeakXgQ": "Anthony plaskett", "UCmhW3lmjCkqN9pSqNKLxL1w": "Ashley Gilman", "UCPg3ltws___IVn6jol-vkuQ": "Ale Garcia", "UCc4v_h3lKDCgvFb6AKJVEhw": "Anthony Poirier", "UCcjTk4mcalDz25YkX7d0azA": "Anthony Duncan", "UCQj0KviqzvXFY4Nt5n3RpIQ": "Artur Turk", "UC6LEtWiQcZeG4UuRNzcM1ZA": "Ahmet \u00c7ankaya", "UCc5VGXEz09qVw2CujCMMe9Q": "Alex is out", "UCtUkKYyRmHVXau4pz6FfRcQ": "Angelberth Abaa", "UCGQUQo3wgBfB3nuD49J98-g": "AlvaroRaul05", "UCJCSlfzPjP1UBlqhoKgqj8A": "Ant Wilder", "UCdC7gvE1UT_mYSp121EolIQ": "Andy Chu", "UC3x9jAhlKx5Vz9-jnro5soQ": "Artymonkey4 5", "UCeWrb3zJpHYbmEm9fWq74Yw": "Ana", "UC9NSbTBrh7EOl5xYttBPxUg": "Arimonorikiku", "UCpuwUTaguTVzyrHiBiWTong": "A S", "UCwDJPv84O48jOQGJhiomioQ": "Alfielmaoo", "UCmA7Y7QBZHouWos6N6ks_wg": "Antanas Antanas", "UCI4yDAvtNorBaqPdjwZCnRg": "AllThatXeno", "UC0OipgA4yroBHRQlCqrmCFg": "Aljerone Broomes", "UCBrLiaW3ZSKTwyqcXOoflXA": "Ayla H", "UCSLBDbSQNSoY9DeqXsae_dQ": "AYKUT", "UCxSx3ebzA0x2NRbG4T0W_GQ": "Amanda Cavaness", "UC6GyhBWZa2wLtQT6vG3t-vg": "Ava Chloe", "UCoyPbXSmlg6P08Tc9cTKaNQ": "Allan Vince", "UCiAaIb14ryvPvifyZKK_m8A": "Astr0", "UCPsj6xD6-VW2fqmOcuZ7LOw": "Avicii UK", "UCQSRTIm7HQSXL-F6zEXO-yQ": "Abby Ward", "UC3j6S1ae5-KBF2pALE6K3fg": "Andrew Ryan", "UCrVTrB_yRGazTkt-CsQcUfw": "Al- Zander", "UCbSJSpRxPhkMBBsu9LF125w": "Amy Pharis", "UCBY0-HNTiujSofAC8MO56LQ": "Anthony Carter", "UCZWYiEkdpnnLug0MsQmldGA": "Alex L", "UCANdb-jlHiAxkSiXIqGj-nw": "Alina Brianne", "UCIGc2s5hSasAKn81-sHEwQA": "Axion \ud83c\udd96", "UCpxi1aoaE66OeJ5aQDU3Fxw": "Aidan", "UCNOC0qHkdK1tg1cG_BVT_fg": "Adriana Giorgatzis", "UCn6xc13ztzwmDdEeQW7TD_A": "Arthur Chociai Scheffer", "UCLjqWPakrqQjEImVKftq0zA": "Angel Dragon", "UCEavQaROD8qQp_hhyXyC-VQ": "Andrea Capone Braga", "UCDVP-G7GlxeKtuL8J_cTZUw": "AnJiMo", "UCSjZ4ubfrEUZvdL-cSg9edA": "Annika Mangal", "UCyvH3EVGD3ehccleVqHTCGg": "Aringel Blade", "UCaG3DEPFR9Zpsv_2hhJrHXw": "All Might", "UCGnooqEETnmIH4-uSwSvmIQ": "ATReade", "UCM4ru8iWS--rg5z4LiL_NKQ": "Aidelin Cabanas", "UC0pmIts5yQAUbm1GamZQYnA": "Aidan Johnson", "UCGU8jnLdlfzhV4Ls4qrZLLA": "Amilya Malcolm", "UCd9kUaaM3NAEKyrdyoWbh7w": "April Martin", "UCcSm8akxW0LQRhsAq17YMMQ": "Alan 59", "UCN0ayw0IqA8vAXaDow9Byeg": "AmirParham Paziresh", "UCYEPvwa7xyv5Cxa_9aLMz8A": "Astro:Inc", "UCsupPvvqLFro2WSwhQcYgww": "Abhilasha Dean", "UC7W1n4GsZG4xJmj0AONhIxA": "Atmadeep Upadhyay", "UCEg9B6R4Gcfc_OxHrUq4yoA": "Another Patriot", "UCnJiVnST2_Hqdc8ugBiwZ8Q": "Arjun patil", "UCO6rw-wnmDLhEMIarpYurWQ": "Avoid Sky43 on Xbox One", "UCvn1Aqwgwb1Lwm9IFNx5Few": "Anton Dahl", "UCEb9_ZyiiKRzzC-3zYZOkYg": "AdrianFox2000", "UC4cDrKe203Jr3SDUEenmTSA": "Ash D", "UCeoxBcmYJSwaVpWi_zSqKrg": "Amorr Winterstorm", "UCCKUvrNPdS2heaZftpDYaZA": "Amelia Schable", "UCP3bhQqZtWSxtA7Z2-96zvQ": "Andrew Moore", "UCYf_TV6YC_QgEs5Vqj0DvfA": "Alfie & Ava's gaming memories", "UCc2exBHyTm8dx_uDTu8Acyw": "Austin Wiley", "UCm-AFv-wHEtWrqvkhOTyB4w": "ATF", "UCLTZCjDuPWyeApV7MFrLmyQ": "Animalosi", "UCY39SFa-WG3Hw0J3jB_YCrQ": "Aenaros", "UCmo-Nh19YxB7mPYUvXP1odA": "Ali Raza Syed", "UCHk5FrNmQd5I0KHcEna_WkQ": "AGRIM JAIN", "UCaDBNZRolAavM8FtxVQQ8uA": "Avacad\u00f8Nora _", "UCuby5msrnTJ0XH872UlE65w": "Ameth Manansala", "UCGLGT48g6eHJTONrkHd2T3g": "Aldous Serious Punch", "UCNqDobKc5ptdo-nbvhv_XMQ": "Ariel Stoffel", "UCbw5CYohxwGh49o3lge9c9Q": "Alexandra Martin", "UCpakDzzQZfU2_l0dRhQsT3g": "Axogon            A axolotl dragon for halloweeen", "UCPNFTmT473mjx7AVsortqaw": "Austin Kyalo", "UCoVQhoH7mkd75r43N4vEa8A": "AsEasyAs4CFro", "UCivvUfgZSPxlRWVOl5rfKHg": "Acid", "UC3KTSfb4VGaCWQ-RvvWqWfQ": "ASongForTheMostBeautifulWomanInTheWorld", "UCzyw4ONzbw9mf_RoKTFeETQ": "A Moose", "UCFO2chgeEcBVp_Yt4Zxs63g": "Aiden Q", "UCTBV84egvMjXFBOORP8zZjQ": "Art Kuzon", "UC56T3hzD5ejdidexW-322MA": "Angel the Vixen", "UCO_-GrPGReDPeKzVpuEK6Rg": "Angelo Sicat", "UCtrlcIuM3PUOXQjq08Pt8WA": "Abdallah Hamad", "UCwUrICCvgZBCsrRqItJmRIw": "Adrian Lao / AceAids", "UCQZ-IaDrwN9HsDhhV-isP2A": "Alliandre Anderson", "UCbYAvUKfRpkIg055icPBHQw": "Aiden Claws", "UCYoK3Jw9JQUTc_GG7E84AeQ": "A_Meister", "UCIOjDEVGRzGpT3Ev0Ilv0qg": "Ador Bacayo", "UCQkLmufUNN-z8iMPKs2qlNQ": "Akemi Yaurima", "UCnKQGMa-r1YB5u_eW9I69Dw": "Angie Castro", "UCRC9aESna18uursQRsNn7UQ": "Aidan Brown", "UCRy9KvSbezthaqBrqjQHIrA": "Aminah Abdullah", "UC-I8_re94UDJ51rbB2pceMg": "AdamAzul Mercado", "UCHDJSe599vCvSrCBbSb4ETw": "Axe2k Gaming", "UCtsjygzBn6cS4rtxcxWjf2w": "Adele Stev", "UCRrGF_k3mzc3WzZ8PnCDVPA": "AdzeADX", "UCx8B-rradeNwfR30P1G9WEw": "Amanda Curry", "UCzjD6rOcBAUiZuD8fg9JSbA": "Aps Reen", "UCOuyCOtue--5ts7HrrfxuTg": "Alex Bradley", "UChvz3cy148EDsf2pe3z270g": "Ayshe Naomi", "UCaO6ycflMMJnzULvrd4FNfw": "Arthur Rubi", "UCi3Dguc1n_B3-XCNae6F6VA": "Abigail Baty", "UC5tEq_KyLTNyW4edIF2LxcQ": "Ali modz", "UCnv96U1G5IofNYpSt_W-rrw": "Anthony Tjokro", "UC0fliYvYsWk98zAx0BrLhYw": "Aaron the amazing", "UC_Q-3rlUtVQtBTcHD6v6srQ": "Andrew Han", "UC-4_ve_aVqYfmv5Xg9rJLxw": "Andre Noble", "UCKYP3mFuZnq2fNQFGrT4XFQ": "Arek Trentkiewicz", "UC5sViDlGJWI09xKfsSbyPUA": "A2Z80", "UCFz1_ElaO9fkY8Y__ixS8vA": "Alczam", "UCGdRbWPSbOPb2WAXqsJ5oBA": "Aaron July", "UCFY5SmHEBBflAF1_1vNhdVw": "Ahmed Saleem", "UCa3UCOCwLXzvL2SsQ9KFzyQ": "AriettaTheWild17", "UCRO1KwzNsYQisvDTT65bdtA": "Angel Danielle", "UC7bTNrWOe2N95LH7pw2SdYg": "Ali Estey", "UCUrhmJwiyb_YKbjuyLFW5_Q": "Andrew Nguyen", "UCTQwus3A1ZcVvMwHIeXnEog": "Andrew Johnson", "UCtdZ-_8WsDVyBC9yMWULMew": "Aiden Vo", "UCqBcNnZHhdwF4NJ2BaJ1okA": "AmiDead???", "UCL8LJsWpRGCIpsDr4OCnHfg": "ALFAJOR CON DULCE DE LECHE", "UCmKZzSIcBsP3wwEclLyIQIg": "Artemis Wolf", "UCQ6w_6O6Oy8lA6IMMxLVYMg": "Amanda Uribe", "UC6RE5z_rbjy5HEaRakpQLWg": "Adolfo Velazquez", "UCJF1QG1Jsox9CDNErd09GBQ": "AxolotlGame3737", "UCw7NBkgUHOBjV4w-U02QQ2g": "Airon", "UCwYpsp-nr22M9ynUxcl0vRw": "Ali Tahrei Sh.", "UCvbPp_9rjViRhGDPKCu8Puw": "Andrzej \u017burawski", "UCRLWPeDcgkuOR3BZtSLYrEg": "Aramis Alexander", "UCDq5wOO8JSjjjRe6lvABIPw": "Ann Walker", "UChlahLvXX57mxZtCwMBetAw": "Amadeu Cossart", "UC5G2XhDJnsLdGKpdtAU73xQ": "Alexis R", "UC-SsIXsDQNfrP5jTImW3VdA": "Arvin Ray Racion", "UC9654Hltsl3mrDJfLJz4SaA": "Alysha Chapman", "UC9BuMt3OvQwtv4UnoKylZAw": "Amatullah Mamujee", "UC52d3aOxkmNglWh2goDybAg": "A C", "UCsHWNy1MRtuZ_COs0cQdPKg": "AwkwrdPrtMskrt", "UCbtcTnVz-FXWpZHR-5TyQlw": "Andrew Kroll", "UCT73PUesKpIpmSHzdIf_8Bw": "AlchonixCody", "UCswP822OGKe1qglSeg2Lqpw": "Adam Hey", "UC2r3gl89IJi2N3htivrSOmg": "Ashley T", "UCCdICtLGMt1mkdX_9TW7FQg": "Alvin Kwok", "UCWcjLwNWgssRcjDcegR-Pfw": "Aria Zoey", "UCdQk9azS60yXyTjalSJcXHg": "Alex Amerling", "UCm9FYZDz85Q5o3J_MajpAbg": "Alwyn Nito", "UC301-NJaRHBkop3FtQYZkIQ": "Aldo Urrutia", "UChF5lhbXP5jMmMm6rBf1FeQ": "Adwin Chan", "UC-PYe8OGx4TiDI4HEnKH4Tg": "Alexandria Drysdale", "UC_rmW73rrC49dCtHHtmmW4Q": "ACP", "UCmCcjwEOV8dpP2VVovfZGLA": "Alt Account", "UC-zQiW1ZkmEaJRK9euv4QKA": "Angel Hernandez", "UCiWCsGYyC3Iki57JnrClLbg": "AARUSH ARUN B 5B", "UCPaEpu_2asAmRxl6YftClLA": "Adam Scott", "UCc7_I96VhTKQXkVcK5F6DxQ": "Advancedgxrl", "UCjz89oKRS2c3lflkE-A4KWA": "AAZombieAlex .", "UCviWnVWLC_vp-xfDlLiPBLQ": "Anne the Nurse", "UC1v5k0swoL7nmQdHuwA46GA": "Aya Abdalla", "UCZqCNGcQUJceHUOXFOeuPkw": "ActuallyBear", "UC_Truz2IT_tn72rwKAQ2qAQ": "Adam Steinkirchner", "UCTGfZjZls8Xcrvs_vPC0oXw": "Arpitha E Wilfred", "UCbYPwLRH1BQ4iMVkL5YzzJg": "AMV's //WORLD", "UCEwRagFWxxPj22Wc0XFb00A": "Ad31", "UCK3i9B79_-UkH_cZCrhG-XA": "Aidan Maloney", "UCUMLFrkLBylkqiTY8FosTog": "Adam Harrison", "UChmzO9fgMo6AvoZPsC7pGOA": "A OConnor", "UCZ4zxYnQMXtm9XsceSFJkDw": "Arsenio Rios", "UCdqrFnIxB8Rg51ElTNX_qkA": "AGuyWithGoodTasteOfMusic", "UCTn5gP9Bt1HBNMnvHHpa57Q": "Asma Imran", "UCar6tuCGai06QqJfk82kmrg": "Ashlyn", "UCPR_J3CYzPSRG6wncZUQU3w": "Avoir Joseph \u2022 5 years ago", "UC4LSneweXGwvG0ohQGCCeMw": "ABISHEK P. A", "UCf4DEYt68F9tcxasgloF1vw": "Apex_grind", "UCj-ABXEA_ngq0BEG1IssOaQ": "Alana McConnell", "UCtpPWvaZZQFyyjwetQOGgQA": "AP", "UCCdX1OPU7RIjXQVLZQ_OzIw": "Adam Apuli", "UCnWfjaiaFR3igvsgL1XQJZA": "Alvaro Egas", "UCElGnWPHsBUwLXuOLK993Og": "Adam Al", "UCHzMv3nuzKZc0akCDyBApZg": "Angelina Cobb", "UCYUfdw20znftSsoEzMD7deA": "April Bennett", "UCYIw7Plww10AlnIvOGqv-fQ": "Antonio Kristoffersen", "UCJ9uxa6DVtsGhdsVkj-puRw": "Alien Bandit", "UCH3G5As9wUZFOfNlhMYl_gQ": "Ankleholic09", "UCUBnesf7-Y00hxWWmM40lOw": "Anil Suroliya", "UC_vHXmHcbOvKDN-LcadFmNA": "Ardzel Ignacio", "UCx_9vN6bD9h_Zx1fcc-KWvg": "Amanda Crystal", "UCzAl0HXLep9ykY7xOA-hsnA": "AB", "UCVm8z1KaoK8w3OLxQb_uoHg": "Anttjuan Reid", "UCTwUNKlG6h-mdpv9AtuTlFA": "Ajay Thomas", "UCRvFyUFoeta4qCAB622wO5A": "Angel Roman", "UCfngoIk12SXn67lp_pVIVMg": "Almighty Games", "UCramsKkI1BlIOgTW-2uY_TQ": "Aurora Playz", "UCNQW_LcOc3H51t7EoUAYihQ": "Andres Lara", "UCrmHRJ-vxFuwbyvjoLVFKWw": "Ace William", "UCiWdAMQVV9QgqSGpfD7qjxw": "AJ Dixon", "UC7LddDE_mxiJzzwT-tGYO7g": "Arttia Carodine", "UC9PjSbm-cPwyiIAYcmhfZDA": "Alex", "UCpijvTB55ow2ztI95asH0Sw": "Aaron Clay", "UCaaS2svMW-CefE4aBpff5vg": "A.I. Privilege", "UCUQj8p7rXXXNXVy25QZ-DKg": "Avneet Kaur", "UCe7VcAyyFCTDDhaE9UMa0bA": "Archonach", "UCqwvBccgBAlAjxU_EYgI5hQ": "Adrian Sardina", "UCA6jHf_96fAj1dBQ8kogTUQ": "Angel Martinez", "UCDW0n7QrgzaHFsNTncGs9Gg": "Asri Loremsa", "UCyldmLVjaVvyc4cPFzQw2nQ": "Aussie Ingot Casting", "UC2eymrRwW9M0DrhpOFZoOzA": "Adgreen02", "UCFdazBg0gKbmWewp08fc70w": "ANDRES CARMONA", "UC5-7VzX_8diRg6AgLFzerog": "Abbie Massey", "UCBfJEwwb21ix0Uq8AUSjgnw": "Anirex", "UCtrxNQCNRu4ZvDY70PfLh1Q": "Amanda Marcum", "UCb0-WvHxlxgcpnfpXCO1DxA": "Analee Zapata", "UCyPblD6S1q0UUwB8UR0GlKg": "Akura JamakasiLOL", "UCaD25m_Ul1h5k5Paxodb7YQ": "Allan", "UC4bOexaL5t5GwSZrSo0z2tQ": "Amanda Anderson", "UCvxPEQjIW8DRjVIj3a8WPQw": "Adam Owens", "UCboXvsVDG-_bWLK9w_C76vQ": "Adam", "UCfmTdczHNrOI7zd3_v50qhQ": "Anwarul Bashir Shuaib", "UC5t6w_rxFmynedPRIP5Rj7A": "Alastor24", "UCCXzXSA-pS1cYa4WevmbvGA": "A DUH KIDFLASH", "UCOqlJwNUkNVM5TbvBUCAfZg": "Alice B.", "UCOmdQAIHzs7rZKwyp3YDr5g": "Ayelen", "UC9NF3hgHamOxX6AdbSgnWlA": "Adam Harith", "UCZDRrCWkUBNmWtNfV0LKj-A": "Ayham Barto", "UCaOT07vyxHMz8DO8yZQ8FPA": "Ajethaph Vespere", "UCFbiDetE-KRWlH2bJi2usQg": "A110 coolio", "UC65SKuJq5vK9BgV7CDXsMQA": "Aquila of the Dawn", "UCscpfcx-LXcRwnSOZo5Hfag": "Anony Mouse", "UCZR2dV3MHckD-_eFoefcIgg": "Ashok Saini", "UCK-8ik2vQJZtuGBcOxE6XTg": "AR", "UC0gUaU3eJqjiOPyGYiKIIlw": "Arcadian", "UCP7FinhTB2NVtmPhHx1W40w": "Akyo Gaia", "UCWxh8WVm7Y9l1_1XpGOMB8w": "Alphawolfpack101", "UC7rmoWpu8PVAgqIPX1LRJTQ": "Agung Mahayana", "UCqL0vKt6Y10SU044KRMprOA": "Ash Heaven", "UCVtAhk_13rk0QdL5w7iyAEg": "Alyssa Kanonno", "UCyLXAXFIs8gGWtnhICMEZmg": "A C", "UCZBmjdutHX03HZQzSzRc5BA": "ALFRED GEORGE BAILEY", "UCOJ91luLw0eXhgVdGX7ltrw": "Aaliyahh", "UCoFaEmZjXWqDZUJvqaOBd2Q": "Alida Perez", "UC4YoB4aE2dPkRjR9vGnqacQ": "AMV", "UCp7kEH8ZA9ME7dzVbs2u7pA": "Alexis. Chloe. Kid Martin", "UCWNM0QPXB3h9O2i6Q-hxeKw": "A'Laya Scott", "UCk27KUv7tijdK9yoRMr0bPQ": "Arturo Melgoza Vega", "UCnsGvaQlx5WBlmLzg2R5NOA": "Adam Brzozowski", "UCdYHKfIVOQsy85ZJYKEHt4A": "Anjali Baruah", "UC6PRD0nW66OEbekGM85i1ww": "Abdul Mukti", "UCLX7JoMYOx2LdytsYS4keUw": "Alexandra Andrei", "UCh9W3SJ3dLOPXE5yc9zBt2g": "Apila Basumatary", "UCEkHuyKv8-4AJtum1jH8srw": "Ayatkhan", "UCEdXj7rNJl0f_fWi55EPR3w": "Aidan Vichinsky", "UC6gX2WMDfhmvPJV28uwLUbQ": "Adam Young", "UCvm8cccUDvXDPbUB-A4PNmw": "Ashis Kumar Dey", "UC6HeEqXf0CESbI3bXhtWC1Q": "ARAMIDE ODUSOTE", "UCKXgS8IHUJj4SXc6j0f6Ahg": "AJ J", "UCU8AddwzjiL1t7q9tMZdW0A": "A P", "UC5wIytn4_OQqUeLfJxWXAKg": "AL DANTE", "UC8AZZVs3ZsMobFdQwAtK-Tg": "Aspekt", "UCDB9Wy1-roqiMzNCPpqXXEw": "Avinash dua", "UCicRDpsxjed7nreeBHrabpQ": "ACE OF SPADES", "UCYoRXz8Iat65pAYyRobFuHA": "Agus Cupertino", "UCwAdIc23B1OgnFwojSeuaBA": "AlmightyJ0RGE", "UCyCd02RNcf0LNGe6gdt14Bg": "Ahmed the Infidel", "UC55Q1LReWK3Jmxyq2JIiYGw": "Alvaro Marca Flores", "UCHqfSmtWvyeDdQGktozjykA": "Aftershock4g", "UCdZ8xpsLc5F50ivj29yk9qw": "Amxn", "UCyWlTaKGic8RBiZtP-E8HFw": "A Bowl of Sangria", "UC5iO5uNQIiZc6g_s8mqgFJQ": "Ashtons Hangout", "UCwhJryL97ZYJ2gyoY9gMgZA": "Aarav Sahoo2017", "UCRrSTbfX3f18ksYXPs1GgtQ": "Arvin Jr Severino", "UCaQWhFQfBcrgjd5jfi9voBA": "Andrew 149!", "UC-dQ7jqY2ZuvETx1PTo8xZA": "Andrei John Serrano", "UCIxU3MQsWZ3H1i3UV0nl79g": "Amesome Man 33", "UC0M3ZqWDfkXWFwddqZnknsA": "Alexandra Baldwin", "UC-7KPbv27qHAOaFw0Fp_L-g": "A P", "UChm3hwhOq4ZcLbAzWkZvQSA": "Aurora Iba", "UCp9cnl-6u7O5euOVcC9vQSQ": "Abdul Talha", "UCP_LUQy5mR5qbFc_KM-eTGg": "Aeron Vince Sison", "UCKN6V6bCAWeRIqv5un0RlNQ": "Andrea Sanchez", "UCfFjScK82XPpn05Bt4m3Rmw": "Arty", "UCfuWgFKKVQgOAEj00oS2IXQ": "Ashleigh Benois", "UCjmpLk0g5rZCcPRhPlV_D2A": "Arunee tangsantipab", "UCSwb9IrIJUm2TVaT-K1Cszw": "AZNAZ", "UCgysLgJ2tKS6PltcL9cFzvA": "Anthony Piellucci", "UCNWLoh68DMPjKQ74GYbQD5Q": "Aaron Hrndz", "UCRXjikmAgQhuHJpErlRIG1w": "A C", "UCELQfZxvPK7isIHcFgQNamQ": "Arkadij Ragzin", "UC3UrhR9nw6DG4mKT2dHBJBQ": "Andrey Zasenko", "UCtD-k-Tb0XhXvqBUxHqLoeA": "AbAhRa evi", "UCRQsSm2tOEU5a6cz6ypJKfw": "Any Right", "UC0W1fANYVgV5vkZl6XPy01Q": "Akashi", "UC0UNEz0UDHJY6QBbsb4ny_Q": "Artun \u015eahin", "UCIbbPpL6DRd1BiJ6hrE-7zA": "Aulia Syahrawani", "UCmtUnj_2ZFC9H0HwEt5cIAA": "Andrew Carter", "UCf4xhFf4GxFT-y3EBQdgc1w": "Abdulla Mamun", "UCMSSamcgMcr_1uhW9rx_T-A": "AXO delete", "UCIHuB3k9U0LJr2kqpRKc9Sw": "Aldrich Ebenezer Fernando", "UCqFm7n7yWY29cD1FbF62Jhg": "Amamsurri", "UCbWtZDvv_QqNBdvLdbvnsug": "Alex Brenzo", "UCpC-gtrQds9OP2NqEPyribg": "ARMANIX", "UCGv3psdkYZY5OJI1qfcwlTA": "Arraf Labib", "UCGXs2Oj7r7w1jSFqj5cNXxA": "ADGAMING", "UCXq_onSlNJ2EP7g6i_yJN4g": "Andy Rahman", "UCfp06NXxSr6ewn1JclFf47g": "Aidan Hogg", "UCYOo8hwze0XM3Wa7gmSnsdA": "AP Maffs", "UCzNho07KgttHU_wYBG2hikg": "Andrea Argumedo", "UCAanACoo07sIk3JYAircCqw": "Ahmad Alhazouri", "UCkoFAi4HAlFrLBC9YAhZcBQ": "Amber Gildon", "UCKljT23SaM3H18muQzX_hgw": "Armouredfalcon", "UCtD936MwQ6qPxNmFvkvH4sQ": "AtxmicWtf", "UCx9ZlByuc6RkTYZYt2UxhPg": "Amanda S", "UC15dBlqqS39o-hX7-Ik-xXA": "Ashley Atkins", "UCuFPJgL8dgWNc-0w-nzsrmw": "A Tech Inquirer", "UC60VCphpvaBB0c-STOZI-PQ": "Andre Price", "UCwTLGzLrITcWBW-hw4dJfZQ": "Ashria\ud83d\ude0e", "UCePVqQ4LrqEJWDp-eOiBrAQ": "Adriana Solis", "UCPTjhQ4Y2bLAjdIMOB3T1XA": "Alceu Domingues Alves Filho", "UCZbEaXJJXulIL_0bXJxTvGQ": "Aaron Howe", "UCehXU4NI1qNrqXLzZgPkIZw": "Abbey-Chan275", "UC8Apn3PpRgkxa26rP--eLKQ": "Alyssa Meulbroek", "UCQUfIj637SUxtpkzsWwiSxw": "Andrew G", "UCqy2TxVVleQXxlCI_tSXn0w": "Alfred Soul", "UCKsJv16UjwUzSlKY4BT2T0g": "Ari Flores", "UCGXv57a6y-dx1AMh2eYq4_Q": "Amalia Ramirez", "UCInxzd2g61wXpopSQAQC8qA": "Ammales Singtaweesak", "UCKbbJAkC7KsfWT-SqekssHg": "Astarte Themoon", "UC9K4dTYHAv130aINMCf-drw": "Annamae Feldmeth", "UChS2SBPdbpuWFvPJhSy6F3Q": "Ariza Cayao", "UCpaLm32UBXT8KwUar2_UoJA": "Anees Ahmad", "UCgxzJ23p3aiSbheiPdFUU2g": "AASH TheGameMaster", "UC_6n_Fazz6RZQtul1FkBbSw": "Anthony D.", "UCiLvyTr9YlSi3N-9gFzF82g": "Andrea juliana Rosas", "UCOLGCvdDVrTUWIlC8n_6YQw": "Andrew Winterdawn", "UCq_N4lwhnPz0UqJ4V8H91NQ": "AHmeD yaGeR", "UC_-qTTWUS8VtaWk69u_47ZQ": "Atlas", "UCwJtb0N_duEY22BYvmIqtxA": "Allie the Pretty Gator", "UCIsQlWOZAd_sttRmRjHHSnA": "Ayhie XD", "UCtqhIzzj6V7qGzAYaB8hsPw": "Abz Haj", "UCxLMeUPQ6PU49OGUZsQsiBQ": "Ash Stubbings", "UCSNyCAWjR12gMc5xCedvEPw": "Ashuthosh Sheelavanth", "UC52QezlA_Xd1yZMp2zGWsQQ": "Ape Jr", "UCnl-P72a1GjqbbMxqdhTxaQ": "Alejandro Ozuna", "UCKq9c1vr7FBqgQ20-iKgqtA": "Akshika Patel", "UCQoiGRb1m7z0wEuM48IYcvA": "Angelica Feliciano", "UCJJEm-LQC3MlswGXdKSlXfw": "Ann Tomlinson", "UCRNKNFuiw0MIkRFgrLmUS0w": "Animation Time", "UCykZ3yqFEfLoi00xFMWfCYA": "Analynn Garcia", "UClQF4Y_7w5xFqXFHQvhMTIg": "Average Neon Genesis Evangelion Enjoyer", "UCB8amsvGYesHXbZYXsZgxmA": "Abderian Agelast", "UCfE3y6cxAInFVklT-r5KL3A": "Aaron Kincade", "UCuBA60u96YzgeJzm6h-7GoQ": "Ayeitsalfie10", "UCJkbqCOyIMelQB5e1ef2QkQ": "Aakanksha Sharma", "UCbndqQ93Yki9i8svq_AjWTA": "Anonymous", "UCekpbSHDtdfYyVYTGPjza_g": "Aya Ali", "UC8xOHMwUTETqybwnEVyGObg": "Angel Gaming", "UCITHXwksqHQ08DaJfpnpHTA": "Abbys world26\ud83d\udc96\ud83e\udd84", "UCR3SSdV8ytXmObgi6qImyVw": "An Eye", "UCg2ZVVhfVoP-RM67rFwZBig": "Andi Fuchs", "UCziKPEKiSpak6Ne1jp_qRmw": "Ansu Fati", "UCtPZjs251WZfkC3NLRdGAzA": "Alejandro T", "UCF8lqKi5LwQNOQS3yFlzezA": "Aimie Needa", "UCw5dYjqVGedGV40FsLChmIw": "Anthony", "UC4ohHJne3pFTbaaEeVtH2Rw": "A Rod", "UCbGtUwLP3ObXmKIY185A2JA": "Alyssa Olson", "UCNY-o9JI_pdp08pu0ekH1cg": "Aoru", "UCaHyre-PboQQ5YolUwVkvSA": "AidenPowah", "UCI3ksx3VDOpkrf4Pk5TZ5EA": "Admiral Firmus Piett", "UCAMkkMkoREibBOoNv_YY2Qg": "Alana Morin", "UCfSUvhefVnTS7jlgAU071cQ": "Amberly Yap", "UCEszrr4yg86RetHqOKiHTHg": "Avrham", "UCDMIjWr-HYk4aDZCk7k1oGQ": "A Nazi", "UCHsA7zmDOU1DUIMdS4NM0ew": "Aguila Mayor", "UCLRVmVTUDcUu-RpX-AYnWvw": "Adonis Montesinos", "UCxT2pUoq3wIt-3s3PTbD_kg": "Army_BTS", "UCTJV-Ye48zayfRjb-PEhsmw": "A C", "UCC0LieGhvBc7rUkDF7wMkEQ": "Aryanas random", "UCorPAsyyXSs-fyK6Zfoumgw": "Alfonso Bejarano", "UC58106mt3jjq7UVPJqdHLVg": "Abad Navarro", "UCnZZ06ZYHqAhswnKY1UPOcA": "Adeptus Evie", "UChfb5R_xfCodFaLQ7KQEw7Q": "Ayeman Puri", "UCW8EH9DDxToQyhY-Zp5InXA": "Ash Tiller", "UCnDugWYZ-SQ3zcmu9wgq-wg": "Abhor", "UC2u9eH-GrBxQ4a-ONfG_97A": "Among Us Content", "UCRgwQpT5PAIxnWNCGM5J_Uw": "A Random Gentleman", "UCvjJs3Bbr0KZKp4LeI1Ro_w": "Amanda Lipitz", "UCv2DBLpzQwD-EdDlba49Pww": "ABN Nuzzi Nicholas Clay", "UC_vOhbgRVibb03tZH6s33hQ": "Adnan", "UCZWg2ijpuXmtJQUm4Qafnxw": "APRigs", "UC1C0TsKTOb5m1Fz1K8tSIlw": "A Varas", "UCFDSnRtB5takBqebQzy7ASg": "Azhiel", "UC14LjYAkRCGfAWvSKa92WCw": "A Rodriguez", "UCnm50fk5TdDpAwQGV4OZeFQ": "Audie Vargas", "UCN_jg2ex9gC5rNT2jRRN9cQ": "Alex Vanessa", "UCEP4HMc83nKfKY73Z0B-GiQ": "Abdulaziz Alshihri", "UC7jlfSN3TS1liRS9EgdUuFA": "Alinta Richardson", "UCezuLxM2z1LX3J4MYlIYZ3g": "Alisha Smith", "UCnjPSgDqQSKO-E8OD5JSbfg": "Anon Ymous", "UCcxV3xVw6PKaIimnSpvyIIw": "Arya Jagannadham", "UCtbhYQNodZdEugxMtmesOYA": "April Scheuerman-Valencik", "UCgRDRFmFP3mGs1ri6kcesQg": "Alex Alexander", "UCXNhUlA5yemxQenfyQO3x9w": "Annie D", "UC0gmhPq0mV3gMDBeDIuG47g": "A T", "UCwc4kyWe-9S0NktCY41P5lQ": "Aaron Nicewonger", "UCsNJWH2xL8kIY-kwyNDfKFA": "Ankit Joshi", "UCLWzBlf_qVpa4IrhKbq4IIw": "Amulya T", "UCU6LX0FpMBmbkb5uzmpZHXw": "Anastasia Barnes", "UClzL0r6zQOA3M0dDBdSsOFA": "AlexandSteve1992", "UC2LOrgcfelm35g-8hGZv_Sg": "Athirah Hanim", "UCYgt6NGC7ylRPxbzGlTRVww": "April Adair Shares", "UCoDErIgyqO8qmpSfh8oDrcg": "Anton YT", "UCsAB1BZi2S2bM3ZMyZyjIqg": "Alexander family", "UCmShG5YUJu82YoAGl0LsDSw": "AJ Garrett", "UCHn-TtnfvgkTxZFJs4g-AzQ": "Abdullah jallow", "UCWCCc5m6sUSJFBPnLWj-JoA": "ARABGAMER", "UC3crJbHyGUE6UAwwPuMDuig": "A Day With Tish", "UCYx6IU1RHrPtqRFozK6OYLQ": "Archon Tambalcaballero", "UCLC8wfQ5UshoxRyUSIRqYCw": "Always Stay Geeky", "UC_bVuSdv7kkXxYrkLGAPx-w": "Anders N\u00f8rregren", "UCU8dwGQDqbLxbB-IDdr8fZw": "Aarya Nage", "UCIYzdLMc62bWVMmN6k8IwCA": "Atlanta Braves Win The Pennant", "UCSImGdP8Ga3mr1hQao9GQpg": "Abigail Mia", "UCSr_MSB-bm8MpF7BfP69slA": "Adam Jensen", "UCwsbc0nE6A8GNGpRplWJjxw": "Andre Frauenknecht", "UCW6GvF5NHcCp5VjwtHRnncQ": "Amber Rezabek", "UCytMadUgM_bAkyG446vsVGw": "ApexRex", "UCCbI68UR6bwfly4f-ZsvsSw": "Angel", "UC2ah3xnKFo5OnD0fN2IwQqA": "Alan Mois\u00e9s", "UCeFKmJk_guTbks5v6diVJfA": "Ali", "UC98RdtmCjyPaYKuxbqYuMzQ": "Annica Asha", "UC6-l4p0Bab0i-9fOVGshf3A": "Andrew Hogue", "UCbj8mCPqoJVvqSqBZfAeKOw": "AfricanSon", "UCqku4vtIDtV4bidEfsvjmEg": "Adrian Ruiz", "UCCzSAxdUJaeqDkBeC6UGoHg": "Adam Jensen", "UCo1midxevzQvHdKz13_UIJg": "ApexBrachydios", "UCTHU8iUZQUtMnuCcDCSvNgg": "ApexGamerKev", "UCo8NEXgfg8BOVXKhWzAzzcw": "Andrew Fung", "UCrGcZPAqjyuJi2oAznl9t9Q": "Al Thaboss", "UCDouru4nmop8UfyJ3ja1ElQ": "Alejandro Garc\u00eda", "UCX1PbxHEbhLqX_2XFWXpFAQ": "Acts 2 Pentecostal", "UCrcu3v9Wemwb2nutcCrZIKA": "Aum Bhatt", "UCX9CE5ZhQzz2xQLRrwj7tKA": "Arcanine-Espeon", "UCM0a9wka_tWCtCCarOnfDMQ": "Allan", "UCnZ0oFk9wg4inPKqdbn1zWQ": "Angus Beef", "UCqrYRs8sjzykIsqQO_gBaow": "Alvin Terry", "UCLSUJsYcbPfnqAM8_QuIx-w": "A1FTW", "UC6VMq5hHon4A-ILKiik7i8A": "Alan Balram", "UC15W3HEfrlxVJqWwY7XeCqQ": "Austin Swadling", "UC4POul7NANWBOpXtSk5targ": "Andi A", "UCFnLuSRVwEf2Vg3k_vnsR6A": "Ashlynn Johnson", "UCljd12T5Q30-R6I1QJx-h4g": "Adikari nandy Adikari nandy", "UCvGIBhqkQD0NRbV0L8Dsrpw": "Ankur Parajuli", "UCcAsGK9c0tQQP4dLk7aXYsA": "Alana Laurent", "UCYWI3WNGLH2y7d9aGg2GxPA": "Austin Brunette", "UCagU0OPWN6-kuPTbOJ5pAEw": "Anthony W. Spears", "UC2WiQhm0bY2SZKyS0vVnu4A": "Alepfi5599", "UC7H_M1UH1H9ujHUy-BXrRaQ": "Adrian P.", "UC-2vseN0axnIHq8RxnjPd2A": "Aratrika Saha", "UC2-x5x-DTN2-ZODArKRe9cQ": "Ace 1999", "UCEVUtTGoXrkUX8oMVVqK5wg": "Austin Greene", "UCCjuOSFpTqzswdmj9a9bQMA": "Andrew Konopasek", "UCgnyKsvoVlwRR8C5n7i-Oqw": "Aleesya Maisarah", "UCNc4IDd-bh90z6w38tHfxbw": "Angelo Ramos", "UCllBQF32RPqdQkK4whitgfA": "Alena Crystal", "UC_UcrJglzpyXU8M1uyjwA-A": "Absolute Folly", "UCYOK3W9eefYlkN48FlzB4VA": "Asher Whitehead", "UC1waly4Fmg7r6SSKdt61kFg": "Alex Idarraga", "UCAbRgIsf-hhxpP7fmwKqqug": "AC CHAP4LIFE", "UCte1gL-i_Y5BgM8kwm9vnjQ": "Armando Cruz", "UCOX0RTRlFpjbTA286iEejrw": "Abdullah al parvez", "UCbwI0ssHsGhMBhfdpW7dEHw": "Alaenia Sharpe", "UCWeBxZ59wHtXX8uIEDF5uCA": "Alex Kelley", "UCTh3dJSKUKJ5ZFspGCfLbow": "Angel Sant.", "UCB9LiBHBgvXu1Qdi-GYTuhA": "Arnav Pandey", "UCUhA470aFoGjG6hBniiZdGQ": "Acustic Archer", "UCJNMiXbTP60bIA1lEKGhTLg": "Angela Broman", "UCXRp4App8Ogsn3HRXfR9rmQ": "Alka Dujodwala", "UCOOoDRWla4FT8arAVuRxyeg": "Art garfunkel Art", "UCBl3hHy_43vTjvDGGzNkO1w": "Alex Marc Govier", "UCN4Ay1vjVbfyYyAmJwhCX9Q": "Alesso", "UCBkA__oJS9rcNQC265C3SEQ": "Ashok Chakrapani", "UCn2yZXs6q352TE0hnmqNTWw": "Abby Roy", "UC9IGAbC5dvBRVu_YzLzQzMQ": "Amanda", "UC2pEJlZ5tmds5Yv2mIM-Nyw": "Arabinda Prusti", "UC5aWRyOUYYK5u09X2RJVAiA": "Ace Assassin", "UCIU4UeuyZqjsiDZ3kq-M8gg": "Avner Tishby", "UCNe2vRch4GfYHGjWegoZ51g": "Adri Lolo", "UCCDVx86ED-OCw8ZCAmPKMwg": "Albeen Ramirez", "UCUESf-x46_XFBfBSeegdhDw": "Amy Hutcheson", "UCdqHWCRC3d-bSzO9gEIAoCA": "Ana\u2019s dolls \ud83e\uddf8\ud83c\udf80", "UCfgKn2Ie7P3OtCiEHvyJ5cw": "Ava Elizabeth", "UCvg4HG5MieNOSaw07AnrSDg": "Ashton Vega", "UCBFia4yYCzFdXAypYKW6fUw": "Acmar2009", "UChBT12FaL8BkZm1JcpqX7tw": "Alex Bar\u010diak", "UCWI6OWVoi_OsRvOvk710vhw": "Aaditya Kekre", "UCkRWd0rL_E06Cwv4qIItWqw": "Anissyah Romi", "UC4vV926LTOcD6p4lLrsx-MQ": "Arcamaru", "UCoooWGg3Oe8d3JA8KjPtuxQ": "Alexiious", "UCyS90QYLKG53guY4u1nBrlQ": "Abdalizez Sadk", "UCRjLOQhgzcavRaMSmyRJh-A": "AJ", "UCMsOITnj4jZMW2N1m678JPw": "Austin Burgess", "UCmALUPQ-QWAd5fuy_ep9zzA": "Adventure Divers", "UCFnuYCdTF9M5unXbkamFwfA": "Alexxiexe", "UCp457MR8nYRmhu7z1TpaxKQ": "Algodcan1 Algodcan1", "UC4ynqFNdIzbzUmvWNmwri1Q": "Aadil Goyal", "UCKVIzm7PhnRppv4am2Smhgg": "Alexander Tha Great", "UCLtkuFDkOrh18RlfwN9lV0g": "Aidan Bowers", "UCG3NNN3J89xIPo4xoMMLCcQ": "Anthony DiPierro", "UCzQ8UF0akOCn1ZzZCy4Phcg": "A Smilling Chihuahua", "UCOwsye3M6AtzLYgHTCwfUDg": "Amirow Shirazi", "UCcRftTGTUWsAtC7twqf4juQ": "Aero 2.3_HOT", "UCa-xMqU5yig5BrbIGicGiBA": "Abhishek Saini", "UCufTxfowx0XSRvBsfYGuHKQ": "Andrew Carlson", "UCOk3hBLrjDJjaIc-sxYy5bA": "Andrew Kovalski", "UCcuS-Lx7bYFtIR4N_baiPtA": "Andrei Andreev", "UCzQu8XecJwWCnBF0GBqiMhQ": "Amy Ashleman", "UCCwQ3zkyMvSUbwULaLnn61Q": "Aydan D", "UCNKDU2nNetoeIsGstbB36QA": "Ai siti rubaiah", "UCmuRd6n2GcFHhdeL3fOb5zg": "Addison Scarlett", "UC41iR8471o6g8QN7dOcJ2gQ": "Alex: ArepasandSwering", "UC0JqwEvF7OKoitNAD-MyuQg": "Ali M.", "UCc7DBssBfMwEPcoVfD09xlw": "Allen Iverson", "UCLvKpppL99FTT_Uf0L9p7iw": "A & A", "UC8coE314-w2qYo4xS8EznXw": "Albert Zinger", "UCeUq75SwJx8h03TIuaYUqwQ": "Ahmed", "UC7P0KoKsWsQynuNEwRfzbNA": "Ariel Bradley", "UCAQBa9RJaVR1jn51sebQFJw": "Anro Masaglang", "UCaYHBSdKQi575jKZs-PHQHA": "Ash Ash", "UCofJhpvmiZz7EKLwdvqZIZQ": "Ausra Khan", "UCYRG0W_E96mV_ycLVePBiWg": "Abby Hikade", "UCe2vaYoPgHB4t5JHRVm9z7Q": "Ahza McKenzie Rabrusun", "UCONiqdtsuX3ZL7LJVmMasAw": "A", "UCVVPPJiNH7iHyzstw81jHcg": "Alex Berberich", "UC-lj1S1HjhII7Q_az5IMH0Q": "Asian GamerGurl", "UCxP9HuEay8q-M8_ck6SHoBg": "Arlene villanueva", "UC7eL1vscj1RuHqlMSZgE6OQ": "Alexandru F", "UCJDlQ-Fk_Vva2M0NMSyluyg": "A. K.", "UCcgRL-ZBkgkM0YxhPrqBVxQ": "All Cool Entertainment", "UCu8uIontjvBd7-TFB0u7DAQ": "Abby", "UCOgVvw79Wd8U7ZCAh5Y86DA": "Angela Gray", "UCMQf_JiC0mSt3IMX1Kai5sA": "Arslan Rakovi\u0107", "UC2v887jdIk6AB-vrxGt6E0w": "AtlaTechnology", "UC_cBSjKlXOyzldMcPDd0wYg": "Ace Pena", "UCi5UhQHL6LrpR-3Naqn-cJw": "Andreas", "UC3OWSGLQ5H0qMMCVingOLTA": "Alondra M.", "UC_U5YbfBXAxls4jpxwpyZZA": "Alex Burke", "UCDCCHJ-oxc0cbGG16ue-USA": "Ahmed Hafeez", "UCzwQ_N__j75U-Cp4JNA2YXQ": "Adeline Rethnaselvi", "UCa5k1vcgg-jRTQml3lmyr6w": "Arison Arison", "UCU8H5U0yjENnhKX2uoUTABA": "Alen Zecevic", "UCT_v5QNVvexx1nkv80nRuYQ": "Avril Ragil", "UCkYMKTv2OFbnQS40HBzUCrA": "Ana M", "UCURSg2h9I_vEEomW2m7DfWw": "Antonio Pacelli", "UCez-Q8odXyuBFpUzGKp1Nug": "ASIAH TV", "UCoPXArFq6nQLJ4nqgH8IqRA": "Alexander Luttke", "UCrx2-i7XLrP5XGcFpsd08Gw": "Aidan Matthew Galea", "UCcw0f3ivvs5ZbE3kwh4E1YA": "Aleksandra Wilk", "UCgm3PB162f_bhmIZ7kvvusQ": "Ali Gmal", "UCA9v5sMC1G-JsH5en9ozf8w": "Argo Roodla", "UCuuTWaQAQM01QhtEz0v3phg": "Andrea B", "UCL-zHs4i1c1lnddkW-rL76A": "Axolotlzzzz", "UCvJeub3lF8OAJ2yqrP7SbQw": "Aileen Osorio", "UClobufcPLitN2DmyC5G9-nQ": "Anabella Del Giudice", "UCH0Pd4ldwyRnp4MGBeqq-8A": "April Lian Rendon", "UC24RLB9HEk6aygRg0yD51Pw": "Alexios Blake", "UCP859zdsFxdUwbS38icWNvQ": "Amanda Garcia", "UCr4DeFlDFM0FKR17BzQfwSw": "A guy named Kirby", "UCCQUkdegcV_1iHc6Oq1RB_w": "A. M.", "UCdRKyyBPuq7zGArWcFYnPZA": "Alex Vara de Rey", "UCN_CZ_fvPJozlulZTtTkUvg": "ALH", "UChQ3bcO0Qi7dVU5uvRpZ_EQ": "Aryan Yama", "UCf0jk00YlIpgr8n3vL_Eh-Q": "Anushka Sehgal", "UCe8fyF0XE6vuR_BcrNg4zAQ": "Another Shadow", "UCEToGs60Jo9hR5WAJzfQz2A": "Art of unc gaming", "UCPxEJSkGvwSYhwDSt7kKfqg": "Augustito Solari", "UCEMLJvvuygIfWZVLNW_BQlg": "Aar T", "UCnrlHRbjokBhj_OXOtsDOBg": "Akuliy", "UC90MkyMx_J9Qx6QJ65q1jaQ": "AvaEllaPlayz", "UCqBaqFwYBosG236cQzJVjzg": "Amanda Burns", "UCyH5aBMXDyrnCKTnfeabuyg": "AlexanderMichelson", "UCIFKhzqdnRlJPN-V-LtOmzg": "Anthony McLaren", "UCe2u7l8hxp1R4REZXUSNgLQ": "Agha Noor", "UCQU0TiChzT-4RZ-EO3Gnh6w": "Aurelien basquaise", "UCN0p5l0tm4rJgIiVnI1-sNQ": "Adalyn A", "UC5EFxpuGkh7GPoaR9gLF6sA": "Alex Kap.", "UCa-M4NKt2matWHJWE4fwYIA": "Ainash", "UC4r6xmOmLdS_WvL5Uxqb5ag": "Alli Claire", "UCio9848RSTy25NOSFL5GLsw": "Alex", "UCffzOjtRWluRuMDkfoFPlcw": "ABS", "UCC4HOECcXcJ6cnnYYrlJwGA": "Amy Anawski", "UCssFySiUbiVAgjjvjmF5x3g": "A Better Life 4 You ", "UCWWx-kLKG9YMotJ4sVad4mQ": "Annmarie Dawkins", "UCaut1uZspA7dfUSDfLTFaWA": "Abdur Rehman", "UCEQGu2oTYAQ7UPJPb5Uz5uw": "Addison Victoria", "UC0gM_jHzEpjZZ8_ExI4_FUA": "Anna Christensen", "UCKnS0KL3vlT0sva8T2Kfkqw": "Alban Selimaj", "UCnbEkPn2jk6lQy0G-3jp-uQ": "Ajan Kan", "UCABb-HsCYh5boy98ab8pw_A": "Abigail Ella", "UCarw-Q5CmHAwkyHIjXO1GQw": "An Alien Life", "UCOVbKK9nHO-Lvw5VK4qbCqw": "Ana\u2019s Life !", "UC_KG-xS8CiKm79DQ9sVophg": "Aaron Klein", "UCe229wEqSWXnHxNDWOAyEmQ": "AbObYsBoBa", "UC-_-4D1S9c7k3TnMCA_IYVw": "Althea Gretchen Anne", "UCvzQOLr0qnMr49My3pTJ-Ag": "AvE", "UChrpV0DETYsaYkjNEx7S63w": "Acacia Wood Plank", "UCOg7e3P6-E0Ln1nU-b-2PWQ": "Andrew Kurcinka", "UCFkkS8_P11vfhi1uZ-sSYbg": "Alex Gonzalez", "UCCZcLVzt8DWSL_WOvz-ZBow": "Akii", "UClwWbQlN7HzWbAsSbyOxl1w": "Armando Rodriguez Macchi", "UCFYPhcp0dE1JXb7-xz4HswQ": "Angelia Rodgers", "UCQw_wov6XdmcIoXA7VkUvJg": "Anothers Treasure", "UCSeqLSC06aKWPdehYTRQI_Q": "Andres_cc", "UCME34-JtCtnsqbyz3uHxkLA": "Amy D", "UCihfCS469mEJhlNcbLLva8A": "Alex Sch\u00fccke", "UC28z2QZCDcBSVF46TC8RwLg": "Aorora fake", "UCM6zGLgzvK2PH_pJYDHOXCg": "Abdiel", "UCv10cFs1_gXW6EA5d1VSkXA": "Amir Selmani", "UCnGw_p2EQYe4IoegtD36-vw": "Aleuki Games", "UCjy1p9bzOP3Cd6asHloq-SQ": "Ally xo", "UCBbJaFLy0sBZttgkVw-hv8w": "Antonio Alcala", "UC9bGlG_SETxuBPuThnPImhQ": "Allegrea Johnson", "UCBqVQo4VKjAs93jC5ubRncg": "Aysouda", "UCD5NWnvqUQbT5ZlSqslLGSg": "Adam Smith", "UCBjBbTaEYmWQbVKXZrXq2PQ": "Andrew Seiler", "UCsEMptXEtDPExC_r4JrsQkg": "Alone Boy", "UCVPk133sMULyrNhVFdH7q0A": "August_412", "UCQNIFp3190Q3kYgJBSRHuWw": "Awful Player", "UCnkitSEwSh-Dn28aCa0GFQw": "Adelfu Mirelle", "UCObewSnl4463Br-y3tIhcfg": "Angela Russell", "UCx3pb1TxoMGYp3HGjDlCfkg": "Art_girl1111", "UCNG-iF6GXZ80sH1Tn4kuLkQ": "Arturo Banuelos", "UCCveViQH22a409bW5ZupPkw": "Amanda Holliday", "UCQ8A2IutogSkkC-NSLFaXAA": "An\u00edbal Carrillo", "UCO8otuqlRT7wwpAgshC6tyg": "Asim Bashir", "UCQxLcLSDisknsGQSefm0qlw": "Arctik", "UCuiya_uzQgBJ6MSKXr6zbAA": "ALEXANDER Moua", "UCbZDzATanGBiu_UKa70KZWw": "Andrew B", "UC-DElQTpiQWvbDd8A8vFdAw": "Aleksy Ojeda", "UC5iLqCLutUTX866Od3v48iQ": "Adnan Adamji", "UCGzUnzohIzsg-IwQ_vpOv1g": "Aleksejs Solovjovs", "UCePjhsb2B5jomkkMYLIlLJA": "Am Pro Goose", "UCvd3WkKJVN_oacU0dkkbMhA": "Anthony Ortiz", "UC9shFAW1wRPsSOf-lpg9EFg": "Al Page", "UCQ3tesWq3ZvXgSKXreUSQIA": "Andi", "UCaJEoVl4L9fh3vLnf6G4BKA": "Ayaka's Lions", "UC-kOprvLNfA9dz05eHh7stw": "Aydin Johansson", "UCBa0nupYxFHec32f3LxijJg": "Asrea The Owl", "UCOOwprYhUlL6fL2rXhvo8RA": "Arun S P", "UCDGAbreYiFIlPEDEXluAOJw": "A.S Bundu", "UCOeSssXBrdG1violflVZ6Pw": "Aaron Constantly", "UC1eEy4NQAmElONqbT4TJeTg": "Akarim Ekarim Crazy Twins", "UCcwhPbw5dZPdDae9Y5Y7KjQ": "Akeem Soumare", "UCGaTQeQaeDuYuK_zssAXahA": "Alexander Smith", "UCLeV8M3NKa4mg6FH8USFhbw": "At Mosphere", "UCoPo-NeiuShPNuyaJ9WI8Vg": "Abdurahman Dihya tapi yg kedua", "UCMv8O20wFo9p5GAG0hNjcgA": "About Noise", "UCP0L8x-7hIpLX_r8OvRgi0Q": "Ashley Brown", "UCBDy9xacRKz7J3_brm8Of4A": "ARNOLD PAMA", "UCFWlAA2CLcl4wUiz-QnG06w": "Anna Bennett", "UCZBwz5QWMQTS4SRYGTors-Q": "Aryan Venkata", "UCoLJ13NNaq4cg9ULVu_RD7Q": "Alexio Velasco", "UCrx-ghUpgLAHb63EjnK-Lag": "Avery Amelia", "UCvs-7qDQLNul1zqPdRYSQaw": "Aina e7oMohd Noor", "UCgbgb6acEAJyRTEI-Y7xvVw": "Ashton Wingate", "UC75hwRyzV9vFlhWXogiJP8g": "AP Beauregard Horse", "UCsQXlyEMvC-IFKYCWNpRAaw": "Affiq Daniel", "UCCReyKausHERsgJA7knN_lw": "AntiVector", "UCDY_cJU76wvxiAOLQKsknmw": "Angelina Mazenko", "UCrGOzb4kRzJe9QUfamZtVhA": "Ammie Allen", "UCujdIp0C9lnkLQMamJdBqfQ": "Athanasios Mantzidis", "UCVi4r8gmdOK1Wzrj0PPde3g": "April Rohr", "UC-83KFrsmi484roAPi1XDqA": "AJ Shenanigans", "UCkIysAydXHb1X15zU54MKTA": "Alec Sneddon", "UC8jZcnVe5cg2lemviiDsUkA": "Ai Uehara", "UCgoXJkk-ounUqus3K131vSA": "Angela Paige", "UCauk-qe5mCc7tj5cQoROfJQ": "AntiLordHavoc", "UCZZtpsRkDwU57IbKdi8XFQQ": "Alec S", "UCiBJA9kloOEZqKTvPojGilQ": "Arya Aprillianz Delphi", "UCdGF034zGNS4M9TeLBN8N-A": "Aubrey", "UCbsRCpMoa_RRQ3pEgeYFGGg": "Ally Lou", "UCtLbWkfDQY2oQCDHxnUR3vQ": "A person Who\u2019s derpy", "UCQUTvQi7s_YB3DPE8-k87QQ": "A Person", "UCuNZ6rlc4pO6FACTBGZroTQ": "Azfir the cool", "UCp378MQlmeD26K40QmairvA": "Alder", "UC3z66hpE-jMRshuLV6RL-1Q": "AJ", "UCiXOW1sGeGBRoaJXRib6kLQ": "Andrew Dias", "UCsu6KWcH3KoeZbRDhU0_OdQ": "Analiz B", "UC-2qAyE8MbPjseIpAOqtS8w": "Andy T", "UCshYzNETI2qdUlJXjwGv1lg": "Abdul Khan", "UCpUA-5yvb5sZYYBfwrMmp5Q": "Aran Kasih", "UCDizE5NYNBrcT9cOsiucpWw": "Alastor Charlastor Family", "UCu_OY6E7IC_LOT2owgK8RUQ": "Andrew Allen", "UCHCx8ATWXuqJM8RBiF8vYuA": "Angel Nathan", "UC0NY6gGsAqFh2HS4_l2Wshw": "Animesh Singh", "UC4GmjgfT1rSqJ2kHP3F8F4Q": "ApollxHyper", "UC8VWraCT2BQNc2Jf7RX3Ptw": "Anti Aleks", "UCnnRimNgFQPG0-vBHHH_fJw": "AB1186", "UCf73RVyQ6NUxGtBiuPyJMzQ": "Angela Imai", "UCUK66QMby0wDbejFJTiAxvQ": "Ari", "UC_q1M2q67_wUiw1-aJGLxAQ": "Andy Cruz ATX", "UCRDiCrnknavkS2fojt0XTWA": "Anna Sousa", "UCfQT1cXxAj6_KBYMGzbPrSg": "Andrew Miller", "UCPS9kWrhfKfLl5WpSaQ4bPA": "AntiEmily Squad", "UCbxsLzgyG3vFNTj3m4VEK9g": "Antoine Rivas", "UCM8DXySptg6qY3Lloy8l1LA": "Anthony Avila", "UCRWJbwuGR5fQs-SEvLtWD7A": "Abi", "UCQ1ztp0iJG58LqQXTB6ua3Q": "Alan Kulwicki", "UCSlCe2CnlOJJz8aNTqy9mhg": "ATHIX_DRACO", "UCRWQyDqvyxAIvtympK9PEVg": "Aerial", "UC12aEJS7pQ-cNmyaEpDWS0w": "Ahmad Jan", "UCPYcnhQGOpMIQ1pcPIjmqfA": "AndersonWave_1K"}